{
    "tweet_id": "1392467674848919552",
    "tweet": "Proud Hindus taking shit to a whole new level!  https://t.co/sbPz8YtXyC",
    "comments": [
        {
            "tweet_id": "1392468146657759236",
            "tweet": "@Profdilipmandal This is bringing the shame to country."
        },
        {
            "tweet_id": "1392468269815132160",
            "tweet": "@Profdilipmandal And proud mulla's dog are tweeting about it \ud83d\ude2d\ud83d\ude2d\ud83d\ude2d\ud83d\ude2d\ud83d\ude2d\ud83d\ude2d"
        },
        {
            "tweet_id": "1392469075528278020",
            "tweet": "@Profdilipmandal \u0905\u092c \u092a\u094d\u0930\u0936\u094d\u0928 \u092f\u0947 \u092d\u0940 \u092c\u0928\u0924\u093e \u0939\u0948, \u092e\u093e\u0928 \u0932\u093f\u092f\u093e \u091c\u093e\u090f \u0915\u093f \u0917\u094b\u092c\u0930 \u092d\u0915\u094d\u0924 \u0905\u092e\u0947\u0930\u093f\u0915\u093e \u092e\u0947\u0902 \u092c\u0948\u0917 \u092d\u0930 \u092d\u0930\u0915\u0947 \u0917\u094b\u092c\u0930 \u0915\u0947 \u0909\u092a\u0932\u0947 \u0928\u0939\u0940\u0902 \u0932\u0947 \u091c\u093e \u0938\u0915\u0924\u0947! \n\u092e\u0917\u0930 \u092d\u0915\u094d\u0924\u094b\u0902 \u0915\u0947 \u0926\u093f\u092e\u093e\u0917 \u092e\u0947\u0902 \u091c\u094b \u0917\u094b\u092c\u0930 \u092d\u0930 \u091a\u0941\u0915\u093e \u0939\u0948 \u0909\u0938\u0915\u093e \u0915\u094d\u092f\u093e ?? \u0935\u094b \u0924\u094b \u0938\u093e\u0925 \u091c\u093e\u092f\u0947\u0917\u093e\ud83e\udd14"
        },
        {
            "tweet_id": "1392469480811286529",
            "tweet": "@Profdilipmandal Dilip Mandal is atleast twice my age and I'm not even half as cool as him \ud83d\ude02\ud83d\ude01"
        },
        {
            "tweet_id": "1392469716627722241",
            "tweet": "@Profdilipmandal \u0917\u094c\u092e\u093e \u0915\u0940 \u091c\u0948 \u092d\u093e\u092e\u093e \u0915\u0940 \u091c\u0948"
        },
        {
            "tweet_id": "1392470021473853447",
            "tweet": "@Profdilipmandal Google , Microsoft , apple, Delloite,Dell, \u092e\u0947\u0902 \u0915\u092c \u0906\u0930\u0915\u094d\u0937\u0923 \u0926\u093f\u0932\u093e \u0930\u0939\u0947 \u0939\u0948\u0902 \u0906\u092a \u092c\u0939\u0941\u091c\u0928 \u0915\u094b \u092f\u093e \u092c\u0938 \u091f\u094d\u0935\u0940\u091f \u0915\u0930\u0928\u0947 \u0915\u093e \u0915\u0941\u091b \u0939\u094b \u091c\u093e\u0924\u093e \u0939\u0948\u0964 \u0906\u092a\u0915\u094b \u0915\u0938\u092e \u0939\u0948 \u092c\u093e\u092c\u093e \u0938\u093e\u0939\u092c \u0915\u0940 \u0905\u0917\u0930 \u0905\u092a\u0928\u0947 \u0910\u0938\u093e \u0928\u0939\u0940 \u0915\u093f\u092f\u093e \u0924\u094b \u0906\u092a\u0915\u094b \u0906\u0924\u094d\u092e\u0926\u093e\u0939 \u0915\u0930\u0928\u093e \u0939\u094b\u0917\u093e \u092c\u0939\u0941\u091c\u0928 \u0938\u092e\u093e\u091c \u0915\u0947 \u0932\u093f\u090f, \u0928\u0939\u0940\u0902 \u0924\u094b \u0939\u092e \u092e\u093e\u0928\u0947\u0902\u0917\u0947 \u0915\u0940 \u0906\u092a  \u091a\u093e\u091f\u0941\u0915\u093e\u0930 \u0939\u0948\u0902\u0964\u0964\ud83e\udd74\ud83e\udd74"
        },
        {
            "tweet_id": "1392470862532542476",
            "tweet": "@Profdilipmandal They are probably taking dung cakes to NASA for analysis and further innovation \ud83d\ude2c\ud83d\ude02"
        },
        {
            "tweet_id": "1392471463802941440",
            "tweet": "@Profdilipmandal Indian teens must watch more and more Hollywood movies. \n\nEnglish must be made compulsory in schools."
        },
        {
            "tweet_id": "1392471903097409539",
            "tweet": "@Profdilipmandal Gobar bhakt kahi bhi chale jaaye.. Gobar hi rahege.."
        },
        {
            "tweet_id": "1392472016070975492",
            "tweet": "@Profdilipmandal Koi seema nahi hai.. Andhepan ki.."
        },
        {
            "tweet_id": "1392485529728421891",
            "tweet": "@Profdilipmandal \ud83d\ude06\ud83d\ude06\ud83d\ude06 https://t.co/SrFFuEenGU"
        },
        {
            "tweet_id": "1392492276316659712",
            "tweet": "@Profdilipmandal At 14000 feet?"
        },
        {
            "tweet_id": "1392497577443172358",
            "tweet": "@Profdilipmandal Good"
        },
        {
            "tweet_id": "1392499055083675652",
            "tweet": "@Profdilipmandal Bar of stupidity is getting higher and heigher , everyday records of whole new shit levels is being made and broken by proud hindus ... \ud83e\udd23\ud83e\udd23\ud83e\udd23\ud83e\udd23 very tough competition"
        },
        {
            "tweet_id": "1392516780246007813",
            "tweet": "@Profdilipmandal \ud83d\ude02\ud83d\ude02"
        },
        {
            "tweet_id": "1392536478304161801",
            "tweet": "@Profdilipmandal Caption \ud83d\ude02\ud83d\ude02"
        },
        {
            "tweet_id": "1392658017955377152",
            "tweet": "@Profdilipmandal Dilip then US customs also going to stop u."
        },
        {
            "tweet_id": "1392470053765926912",
            "tweet": "@Profdilipmandal Aur be tatti Bandal...\ud83d\ude02\ud83d\ude02"
        },
        {
            "tweet_id": "1392475843302072320",
            "tweet": "@Profdilipmandal Tera baap ka kya jaata ha"
        },
        {
            "tweet_id": "1392477548773138432",
            "tweet": "@Profdilipmandal Is bhimte bandal ka ghar hi brahmano ke kaaran chal raha h ....\ud83d\ude02\ud83d\ude02\ud83d\ude02"
        },
        {
            "tweet_id": "1392497555070615555",
            "tweet": "@Profdilipmandal It is sacred for Hindus. If you don't believe its your choice. There are so many rituals in every religion based on faith. Do you have courage to criticize genital mutilation &amp; nikah halala of Muslim or a christian drinking blood of dead Jesus&amp; eating body of dead jesus as holy"
        },
        {
            "tweet_id": "1392503849781366794",
            "tweet": "@Profdilipmandal \u092e\u0902\u0921\u0932 \u0926\u093e\u0930\u0942 \u0938\u093f\u0917\u0930\u0947\u091f \u0917\u0941\u091f\u0916\u093e \u0915\u094b \u0924\u094d\u092f\u093e\u0917 \u0915\u0930 \u0917\u093e\u092f \u0915\u093e \u092e\u0942\u0924\u094d\u0930 \u092a\u093e\u0928 \u0915\u0930\u094b \u0905\u091a\u094d\u091b\u093e \u0930\u0939\u0947\u0917\u093e\u0964 \u0905\u092e\u0947\u091c\u093c\u0928 \u092a\u0930 \u0911\u0928\u0932\u093e\u0907\u0928 \u0911\u0930\u094d\u0921\u0930 \u0915\u0930 \u0938\u0915\u0924\u0947 \u0939\u094b\u0964"
        },
        {
            "tweet_id": "1392526471428595714",
            "tweet": "@Profdilipmandal Mr. Prof ji, plz open ur eyes closed in hatred for Hindhus,Hindhus uses Cow dung cake in hawan and Yagnas along with Cow ghee.Dimag mein Ooont ka gobar hai kya ?\nhttps://t.co/uCR6H7HD9H"
        },
        {
            "tweet_id": "1392537416787849217",
            "tweet": "@Profdilipmandal 1. If a person cleans shit and garbage in manholes or in roads he become dalit or impure or untouchable, and a person who cleans his body from cow shit become brahmin or pure or so-called upper caste.@Profdilipmandal",
            "replies": [
                {
                    "tweet_id": "1392537630454149122",
                    "tweet": "@Profdilipmandal 2. In the end shit or garbage is shit or garbage. Hypocrisy at its best. @Profdilipmandal"
                }
            ]
        },
        {
            "tweet_id": "1392561355702489088",
            "tweet": "@Profdilipmandal Gadhe ke bache gaye ka gobar kyu le ja rhe\ud83e\udd14"
        },
        {
            "tweet_id": "1392687489626767365",
            "tweet": "@Profdilipmandal Such offensive tweets from a professor! Your tweets and posts seem to spread hate/discrimination towards people of Brahmin caste. Does discrimination the other way okay?",
            "replies": [
                {
                    "tweet_id": "1392689721906630662",
                    "tweet": "@Profdilipmandal #dilipmandal"
                }
            ]
        },
        {
            "tweet_id": "1392495624952578054",
            "tweet": "@Profdilipmandal If anyone arriving from India is caught carrying cow dung make him eat the dung cakes @USCustomsandBo1"
        },
        {
            "tweet_id": "1392482568461762560",
            "tweet": "@Profdilipmandal RSS (Rashtriya Sevak Sangh) criminals are working on to save image of @narendramodi rather to save Indian citizen's life.RSS knows very well if @narendramodi goes they will be also collapse at the same time.This is very high time for an Indian people to wake up and start protest."
        }
    ]
}