{
    "tweet_id": "1390863059334406149",
    "tweet": "Notice how Republicans have gone from \"The virus is a hoax\" to \"China created it on purpose\".\n\nSo why the fuck are you still refusing to wear a mask and get vaccinated?\n\n#Wuh",
    "comments": [
        {
            "tweet_id": "1390863758927486979",
            "tweet": "@David_Leavitt Ask tucker"
        },
        {
            "tweet_id": "1390864197014142978",
            "tweet": "@David_Leavitt heh, Reuters posted an article yesterday containing mostly cumulative numbers from around the world, and they were all up in the comments obsessed that Reuters should call it the China virus. A fucking year later."
        },
        {
            "tweet_id": "1390868005018558466",
            "tweet": "@David_Leavitt Attack any essential Target employees lately?"
        },
        {
            "tweet_id": "1390869999707951109",
            "tweet": "@David_Leavitt Notice how David Leavitt is an idiot. Trump called the politicization the New Democrat Hoax. Fact Checkers verified that.\n No one but Democrats called it a hoax.\nhttps://t.co/p1XqJprWZk"
        },
        {
            "tweet_id": "1390871242648039428",
            "tweet": "@David_Leavitt Because it won\u2019t hurt me and I likely already had.\n\nNatural antibodies are wonderful.\n\nNow why is it so hard for you to admit that this was released in Wuhan?"
        },
        {
            "tweet_id": "1390872154024124417",
            "tweet": "@David_Leavitt Because we've been saying it was man made gain of function virus for more than a year and have the proof."
        },
        {
            "tweet_id": "1390872446350372864",
            "tweet": "@David_Leavitt The reaction to the virus was a hoax."
        }
    ]
}