{
    "tweet_id": "1391715849979924484",
    "tweet": "@moonstar4u You have ugly mind and Botox and kilos of foundation and makeup will not hide your inherent ugliness and grotesqueness. Caste is your bone. How can you be such an obtuse. #ArrestMunmunDu",
    "comments": [
        {
            "tweet_id": "1391730788421439496",
            "tweet": "@SpyRm007 @Profdilipmandal @moonstar4u \u0924\u0941\u092e\u094d\u0939\u0947\u0902 \u0917\u093e\u0932\u0940 \u0926\u0947\u0915\u0930 \u0915\u094b\u0908 \u092e\u093e\u092b\u0940 \u092e\u093e\u0902\u0917 \u0932\u0947 \u0924\u094b \u0915\u0948\u0938\u093e \u0932\u0917\u0947\u0917\u093e \u0924\u0941\u092e\u094d\u0939\u0947\u0902?",
            "replies": [
                {
                    "tweet_id": "1391770989566906368",
                    "tweet": "@Ravinderr783 @SpyRm007 @Profdilipmandal @moonstar4u Roz \ud83d\udc37 ki aul@@d @Profdilipmandal Brahmins ko aur dusron ko g@@li deta hai tab tum sab kya gutt\u20ac\u00ae ki \ud83d\udca9 chaat r@h\u20ac hote ho B K L'on \ud83d\ude0c"
                }
            ]
        },
        {
            "tweet_id": "1391718689020387332",
            "tweet": "@Profdilipmandal @moonstar4u #ArrestMunmunDutta\n#ArrestMunmunDutta\n#ArrestMunmunDutta",
            "replies": [
                {
                    "tweet_id": "1391950017485631490",
                    "tweet": "@RadheTribal_ @Profdilipmandal @moonstar4u Haan Betikhod.. aise tweet karne se ho jayegi na woh arrest.. itna hi dimaag hai tum logo me..??"
                }
            ]
        },
        {
            "tweet_id": "1391720425093169153",
            "tweet": "@Profdilipmandal @moonstar4u No apologise,she must be booked under atrocities act\n#ArrestMunmunDutta"
        },
        {
            "tweet_id": "1391721333155794945",
            "tweet": "@Profdilipmandal @moonstar4u Bhangi/balmiki community is present mainly in north and south India. It's not present in east and north east. So might be it was unknwn to her. \ud83e\udd14 https://t.co/zoBojHbLox",
            "replies": [
                {
                    "tweet_id": "1391725944226807810",
                    "tweet": "@Asmita07855907 @Profdilipmandal @moonstar4u She used it in perfect context, stupid excuse, she didn\u2019t know the meaning, How tf you use word in correct context and don\u2019t know it\u2019s a derogatory remark."
                }
            ]
        },
        {
            "tweet_id": "1391721664786755592",
            "tweet": "@Profdilipmandal @moonstar4u Aa gya rone ke liye",
            "replies": [
                {
                    "tweet_id": "1391971215573544964",
                    "tweet": "@Bharat_Culture @Profdilipmandal @moonstar4u Ye kevl vhi rota h jha pe iska agenda kam krta h...."
                }
            ]
        },
        {
            "tweet_id": "1391723474763218949",
            "tweet": "@Profdilipmandal @moonstar4u And what if she hasn't been aware if it. You fuckin body shaming her now.",
            "replies": [
                {
                    "tweet_id": "1391728906919575552",
                    "tweet": "@Killer22Atish @Profdilipmandal @moonstar4u Exactly\n\nSab ko sab languages k word nahi pata hote yaar\n\nUnhone publically sorry bhi bola\n\nKya @Profdilipmandal , aap k sanskar \"maafi\" dena nahi sikhate?"
                },
                {
                    "tweet_id": "1391827315781357571",
                    "tweet": "@Killer22Atish @Profdilipmandal @moonstar4u If she used women card like this sc st card.. Women card will beat them \nAfter all both cards on table \ud83e\udd23\ud83e\udd23"
                },
                {
                    "tweet_id": "1392313904370356224",
                    "tweet": "@Killer22Atish @Profdilipmandal @moonstar4u Jaisi Soch Waisi Vaani. These are the real problem creators of our society. Intellectual baat Nahi Kar sakte toh chalo body shame Karke Kuch c*utiyo k likes le leta hu"
                }
            ]
        },
        {
            "tweet_id": "1391724970934296580",
            "tweet": "@Profdilipmandal @moonstar4u Aise toh bengalis ko bangali bola jata hai. which is a caste. So arrest karwa De sc/st me?! Just bcoz ppl dont knw it. https://t.co/dBC3oJyVhD",
            "replies": [
                {
                    "tweet_id": "1391730442823376899",
                    "tweet": "@Asmita07855907 Exactly now she apologizedand realized that she did mistake even though these people just can't get over this\n\n Seems like people are spending their lockdown in this stuffs."
                },
                {
                    "tweet_id": "1391840809918472197",
                    "tweet": "@Asmita07855907 @Profdilipmandal @moonstar4u Bhai gadho ka koi ilaaz nhi hai \ud83d\ude02"
                },
                {
                    "tweet_id": "1394859837624750084",
                    "tweet": "@Asmita07855907 @Profdilipmandal @moonstar4u Well said"
                }
            ]
        },
        {
            "tweet_id": "1391749152871096322",
            "tweet": "@Profdilipmandal @moonstar4u Mana uski galti thi, Maafi maang li na usne. Galti insan se he hoti hai  Aur wo bol rhi ki sbki respect krti hai. Is ko itna kya hype krna. Sbko apna dil bda krna hoga",
            "replies": [
                {
                    "tweet_id": "1391813749317636097",
                    "tweet": "@HashtagAbhijeet @Profdilipmandal @moonstar4u Haa na ussne sorry bhi bola Modi ne sorry nai bola \ud83d\ude02"
                }
            ]
        },
        {
            "tweet_id": "1391752342840569856",
            "tweet": "@Profdilipmandal @Siddharth0895 @moonstar4u \u0936\u093e\u0902\u0924 \u0939\u094b \u091c\u093e\u0913 \u092e\u0902\u0921\u0932 \u0938\u093e\u092c.... \"\u092d\u0902\u0917\u0940\" \u0936\u092c\u094d\u0926  \u0915\u094b\u0908 \u0917\u093e\u0932\u0940 \u0939\u0948 \u0915\u094d\u092f\u093e?? \u092f\u0947 \u0936\u092c\u094d\u0926 \u0915\u093f\u0938\u0928\u0947 \u092c\u0928\u093e\u092f\u093e \u092f\u0947 \u091c\u093e\u0924\u093f \u0915\u093f\u0938\u0928\u0947 \u092c\u0928\u093e\u0908? \u0938\u0941\u0927\u093e\u0930\u0928\u093e \u0939\u0948 \u0924\u094b \u0909\u0928\u0915\u0940 \u0926\u0936\u093e \u0938\u0941\u0927\u093e\u0930\u0928\u0947 \u0915\u093e \u092a\u094d\u0930\u092f\u093e\u0938 \u0915\u0930\u0947\u0902 \u0926\u0942\u0938\u0930\u094b\u0902 \u0915\u094b \u091c\u0947\u0932 \u092d\u0947\u091c\u0928\u0947 \u0938\u0947 \u0909\u0928\u0915\u0940 \u0926\u0936\u093e \u0914\u0930 \u0915\u093e\u0930\u094d\u092f \u0938\u0941\u0927\u0930\u0947 \u0924\u094b \u0906\u092a\u0915\u093e \u0938\u094d\u0935\u093e\u0917\u0924 \u0939\u0948 \ud83d\ude4f",
            "replies": [
                {
                    "tweet_id": "1391760104416890882",
                    "tweet": "@ScholarBHU @Profdilipmandal @Siddharth0895 @moonstar4u Baat Yaha Intention ki Hain Unhone Bhangi Shabdh Ka Istemaal Ganda Dikhane K Liye Kiya hain"
                }
            ]
        },
        {
            "tweet_id": "1391753131302604801",
            "tweet": "@Profdilipmandal @moonstar4u \u092f\u0947 \u092d\u0902\u0917\u0940 \u0915\u0940 \u0924\u0930\u0939 \u0928\u0939\u0940\u0902 \u0926\u093f\u0916\u0928\u093e \u091a\u093e\u0939\u0924\u0940 \u0932\u0947\u0915\u093f\u0928 \u091c\u093e\u0924\u093f\u0935\u093e\u0926\u093f\u092f\u094b\u0902 \u0915\u0940 \u0924\u0930\u0939 \u0926\u093f\u0916\u0928\u093e \u091a\u093e\u0939\u0924\u0940 \u0939\u0948...\n\n\u0907\u0938 \u091c\u093e\u0924\u093f\u0935\u093e\u0926\u0940 \u0932\u0921\u093c\u0915\u0940 \u092a\u0930 \u0915\u0921\u093c\u0940 \u0938\u0947 \u0915\u0921\u093c\u0940 \u0915\u093e\u0928\u0942\u0928\u0940 \u0915\u093e\u0930\u094d\u092f\u0935\u093e\u0939\u0940 \u0939\u094b\u0928\u0940 \u091a\u093e\u0939\u093f\u090f....\n\n\u0907\u0938\u0947 \u092d\u0902\u0917\u0940 \u0928\u0939\u0940\u0902 \u0926\u093f\u0916\u0928\u093e \u0932\u0947\u0915\u093f\u0928 \u091c\u093e\u0924\u093f\u0935\u093e\u0926\u0940 \u0926\u093f\u0916\u0928\u093e \u0939\u0948 \ud83d\ude21\n\n#ArrestMunmunDutta\n#ArrestMunmunDutta\n#ArrestMunmunDutta\n\n@moonstar4u\n@dcp_southwest"
        },
        {
            "tweet_id": "1391771416383553538",
            "tweet": "@Profdilipmandal @moonstar4u Dilip, the hatred is uncalled for. Have you considered she may have genuinely not known the meaning of the word?\n\nI for one did not not till Salman Khan courted controversy for using it. Ill-informed yes, intentionally hurtful, maybe not. No?",
            "replies": [
                {
                    "tweet_id": "1391838228030713857",
                    "tweet": "@NoyonSENSE @Profdilipmandal @moonstar4u not knowing a law is not an excuse"
                }
            ]
        },
        {
            "tweet_id": "1391772636825325572",
            "tweet": "@Profdilipmandal @moonstar4u \u0907\u0938 \u0906\u0926\u092e\u0940 \u0915\u0947 \u0917\u0941\u0930\u094d\u0926\u0947 \u0939\u092e\u0947\u0936\u093e \u091b\u093f\u0932\u0947 \u0930\u0939\u0924\u0947 \u0939\u0948"
        },
        {
            "tweet_id": "1391779322944397316",
            "tweet": "@Profdilipmandal @moonstar4u She apologized what else do you want?"
        },
        {
            "tweet_id": "1391783102679175172",
            "tweet": "@Profdilipmandal @moonstar4u \u0906\u092a\u0915\u0940 \u092d\u093e\u0937\u093e \u0914\u0930 \u0938\u094b\u091a \u0915\u0939\u0940\u0902 \u091c\u094d\u092f\u093e\u0926\u093e \u0917\u0902\u0926\u0940 \u0939\u0948\u0964"
        },
        {
            "tweet_id": "1391784607117422597",
            "tweet": "@Profdilipmandal @moonstar4u \u091c\u092c \u092c\u0902\u0917\u093e\u0932 \u092e\u0947\u0902 \u090f\u0938\u0938\u0940 \u0915\u094b \u092e\u093e\u0930\u093e \u091c\u093e \u0930\u0939\u093e \u0939\u0948 \u0909\u0938 \u092a\u0930 \u0915\u0941\u091b \u0928\u0939\u0940\u0902 \u092c\u094b\u0932 \u0930\u0939\u0947 \u092c\u0902\u0917\u093e\u0932 \u092e\u0947\u0902 \u0930\u0947\u092a \u0915\u093f\u090f \u091c\u093e \u0930\u0939\u0947 \u0939\u0948\u0902 \u0932\u094b\u0917\u094b\u0902 \u0915\u094b \u0930\u094b\u0921 \u092a\u0930 \u0921\u093e\u0932 \u0915\u0930 \u092a\u0940\u091f\u093e \u091c\u093e \u0930\u0939\u093e \u0939\u0948 \u0909\u0938 \u092a\u0930 \u0905\u092c \u0924\u0915 \u0915\u0941\u091b  \u0928\u0939\u0940\u0902 \u0915\u093f\u092f\u093e \u0915\u094d\u092f\u094b\u0902\u0915\u093f \u0935\u0939\u093e\u0902 \u0938\u0947\u0915\u0941\u0932\u0930\u093f\u091c\u094d\u092e \u091a\u0932 \u0930\u0939\u093e \u0939\u0948 \u0935\u0939\u093e\u0902 \u0915\u0947 \u0932\u093f\u090f \u0905\u092c \u0924\u0915 \u0924\u0941\u092e\u094d\u0939\u093e\u0930\u0947 \u092e\u0941\u0902\u0939 \u092e\u0947\u0902 \u0926\u0939\u0940 \u091c\u092e\u093e \u0939\u0941\u0906 \u0925\u093e #ISupportMunmunDutta https://t.co/nzxkp0cGA4"
        },
        {
            "tweet_id": "1391785784924016640",
            "tweet": "@Profdilipmandal @moonstar4u \u092d\u0902\u0917\u0940 \u0936\u092c\u094d\u0926 \u092d\u0902\u0917 \u0938\u0947 \u092c\u0928\u093e \u0939\u0948 \u091c\u093f\u0938\u0915\u093e \u0924\u093e\u0924\u092a\u0930\u094d\u092f \u092f\u0939\u093e\u0901 \u092a\u0930 \u0936\u094d\u0930\u0943\u0902\u0917\u093e\u0930 \u092d\u0902\u0917 \u0938\u0947 \u0939\u0948\u0964 \u091c\u093f\u0938\u0915\u093e \u0936\u094d\u0930\u0943\u0902\u0917\u093e\u0930 \u092d\u0902\u0917 \u0939\u0941\u0906 \u0939\u0948 \u0935\u0939 \u092d\u0902\u0917\u0940 \u0939\u0948\u0964\n\u0907\u0938\u0915\u093e \u091c\u093e\u0924\u0940 \u0938\u0947 \u0915\u094b\u0908 \u092e\u0924\u0932\u092c \u0928\u0939\u0940\u0902\u0964 \n\u0914\u0930 \u0905\u092a\u0928\u0947 \u0930\u093e\u091c\u0928\u0940\u0924\u093f \u0915\u0947 \u0932\u093f\u090f \u091c\u093e\u0924\u093f\u0935\u093e\u0926 \u0915\u093e \u091c\u0939\u0930 \u092b\u0948\u0932\u093e\u0928\u093e \u0914\u0930 \u0906\u092e \u0932\u094b\u0917\u094b \u0915\u094b \u0917\u0941\u092e\u0930\u093e\u0939 \u0915\u0930\u0928\u093e \u092c\u0902\u0926 \u0915\u0930\u094b\n@mhadevkidiwani @ankittiwari900 @DrBhagwatiPras3 @doctorrichabjp",
            "replies": [
                {
                    "tweet_id": "1391810837585686531",
                    "tweet": "@NTGLAWFIRM @Profdilipmandal @moonstar4u @mhadevkidiwani @ankittiwari900 @DrBhagwatiPras3 @doctorrichabjp \u0905\u092a\u0928\u0947 \u0928\u093e\u092e \u092e\u0947\u0902 \u0907\u0938\u0947 \u0939\u0940 \u0932\u0917\u093e\u0932\u094b"
                },
                {
                    "tweet_id": "1391811543138930688",
                    "tweet": "@NTGLAWFIRM @Profdilipmandal @moonstar4u @mhadevkidiwani @ankittiwari900 @DrBhagwatiPras3 @doctorrichabjp \u092c\u094d\u0930\u093e\u0939\u094d\u092e\u0923 \u0936\u092c\u094d\u0926 \u092c\u0928\u093e \u0939\u0948 \"\u092c\u094d\u0930\u0939\u094d\u092e +\u0905\u0923\u0941\" \n   \u092a\u0943\u0925\u094d\u0935\u0940 \u092a\u0930 \u0909\u092a\u0938\u094d\u0925\u093f\u0924 \u0938\u092d\u0940 \u091c\u0940\u0935 \u092c\u094d\u0930\u0939\u094d\u092e \u0915\u0947 \u0905\u0902\u0936 \u0939\u0948 \u0924\u094b \u0924\u0941\u092e \u0915\u094b\u0908 \u0938\u094d\u092a\u0947\u0936\u0932 \u090a\u0902\u091a\u0940 \u091c\u093e\u0924\u093f \u0915\u0947 \u0928\u0939\u0940 \u0939\u094b \u0964"
                },
                {
                    "tweet_id": "1391936265654734851",
                    "tweet": "@NTGLAWFIRM @Profdilipmandal @moonstar4u @mhadevkidiwani @ankittiwari900 @DrBhagwatiPras3 @doctorrichabjp \u0905\u092d\u092f \u0915\u093e\u0902\u0924 \u092d\u0902\u0917\u0940 \u0915\u0948\u0938\u0947\u0902 \u0939\u094b ?"
                },
                {
                    "tweet_id": "1391959795943448584",
                    "tweet": "@NTGLAWFIRM @Profdilipmandal @moonstar4u @mhadevkidiwani @ankittiwari900 @DrBhagwatiPras3 @doctorrichabjp \u0905\u0902\u0921 \u092d\u0915\u094d\u0924 \u0905\u092a\u0928\u0947 \u0918\u091f\u093f\u092f\u093e \u0924\u0930\u094d\u0915 \u0915\u0947 \u0938\u093e\u0925"
                },
                {
                    "tweet_id": "1391807732102033408",
                    "tweet": "@NTGLAWFIRM @Profdilipmandal @moonstar4u @ankittiwari900 @DrBhagwatiPras3 @doctorrichabjp \u0938\u0939\u092e\u0924 \u092d\u0948\u092f\u093e, \u092b\u093f\u0930 \u092d\u0940 \u091c\u093f\u0938\u0947 \u091c\u093e\u0924\u093f\u0935\u093e\u0926 \u0928\u091c\u0930 \u0906\u0924\u093e \u0939\u094b, \u0924\u094b \u0909\u0928\u094d\u0939\u0947\u0902 \u0909\u0928\u0915\u0947 \u0928\u0940\u0932 \u092c\u093e\u092c\u093e \u0915\u0940 \u0938\u094c\u0917\u0902\u0927 \u0939\u0948, \u0915\u093f \u092e\u0928\u0941\u0935\u093e\u0926\u0940, \u092c\u094d\u0930\u093e\u0939\u094d\u092e\u0923\u0935\u093e\u0926\u0940 \u090f \u0915\u0947 \u092e\u093f\u0936\u094d\u0930\u093e \u091c\u0940 \u0915\u0947 \u0926\u094d\u0935\u093e\u0930\u093e \u092c\u0928\u093e\u0908 \u0917\u0908 \u0926\u0935\u093e\u0908 \u0938\u0947 \u0915\u094b\u0938\u094b\u0902 \u0926\u0942\u0930 \u0930\u0939\u0947\u0902\u0964 \u092e\u0930 \u091c\u093e\u092f\u0947\u0902 \u092a\u0930 \u090f\u0915 \u092c\u094d\u0930\u093e\u0939\u094d\u092e\u0923 \u0915\u0947 \u0926\u094d\u0935\u093e\u0930\u093e \u092c\u0928\u093e\u0908 \u0926\u0935\u093e\u0908\u092f\u094b\u0902 \u0915\u093e \u0938\u0947\u0935\u0928 \u092c\u093f\u0932\u094d\u0915\u0941\u0932 \u0928 \u0915\u0930\u0947\u0902\u0964\n\n#ISupportMunmunDutta\n#isupportmunmundutta https://t.co/B9Hxn83OWR"
                },
                {
                    "tweet_id": "1392006407373824002",
                    "tweet": "@NTGLAWFIRM @Profdilipmandal @moonstar4u @mhadevkidiwani @ankittiwari900 @DrBhagwatiPras3 @doctorrichabjp Kyada gyan mat pelo ye sab tumhare us harami kutte MANU ne failaya hai. Nahi toh jati wad is charam pe nahi hota"
                }
            ]
        },
        {
            "tweet_id": "1391805983400230914",
            "tweet": "@Profdilipmandal @moonstar4u Chup harpic gang"
        },
        {
            "tweet_id": "1391806179421016065",
            "tweet": "@Profdilipmandal @moonstar4u Bulau \u0915\u094d\u092f\u093e \u091c\u0947\u0920\u093e \u0932\u093e\u0932 \u0915\u094b \ud83d\ude02\ud83d\ude02"
        },
        {
            "tweet_id": "1391718585068756995",
            "tweet": "@Profdilipmandal @moonstar4u Bhole Ke bhakt hai Bhangi \n\nTujhe Kya Problem Hai Bandal\nReservation diya hai na \n\nChup reh\ud83e\udd21",
            "replies": [
                {
                    "tweet_id": "1391868377304498176",
                    "tweet": "@Parshuram_bhgt @Profdilipmandal @moonstar4u \u0924\u0942 \u0915\u093f\u0938\u0915\u093e \u092d\u0915\u094d\u0924 \u0939\u0948?"
                }
            ]
        },
        {
            "tweet_id": "1391734517522526210",
            "tweet": "@Profdilipmandal @moonstar4u .@police_kaithal  \u0915\u0943\u092a\u092f\u093e @moonstar4u \u092a\u0930 Sc St Act  \u0915\u0947 \u0924\u0939\u0924 #FIR \u0926\u0930\u094d\u091c \u0915\u0940 \u091c\u093e\u090f\u0964\n\u0907\u0928\u094d\u0939\u094b\u0902\u0928\u0947 \u0905\u0938\u0902\u0935\u0948\u0927\u093e\u0928\u093f\u0915 \u0936\u092c\u094d\u0926\u094b\u0902 \u0915\u093e \u092a\u094d\u0930\u092f\u094b\u0917 \u0915\u0930 \u0935\u093e\u0932\u094d\u092e\u0940\u0915\u093f \u0938\u092e\u093e\u091c \u0915\u094b \u0917\u093e\u0932\u0940 \u0926\u0940 \u0939\u0948\u0964\n\n@cmohry @DGPHaryana @police_haryana @igkarnal @lokender_IPS \n\u0915\u0943\u092a\u092f\u093e \u0907\u0938 \u092e\u093e\u092e\u0932\u0947 \u092e\u0947\u0902 \u0938\u0902\u091c\u094d\u091e\u093e\u0928 \u0932\u0947\u0902 \u0914\u0930 \u0915\u0921\u093c\u0940 \u0915\u093e\u0930\u094d\u092f\u0935\u093e\u0939\u0940 \u0905\u092e\u0932 \u092e\u0947\u0902 \u0932\u093e\u0908 \u091c\u093e\u0910\u0964",
            "replies": [
                {
                    "tweet_id": "1391799397663444992",
                    "tweet": "@SukhdevDhand @Profdilipmandal @moonstar4u @police_kaithal @cmohry @DGPHaryana @police_haryana @igkarnal @lokender_IPS \u0906\u092a \u0905\u092a\u0928\u0947 \u090f\u0930\u093f\u092f\u093e \u0915\u0947 \u092a\u094b\u0932\u093f\u0938 \u0905\u0927\u093f\u0915\u093e\u0930\u0940 \u0915\u0947 \u092a\u093e\u0938 \u0915\u0947\u0938 \u0926\u0930\u094d\u091c \u0915\u0930\u0947"
                }
            ]
        },
        {
            "tweet_id": "1391738096203358222",
            "tweet": "@Profdilipmandal @moonstar4u She said sorry, She doesn't know the meaning of that word.\nYou used some Sexist and Racist words on her\nAnd you know the meaning of those words.\nShame.",
            "replies": [
                {
                    "tweet_id": "1391793853112352783",
                    "tweet": "@Kishannn2 @Profdilipmandal @moonstar4u care to explain what racist and sexist words he used??"
                }
            ]
        },
        {
            "tweet_id": "1391773887415799808",
            "tweet": "@Profdilipmandal @moonstar4u Have some shame ass*ole you are body shaming her just because she some something unknowingly?? \u0925\u0942",
            "replies": [
                {
                    "tweet_id": "1391773952817602567",
                    "tweet": "@Profdilipmandal @moonstar4u *said"
                }
            ]
        },
        {
            "tweet_id": "1391777852282970115",
            "tweet": "@Profdilipmandal @moonstar4u Oh chup gadhe"
        },
        {
            "tweet_id": "1391778682780340224",
            "tweet": "@Profdilipmandal @moonstar4u \u0924\u0947\u0930\u0947 \u091a\u093e\u091a\u093e \u0938\u0932\u092e\u093e\u0928 \u0916\u093e\u0928 \u0928\u0947 \u092d\u0940 \u092f\u0939\u0940 \u092c\u094b\u0932\u093e \u0925\u093e, \n\u0924\u092c \u0924\u094b \u0924\u0942 \u0915\u0941\u091b \u0928\u0939\u0940 \u092c\u094b\u0932\u093e???\n\u0921\u0930 \u0917\u092f\u093e \u0925\u093e \u0915\u094d\u092f\u093e \u0915\u0947 \u0915\u0939\u0940\u0902 \u0924\u0947\u0930\u0947 \u092a\u0902\u091a\u0930 \u091b\u093e\u092a \u092b\u0948\u0928 \u0928\u093e\u0930\u093e\u091c \u0928 \u0939\u094b \u091c\u093e\u090f \ud83d\ude02\ud83d\ude02\ud83d\ude02\ud83d\ude02\ud83d\ude02"
        },
        {
            "tweet_id": "1394858869575225344",
            "tweet": "@Profdilipmandal @moonstar4u Har chiz may inhay cast cast cast kartay rehna hai aur jis din kisi nay inki cast ki naan leli to to bhai shab dramay pay utar aatay hai...\nCase to jarror hoga lekin in Berojgaar Time Pass Trolles pay jo ek larki ko abuse aur rape threaten kar rhay hai..\n#IstandwithMunmundutta",
            "replies": [
                {
                    "tweet_id": "1394859571521351681",
                    "tweet": "@Profdilipmandal @moonstar4u Casteism kabhi nahi hat paayega jab tak society may is @Profdilipmandal jaise sapole pal rhay hai... Kisi chiz ko khatm ek side say nahi dono side say karna parta hai lekin itni budhhi in 35% walo ko kha \"Gwaar Kay Gwaar reh gye\""
                },
                {
                    "tweet_id": "1394926474356920324",
                    "tweet": "@GauravS76427536 @Profdilipmandal @moonstar4u Inke jaise gadhe iss desh mai hai na toh desh kuch bhala nahi hone waala, @Profdilipmandal jaise harami rahenge iss desh and society mai hai toh desh ko barbaad karenge he karenge."
                }
            ]
        },
        {
            "tweet_id": "1391768392319725577",
            "tweet": "@Profdilipmandal @moonstar4u @NCWIndia pls take note of this man's disgusting cheap misogyny"
        },
        {
            "tweet_id": "1391982460875907077",
            "tweet": "@Profdilipmandal @moonstar4u I just visited your profile and the amount of \"HINDU HATE\" you have vomited on ur Twitter shows what kind of mindset u have! Better to shut up &amp; look into mirror first. Before arresting munmum u must be arrested fr hating hindus! She has apologized fr her mistake!! Will u nw?",
            "replies": [
                {
                    "tweet_id": "1391984518244958209",
                    "tweet": "@Profdilipmandal @moonstar4u @MrsGandhi @_PreetiPandey @BharadwajSpeaks @indiantweeter @sumitsaurabh Please look into this... I dont know this man but i saw his profile.. He abuses brahmins all the time and today he is after Munmun datta for a mistake fr which she has apologized."
                }
            ]
        },
        {
            "tweet_id": "1392164192291983360",
            "tweet": "@Profdilipmandal @moonstar4u \u0914\u0930 \u0924\u0941\u092e \u092c\u094d\u0930\u0939\u094d\u092e\u0923, \u092c\u094d\u0930\u093e\u0939\u094d\u092e\u0923\u0935\u093e\u0926 \u0915\u0947 \u0928\u093e\u092e \u0938\u0947 \u0938\u092e\u093e\u091c \u092e\u0947\u0902 \u0928\u092b\u0930\u0924 \u092b\u0948\u0932\u093e\u0924\u0947 \u0939\u094b \u0935\u0939 \u0938\u0939\u0940 \u0939\u0948?"
        },
        {
            "tweet_id": "1391776715999879172",
            "tweet": "@Profdilipmandal @moonstar4u \u0910\u0938\u0940 \u0928\u093e\u0917\u093f\u0928 \u0915\u094b \u091c\u0940\u0928\u0947 \u0915\u093e \u0915\u094b\u0908 \u0905\u0927\u093f\u0915\u093e\u0930 \u0928\u0939\u0940 \u0939\u0948 \u091c\u094b \u0915\u093f\u0938\u0940 \u091c\u093e\u0924\u093f \u0915\u094b \u0906\u0939\u0924 \u0915\u0930\u0947 \u0907\u0938 \u092e\u0928\u0941\u0935\u093e\u0926\u0940 \u0915\u094b \u091c\u0947\u0932 \u0915\u0940 \u0939\u0935\u093e \u0915\u0940 \u091c\u0930\u0942\u0930\u0924 \u0939\u0948 \u0914\u0930 \u0909\u0938\u0938\u0947 \u091c\u0947\u0932 \u092e\u0948\u0902 \u092e\u0948\u0932\u093e \u0909\u0920\u093e\u092f\u093e \u091c\u093e\u090f\u0964 #ArrestMunmunDutta"
        },
        {
            "tweet_id": "1391809142491254788",
            "tweet": "@Profdilipmandal @moonstar4u Shutt up stupid"
        },
        {
            "tweet_id": "1391834089288704002",
            "tweet": "@Profdilipmandal @moonstar4u The kind of hatred you termites spread, you should have been rotten inside jail for life.  #ArrestDilipMandal"
        }
    ]
}