{
    "tweet_id": "1392178612246257667",
    "tweet": "Israel is the Cancer of the World, \nZionist Terrorism is biggest Threat for the world's peace,\nBloody Barbaric Zionists are dancing on the Dead Bodies of our Palestinian Brothers and sister's! \nOkay, we will back and then Zionism will buried in #AllahuAkbar..insha Allah. https://t.co/GxaXXylmjd",
    "comments": [
        {
            "tweet_id": "1392182379070910469",
            "tweet": "@SamiullahKhan__ @iumsonline @Ali_AlQaradaghi @007QaQa @TSP4India @sarah_alghamidi @Hamza_tekin2023 @ladeedafarzana @SharjeelUsmani @NabiyaKhan11 @khanthefatima Last I checked terrorism didn't have religion"
        },
        {
            "tweet_id": "1392182497283244040",
            "tweet": "@SamiullahKhan__ @iumsonline @Ali_AlQaradaghi @007QaQa @TSP4India @sarah_alghamidi @Hamza_tekin2023 @ladeedafarzana @SharjeelUsmani @NabiyaKhan11 @khanthefatima Say something about uighur in China too"
        },
        {
            "tweet_id": "1392180624614588421",
            "tweet": "@SamiullahKhan__ @iumsonline @Ali_AlQaradaghi @007QaQa @TSP4India @sarah_alghamidi @Hamza_tekin2023 @ladeedafarzana @SharjeelUsmani @NabiyaKhan11 @khanthefatima Ummah will back and jews will down insha Allah, #AllahuAkbar \n@IDF @Israel @TimesofIsrael @Ostrov_A @noa_landau @IdoDaniel @GonenYonatan @MuhamedHeib \n#PalestineWillBeFree"
        },
        {
            "tweet_id": "1392182857246810114",
            "tweet": "@SamiullahKhan__ @iumsonline @Ali_AlQaradaghi @007QaQa @TSP4India @sarah_alghamidi @Hamza_tekin2023 @ladeedafarzana @SharjeelUsmani @NabiyaKhan11 @khanthefatima Everyone knows who's cancer and who's is forced to get nude on every airport around the world."
        },
        {
            "tweet_id": "1392183273070071810",
            "tweet": "@SamiullahKhan__ @iumsonline @Ali_AlQaradaghi @007QaQa @TSP4India @sarah_alghamidi @Hamza_tekin2023 @ladeedafarzana @SharjeelUsmani @NabiyaKhan11 @khanthefatima Not the Israel, Islam is the cancer for the World, #IndiaStandWithIsrael  we love Israel,"
        },
        {
            "tweet_id": "1392184927710420998",
            "tweet": "@SamiullahKhan__ @iumsonline @Ali_AlQaradaghi @007QaQa @TSP4India @sarah_alghamidi @Hamza_tekin2023 @ladeedafarzana @SharjeelUsmani @NabiyaKhan11 @khanthefatima Dreams are free. You can dream as much as you can."
        },
        {
            "tweet_id": "1392192982300827649",
            "tweet": "@SamiullahKhan__ @KSaifi @iumsonline @Ali_AlQaradaghi @007QaQa @TSP4India @sarah_alghamidi @Hamza_tekin2023 @ladeedafarzana @SharjeelUsmani @NabiyaKhan11 @khanthefatima Muzlims are the tumour of the world.\nizlam is the biggest threat for world's peace. \nthat's fact and can be easily verified."
        },
        {
            "tweet_id": "1392193725061689344",
            "tweet": "@SamiullahKhan__ @iumsonline @Ali_AlQaradaghi @007QaQa @TSP4India @sarah_alghamidi @Hamza_tekin2023 @ladeedafarzana @SharjeelUsmani @NabiyaKhan11 @khanthefatima \ud83c\uddee\ud83c\uddf1\u2764\ufe0f\ud83c\uddee\ud83c\uddf3\ud83c\uddee\ud83c\uddf1\ud83c\uddee\ud83c\uddf3\u2764\ufe0f"
        },
        {
            "tweet_id": "1392201344799232002",
            "tweet": "@SamiullahKhan__ @iumsonline @Ali_AlQaradaghi @007QaQa @TSP4India @sarah_alghamidi @Hamza_tekin2023 @ladeedafarzana @SharjeelUsmani @NabiyaKhan11 @khanthefatima Chutiye photo to sahi share kerta ye teri ammi par israel ka army ya police officer nahi koi yaar chadha hua hai"
        },
        {
            "tweet_id": "1392201437749288962",
            "tweet": "@SamiullahKhan__ @Faizan79390837 @iumsonline @Ali_AlQaradaghi @007QaQa @TSP4India @sarah_alghamidi @Hamza_tekin2023 @ladeedafarzana @SharjeelUsmani @NabiyaKhan11 @khanthefatima #AllahuAkbar\n#AllahuAkbar\n#AllahuAkbar"
        },
        {
            "tweet_id": "1392204138335805445",
            "tweet": "@SamiullahKhan__ @iumsonline @Ali_AlQaradaghi @007QaQa @TSP4India @sarah_alghamidi @Hamza_tekin2023 @ladeedafarzana @SharjeelUsmani @NabiyaKhan11 @khanthefatima #AllahuAkbar\n#AllahuAkbar\n#AllahuAkbar\n#AllahuAkbar"
        },
        {
            "tweet_id": "1392216160972599297",
            "tweet": "@SamiullahKhan__ @iumsonline @Ali_AlQaradaghi @007QaQa @TSP4India @sarah_alghamidi @Hamza_tekin2023 @ladeedafarzana @SharjeelUsmani @NabiyaKhan11 @khanthefatima #hall_ho_hag_kar"
        },
        {
            "tweet_id": "1392259687723143169",
            "tweet": "@SamiullahKhan__ @iumsonline @Ali_AlQaradaghi @007QaQa @TSP4India @sarah_alghamidi @Hamza_tekin2023 @ladeedafarzana @SharjeelUsmani @NabiyaKhan11 @khanthefatima Inshaallah"
        },
        {
            "tweet_id": "1392393472464670720",
            "tweet": "@SamiullahKhan__ @iumsonline @Ali_AlQaradaghi @007QaQa @TSP4India @sarah_alghamidi @Hamza_tekin2023 @ladeedafarzana @SharjeelUsmani @NabiyaKhan11 @khanthefatima \u092c\u0947\u0936\u0915 \u0905\u0932\u094d\u0932\u093e\u0939 \u0938\u092c\u0938\u0947 \u092c\u0921\u093c\u093e \u0939\u0948 \u0964\n#AllahuAkbar"
        },
        {
            "tweet_id": "1392201635271634945",
            "tweet": "@SamiullahKhan__ @iumsonline @Ali_AlQaradaghi @007QaQa @TSP4India @sarah_alghamidi @Hamza_tekin2023 @ladeedafarzana @SharjeelUsmani @NabiyaKhan11 @khanthefatima #AllahuAkber"
        },
        {
            "tweet_id": "1392201965048799232",
            "tweet": "@SamiullahKhan__ @KSaifi @iumsonline @Ali_AlQaradaghi @007QaQa @TSP4India @sarah_alghamidi @Hamza_tekin2023 @ladeedafarzana @SharjeelUsmani @NabiyaKhan11 @khanthefatima \u090f\u0921\u094d\u0938 \u0939\u0948 \u0907\u0938\u0930\u093e\u0907\u0932 \n\u090f\u0915 \u0924\u094b \u092e\u0941\u0938\u0932\u092e\u093e\u0928\u094b\u0902 \u0928\u0947 \u0907\u0928\u0915\u094b \u091c\u0917\u0939 \u0926\u0940 \u0939\u093f\u091f\u0932\u0930 \u0938\u0947 \u092c\u091a\u093e \u0915\u0930 \u0905\u092a\u0928\u0947 \u092e\u0941\u0932\u094d\u0915 \u092b\u093f\u0932\u093f\u0938\u094d\u0924\u0940\u0928 \u092e\u0947\u0902 \u0914\u0930 \u0907\u0928 \u092f\u0939\u0941\u0926\u093f\u092f\u094b\u0902 \u0928\u0947 \u0915\u092c\u094d\u091c\u093c\u093e \u0915\u0930 \u0915\u0947 \u092b\u093f\u0932\u093f\u0938\u094d\u0924\u0940\u0928 \u0915\u093e \u0906\u0927\u093e \u0926\u0947\u0936 \u0907\u0938\u0930\u093e\u0907\u0932 \u092c\u0928\u093e \u0926\u093f\u092f\u093e \u0928\u092e\u0915 \u0939\u0930\u093e\u092e \u0915\u094b\u092e \u0939\u0940 \u092f\u0939\u0941\u0926\u093f\u092f\u094b\u0902 \u0915\u0940 \u0964\n\u0939\u093f\u091f\u0932\u0930 \u0907\u0928\u0915\u094b \u0938\u0939\u0940 \u092e\u0930 \u0930\u0939\u093e \u0925\u093e \u0964"
        },
        {
            "tweet_id": "1392190042374692865",
            "tweet": "@SamiullahKhan__ @iumsonline @Ali_AlQaradaghi @007QaQa @TSP4India @sarah_alghamidi @Hamza_tekin2023 @ladeedafarzana @SharjeelUsmani @NabiyaKhan11 @khanthefatima #AllahuAkabr"
        },
        {
            "tweet_id": "1392197161736015872",
            "tweet": "@SamiullahKhan__ @iumsonline @Ali_AlQaradaghi @007QaQa @TSP4India @sarah_alghamidi @Hamza_tekin2023 @ladeedafarzana @SharjeelUsmani @NabiyaKhan11 @khanthefatima Salman bin Abdulaziz Al Saud is King of Saudi Arabia where?"
        },
        {
            "tweet_id": "1392204724842090496",
            "tweet": "@SamiullahKhan__ @iumsonline @Ali_AlQaradaghi @007QaQa @TSP4India @sarah_alghamidi @Hamza_tekin2023 @ladeedafarzana @SharjeelUsmani @NabiyaKhan11 @khanthefatima Terrorism has no religion but unfortunately #AllahuAkbar is trending to support terrorism and terrorists. \nDear #Israel , Keep fighting against terrorism. Keep saving innocent lives. You have all the right to save ur countrymen and give befitting reply. \n#IndiaWithIsrael"
        },
        {
            "tweet_id": "1392211080160550917",
            "tweet": "@SamiullahKhan__ @iumsonline @Ali_AlQaradaghi @007QaQa @TSP4India @sarah_alghamidi @Hamza_tekin2023 @ladeedafarzana @SharjeelUsmani @NabiyaKhan11 @khanthefatima Insha Allah\nNasrum minal lagie wa fathun qareeb"
        },
        {
            "tweet_id": "1392214582945402881",
            "tweet": "@SamiullahKhan__ @iumsonline @Ali_AlQaradaghi @007QaQa @TSP4India @sarah_alghamidi @Hamza_tekin2023 @ladeedafarzana @SharjeelUsmani @NabiyaKhan11 @khanthefatima #halla_ho_hag_kar https://t.co/1MdJTcZMKQ"
        },
        {
            "tweet_id": "1392216237183160320",
            "tweet": "@SamiullahKhan__ @iumsonline @Ali_AlQaradaghi @007QaQa @TSP4India @sarah_alghamidi @Hamza_tekin2023 @ladeedafarzana @SharjeelUsmani @NabiyaKhan11 @khanthefatima \u0916\u0941\u0928 \u0915\u0940 \u0928\u0926\u093f\u092f\u093e \u092c\u0939 \u0930\u0939\u0940 \u0939\u0948\n\u0938\u093e\u0930\u0940 \u0926\u0941\u0928\u093f\u092f\u093e \u0938\u094b \u0930\u0939\u0940 \u0939\u0948\n\u0915\u0939\u093e\u0901 \u0939\u0948 \u0906\u091c \u092e\u093e\u0928\u0935\u0924\u093e \u0906\u0927\u093f\u0915\u093e\u0930 \u0935\u093e\u0932\u0947\n\u0938\u092c\u0915\u0947 \u092e\u0941\u0939 \u092e\u0947 \u0906\u091c \u092a\u0921\u093c\u0947 \u0939\u0948 \u0924\u093e\u0932\u0947\n\u090f\u0915 \u0915\u0924\u094d\u0932 \u092a\u0930 \u092e\u093f\u0921\u093f\u092f\u093e \u0915\u094b\u0939\u0930\u093e\u092e \u092e\u091a\u093e \u0926\u0947\u0924\u0940 \u0939\u0948\n\u0939\u091c\u093e\u0930\u094b \u0915\u0924\u094d\u0932 \u092a\u0930 \u0907\u0928\u094d\u0939\u0947 \u0938\u093e\u0902\u092a \u0938\u0941\u0902\u0918 \u091c\u093e\u0924\u0940 \u0939\u0948\n\u0917\u0932\u0924 \u0915\u093e \u0938\u093e\u0925 \u0926\u0947 \u0915\u0930 \u0905\u0902\u0926\u0930 \u0905\u0902\u0926\u0930 \u0916\u0941\u0936 \u0939\u094b \u0930\u0939\u0947 \u0939\u094b \u0924\u0941\u092e \u0938\u092c\n\u092f\u093e\u0926 \u0930\u0916\u094b\n\u0935\u0915\u094d\u0924 \u092c\u0926\u0932\u0924\u093e \u0939\u0948\n\u0935\u0915\u094d\u0924 \u092c\u0926\u0932\u093e \u0932\u0947\u0917\u093e \u0938\u092c I\n#AllahuAkber"
        },
        {
            "tweet_id": "1392216747239952392",
            "tweet": "@SamiullahKhan__ @iumsonline @Ali_AlQaradaghi @007QaQa @TSP4India @sarah_alghamidi @Hamza_tekin2023 @ladeedafarzana @SharjeelUsmani @NabiyaKhan11 @khanthefatima #IsraelisaTerroristState #HumanRightsViolations \n#PalestiniansLivesMatter  #MuslimsLivesandRightsMatters #AlAqsaMosque #SaveGaza #AlAqsaUnderAttack #GazaUnderAttack  #WakeUpMuslimUmmah #FreePalestine #Palestine\ud83c\uddf5\ud83c\uddf8"
        }
    ]
}