{
    "tweet_id": "1391768816355446787",
    "tweet": "\u092f\u0939 \u0932\u094b \u0905\u092c \u092f\u0939 \u0915\u0939 \u0930\u0939\u0940 \u0939\u0948 \u0906\u0938\u093e\u0930\u093e\u092e \u092c\u093e\u092a\u0942 \u0915\u094b \u091c\u0947\u0932 \u0938\u0947 \u092c\u093e\u0939\u0930 \u0928\u093f\u0915\u093e\u0932\u094b \u0935\u0939 \u092c\u0939\u0941\u0924 \u092d\u094b\u0932\u0947 \u0914\u0930 \u092e\u093e\u0938\u0942\u092e \u0939\u0948\ud83e\udd23\ud83d\ude02 https://t.co/lJI03QNP1d",
    "comments": [
        {
            "tweet_id": "1391770511970029572",
            "tweet": "@azizkavish @ReallySwara someone making point on you \ud83e\udd23\ud83e\udd23"
        },
        {
            "tweet_id": "1391770823824916480",
            "tweet": "@azizkavish \u0936\u0940\u0938\u0940 \u0916\u0930\u0940\u0926 \u0932\u094b \u092a\u0939\u0932\u0947 \u0938\u0947 \u091c\u094d\u092f\u093e\u0926\u093e \u0905\u091a\u094d\u091b\u093e \u0930\u0939\u0947\u0917\u093e"
        },
        {
            "tweet_id": "1391772383128608772",
            "tweet": "@azizkavish \u092e\u0948\u0921\u092e \u0915\u094b \u092c\u093e\u092a\u0941 \u0915\u093e \u0906\u0936\u0940\u0930\u094d\u0935\u093e\u0926 \u0932\u0947\u0928\u093e \u0939\u0948 \ud83d\ude06"
        },
        {
            "tweet_id": "1391773726190948356",
            "tweet": "@azizkavish Lagata hai isane Sirf zasaram se hi Vaccine ka tika lagwana hai \ud83d\ude00"
        },
        {
            "tweet_id": "1391776039634837510",
            "tweet": "@azizkavish \ud83e\udd23 \ud83e\udd23"
        },
        {
            "tweet_id": "1391777042362867715",
            "tweet": "@azizkavish \u0915\u0941\u091b \u0926\u093f\u0928 \u0917\u0941\u091c\u093e\u0930\u093f\u092f\u0947..\u091a\u093f\u0928\u094d\u092e\u092f\u093e\u0928\u0902\u0926 \u0914\u0930 \u0938\u0947\u0902\u0917\u0930 \u0915\u0947 \u0938\u0902\u0917"
        },
        {
            "tweet_id": "1391777948844269575",
            "tweet": "@azizkavish @ShilpaBhartiy \u0907\u0938\u0915\u0947 \u0926\u093f\u0932 \u092e\u0947 \u0930\u0939\u092e \u0939\u0948\u0902 \u092f\u093e \u0915\u0941\u091b \u0915\u0941\u091b \u0913\u0930"
        },
        {
            "tweet_id": "1391777972034555905",
            "tweet": "@azizkavish \u0917\u0941\u092b\u093e \u0938\u094d\u0935\u093e\u0926 \u091a\u0916\u0928\u0947 \u0915\u094b \u0926\u093f\u0932 \u092e\u091a\u0932 \u0930\u0939\u093e \u0939\u0948 \u0907\u0928\u0915\u093e"
        },
        {
            "tweet_id": "1391779296721571844",
            "tweet": "@azizkavish Isne gufa mai azmaya  hai uska bholapan"
        },
        {
            "tweet_id": "1391780313743839240",
            "tweet": "@azizkavish Etna bolne ka ketna mila. 2 rup"
        },
        {
            "tweet_id": "1391780460645150723",
            "tweet": "@azizkavish Ghufa me Jane ka purana experience hai madam ka"
        },
        {
            "tweet_id": "1391781576296439812",
            "tweet": "@azizkavish \ud83e\udd23\ud83e\udd23\ud83e\udd23"
        },
        {
            "tweet_id": "1391781654666956801",
            "tweet": "@azizkavish \u0917\u0941\u092b\u093e \u092a\u0941\u0924\u094d\u0930\u094b\u0902 \u0915\u0940 \u0915\u092e\u0940 \u0906 \u0917\u0908 \u0939\u0948 \u0915\u094d\u092f\u093e \ud83d\ude02\ud83d\ude02\ud83d\ude02"
        },
        {
            "tweet_id": "1391783812141510660",
            "tweet": "@azizkavish \u0939\u093e\u0939\u093e\u0939\u093e"
        },
        {
            "tweet_id": "1391786465315618823",
            "tweet": "@azizkavish \u092e\u0941\u091d \u0915\u094b \u092f\u093e\u0926 \u0938\u0924\u092f\u0947 \u0924\u0947\u0930\u0940 \ud83d\ude02\ud83e\udd23"
        },
        {
            "tweet_id": "1391787337193979905",
            "tweet": "@azizkavish Ye reh nhi pa rahi hogi ab"
        },
        {
            "tweet_id": "1391788628410441730",
            "tweet": "@azizkavish \u0907\u0924\u0928\u0940 \u092e\u094b\u0939\u092c\u094d\u092c\u0924 \ud83e\udd23\ud83d\ude07"
        },
        {
            "tweet_id": "1391789897015435265",
            "tweet": "@azizkavish \u0907\u0938 \u0915\u094b \u0916\u0941\u091c\u0932\u0940 \u0939\u094b\u0930\u0940 \u0939\u0948\u0902 \u0907\u0938 \u0932\u093f\u092f\u0947 \u0906\u0938\u093e\u0930\u093e\u092e \u0915\u0940 \u091c\u093c\u0930\u0942\u0930\u0924 \u0939\u0948\u0902 \u0907\u0938 \u0915\u094b"
        },
        {
            "tweet_id": "1391791039510286336",
            "tweet": "@azizkavish \u092e\u0939\u093f\u0932\u093e \u0935\u093f\u0930\u094b\u0927\u0940 \u092e\u0939\u093f\u0932\u093e \u0939\u0948 \u092f\u0939"
        },
        {
            "tweet_id": "1391792844390617090",
            "tweet": "@azizkavish Jab padhe likhe log Esi murakhtapurn baate karate h. To bara dukh hota h ki us  laraki ki puri kahani Enhone sayad padhi nhi jo pirit Thi."
        },
        {
            "tweet_id": "1391793333018656770",
            "tweet": "@azizkavish Aakhir me apni aukat dikha hi di"
        },
        {
            "tweet_id": "1391793440157945858",
            "tweet": "@azizkavish \u092c\u0939\u0941\u0924 \u092f\u093e\u0930\u093e\u0928\u093e \u0932\u0917 \u0930\u0939\u093e \u0939\u0948 \u0907\u0938\u0915\u093e \u0909\u0928\u0915\u0947 \u0938\u093e\u0925"
        },
        {
            "tweet_id": "1391795703966408705",
            "tweet": "@azizkavish Why you pramot her ???"
        },
        {
            "tweet_id": "1391795735641821186",
            "tweet": "@azizkavish \u0907\u0938 \u0917\u0941\u092b\u093e\u092a\u0941\u0924\u094d\u0930\u0940 \u0915\u094b \u0906\u0936\u093e\u0930\u093e\u092e \u0915\u0947 \u092a\u093e\u0938 \u092d\u0947\u091c \u0926\u0947\u0928\u0940 \u091a\u093e\u0939\u093f\u090f\u0964"
        },
        {
            "tweet_id": "1391795790931136514",
            "tweet": "@azizkavish Asharam bapu ne ise bhi pel diya hoga sayad\ud83d\ude1b\ud83d\ude1b\ud83d\ude1b"
        },
        {
            "tweet_id": "1391795823982247936",
            "tweet": "@azizkavish \u0924\u094b \u090a\u0938 \u0906\u0938\u093e\u0930\u093e\u092e \u0915\u0947 \u092c\u0926\u0932\u0947 \u092f\u0947 \u091c\u0947\u0932 \u092e\u0947 \u091c\u093e\u0915\u0947 \u0938\u091c\u093e \u0915\u093e\u091f\u0947. \u092a\u093e\u0917\u0932 \u0914\u0930\u0924."
        },
        {
            "tweet_id": "1391795888708722693",
            "tweet": "@azizkavish \u092a\u093e\u0917\u0932 \u0930\u094b\u0917\u0940"
        },
        {
            "tweet_id": "1391796087225143298",
            "tweet": "@azizkavish isko milna hoga unse \ud83d\ude02\ud83d\ude02"
        },
        {
            "tweet_id": "1391798551756165120",
            "tweet": "@azizkavish \u0915\u0941\u091b \u0917\u0939\u0930\u093e \u0930\u093f\u0936\u094d\u0924\u093e \u2764\ufe0f\u0932\u0917\u0924\u093e \u0939\u0948 ..."
        },
        {
            "tweet_id": "1391801248580526085",
            "tweet": "@azizkavish \u0905\u092a\u0928\u093e \u0905\u0928\u0941\u092d\u0935 \u0938\u093e\u091d\u093e \u0915\u0930 \u0930\u0939\u0940 \u0939\u094b\u0917\u0940 \u092a\u093e\u092f\u0932\ud83d\ude4a"
        },
        {
            "tweet_id": "1391805298709458945",
            "tweet": "@azizkavish \u0907\u0938\u0915\u0940 \u092d\u0940 \u0915\u094b\u0908 \u0938\u0941\u0928\u0924\u093e \u0939\u0948 \u0915\u094d\u092f\u093e\ud83d\ude02"
        },
        {
            "tweet_id": "1391805375666475013",
            "tweet": "@azizkavish But, if, fake, hindu, case, bail, bapu. \n\nListen sarkaar"
        },
        {
            "tweet_id": "1391805554499018757",
            "tweet": "@azizkavish Lagta he isse #asha_ka_ashirwad mila hua he\u0964\u0964\u0964"
        },
        {
            "tweet_id": "1391805719746207745",
            "tweet": "@azizkavish Thoo"
        },
        {
            "tweet_id": "1391806270785552384",
            "tweet": "@azizkavish \u0915\u0941\u091b \u0917\u0932\u0924 \u0928\u0939\u0940\u0902 \u092c\u094b\u0932 \u0930\u0939\u0940 \u0939\u0948 \u092f\u0947, \n\u0906\u0938\u093e\u0930\u093e\u092e \u0915\u0940 \u092c\u0947\u091f\u0940 \u0939\u0948 \u092f\u0947, \u0915\u094b\u0908 \u092d\u0940 \u092c\u0947\u091f\u0940 \u0905\u092a\u0928\u0947 \u092c\u093e\u092a \u0915\u094b \u091c\u0947\u0932 \u0938\u0947 \u091b\u0941\u0921\u093c\u0935\u093e\u0928\u0947 \u0915\u0947 \u0932\u093f\u090f \u092a\u0930\u0947\u0936\u093e\u0928 \u0939\u094b\u0917\u0940, \n\ud83e\udd14\ud83e\udd14 \n\u0935\u0948\u0938\u0947 \u0915\u093f\u0924\u0928\u0947 \u092c\u091a\u094d\u091a\u0947 \u0939\u094b\u0902\u0917\u0947\u0902 \u0906\u0938\u093e\u0930\u093e\u092e \u092c\u093e\u092c\u093e \u0915\u0947,  \ud83e\udd14"
        },
        {
            "tweet_id": "1391807022270607362",
            "tweet": "@azizkavish 30 \u0918\u0902\u091f\u093e \u092c\u093f\u0924\u093e\u0928\u0947 \u0915\u0947 \u092c\u093e\u0926 \u092a\u0924\u093e \u091a\u0932\u093e \u0915\u093f \u091d\u0942\u091f\u0947 \u0915\u0947\u0938 \u092e\u0947\u0902 \u092b\u0902\u0938\u093e\u092f\u093e \u0917\u092f\u093e,\n\u0914\u0930 \u092c\u093f\u0924\u093e\u0928\u0947 \u0915\u094b \u092e\u093f\u0932\u0924\u093e \u0924\u094b \u0938\u093e\u0925 \u092e\u0947\u0902 \u0932\u0947\u0915\u0930 \u0939\u0940 \u0906\u0924\u0940"
        },
        {
            "tweet_id": "1391808961955856386",
            "tweet": "@azizkavish Pata karo iska breakup to nahi ho gaya hai"
        },
        {
            "tweet_id": "1391809517172580369",
            "tweet": "@azizkavish Aise waste logon ko kyun aap log highlight karke promote karte ho....yeh hai... Kangana hai....aur aise fringe items sab...."
        },
        {
            "tweet_id": "1391810521045766145",
            "tweet": "@azizkavish Iss ka dil nahi lagta Asaram k bine."
        },
        {
            "tweet_id": "1391812072632045576",
            "tweet": "@azizkavish Inko akele mein sayad bulaya nhi hai ."
        },
        {
            "tweet_id": "1391824859605487628",
            "tweet": "@azizkavish Bail ab aur nahi milegi!"
        },
        {
            "tweet_id": "1391829831726206979",
            "tweet": "@azizkavish Innocent guru"
        },
        {
            "tweet_id": "1391835999597072387",
            "tweet": "@azizkavish Ha ha ha.......... Bewaqoof"
        },
        {
            "tweet_id": "1391876720253358084",
            "tweet": "@azizkavish \ud83d\ude05\ud83d\ude05\ud83d\ude05"
        },
        {
            "tweet_id": "1391883131204947968",
            "tweet": "@azizkavish Ye bhi gufa ki paidais h kya pta adharam he inke bapu ho\ud83d\ude03"
        },
        {
            "tweet_id": "1391886036226101252",
            "tweet": "@azizkavish \u092f\u0939 \u0930\u093f\u0936\u094d\u0924\u093e \u0915\u094d\u092f\u093e \u0915\u0939\u0932\u093e\u0924\u093e \u0939\u0948"
        },
        {
            "tweet_id": "1391906790070050817",
            "tweet": "@azizkavish \u0909\u0927\u0930 \u0906\u0938\u093e\u0930\u093e\u092e \u091c\u093f\u0926 \u092a\u0930 \u0905\u0921\u093c\u0947 \u0939\u0948!\n\n\u0939\u092e\u0915\u094b \u0914\u0930 \u0915\u0902 &amp;\u0917\u0928\u093e \u0915\u094b \u0915\u094d\u0935\u0949\u0930\u0947\u0902\u091f\u093e\u0907\u0928 \u0915\u0930\u094b!  \u092e\u0947\u0930\u0947 \u092a\u093e\u0938 \u0935\u0948\u0915\u094d\u0938\u0940\u0928 \u0939\u0948!\ud83d\ude1c\ud83d\ude1d"
        },
        {
            "tweet_id": "1391931957374722051",
            "tweet": "@azizkavish Pagal"
        },
        {
            "tweet_id": "1391949988742144005",
            "tweet": "@azizkavish Lagata h in ko aasaram ki bahut zarurat h unke bina ab din nahi kat rahe inke"
        },
        {
            "tweet_id": "1391951090359312388",
            "tweet": "@azizkavish \ud83d\ude02\ud83d\ude02\ud83e\udd23\ud83d\ude01\ud83d\ude01"
        },
        {
            "tweet_id": "1391952277297008647",
            "tweet": "@azizkavish \u092f\u0939 \u092d\u0940 \u0906\u0938\u093e\u0930\u093e\u092e \u0915\u0940 \u092a\u0941\u0924\u094d\u0930\u0940 \u0939\u0948 \u0939\u0928\u0940\u092a\u094d\u0930\u0940\u0924 \u091c\u0948\u0938\u0940"
        },
        {
            "tweet_id": "1391959472684240897",
            "tweet": "@azizkavish \u0916\u0941\u091c\u0932\u0940 \u0939\u094b \u0930\u0939\u0940 \u0939\u094b\u0917\u0940 \u0909\u0938\u0940 \u0915\u093e \u0938\u092e\u093e\u0927\u093e\u0928 \u0915\u0930\u0935\u093e\u0928\u093e \u0939\u094b\u0917\u093e\u0964\ud83d\ude1c\ud83d\ude1c\ud83d\ude1c\ud83e\udd23\ud83d\ude02"
        },
        {
            "tweet_id": "1391962966891896833",
            "tweet": "@azizkavish \u0910\u0938\u0947 \u0939\u0940 \u0932\u094b\u0917\u094b\u0902 \u0938\u0947 \u0926\u0947\u0936 \u092a\u0930\u0947\u0936\u093e\u0928 \u0939\u0948\u0964"
        },
        {
            "tweet_id": "1391963169392775168",
            "tweet": "@azizkavish Inehe bhi andar kar do unke saath matter solved"
        },
        {
            "tweet_id": "1391965694485405698",
            "tweet": "@azizkavish \u092c\u0916\u094c\u0932\u093e\u0908 \u0939\u0941\u0908 \u0914\u0930\u0924 \ud83d\ude02\ud83d\ude02"
        },
        {
            "tweet_id": "1391966106395418628",
            "tweet": "@azizkavish \u0932\u0917\u0924\u093e \u0939\u0948 \u0906\u0938\u093e\u0930\u093e\u092e \u0928\u0947 \u0907\u0938\u092a\u0930 \u092d\u0940 \u0915\u0943\u092a\u093e \u092c\u0930\u0938\u093e\u0908 \u0925\u0940 \u0964 \u0935\u094b \u0915\u0943\u092a\u092f\u093e \u092f\u0939 \u092b\u093f\u0930 \u0938\u0947 \u091a\u093e\u0939\u0924\u0940 \u0939\u0948 \u0964"
        },
        {
            "tweet_id": "1391984466277502983",
            "tweet": "@azizkavish \"To do something...\" Bade hi swag se Kaha tha. \ud83d\ude02\ud83d\ude02\ud83d\ude02"
        },
        {
            "tweet_id": "1392015858969415681",
            "tweet": "@azizkavish Gufa wali hai ye bhi"
        },
        {
            "tweet_id": "1392107522622955524",
            "tweet": "@azizkavish \u0939\u093e\u0901 \u0935\u094b \u0924\u0941\u092e\u094d\u0939\u093e\u0930\u093e \u0939\u092e \u0938\u092b\u093c\u0930 \u0925\u093e \u0917\u0941\u092b\u093e\u091b\u093e\u092a"
        },
        {
            "tweet_id": "1392130762158186499",
            "tweet": "@azizkavish She is an agent of Asa Ram.\nShamelessly defending him."
        },
        {
            "tweet_id": "1392231219375448064",
            "tweet": "@azizkavish Baapu bulare hai aap ko vhaa \ud83d\ude02\ud83e\udd23\ud83d\ude02\ud83e\udd23"
        },
        {
            "tweet_id": "1391769493236424706",
            "tweet": "@azizkavish Isko baba ji purani yad aa rahi hai ..\ud83d\ude02"
        },
        {
            "tweet_id": "1391782615468838915",
            "tweet": "@azizkavish \u0906\u091c \u0930\u094b\u0907 \u0928\u0939\u0940 \u0915\u094d\u092f\u093e \u0905\u091a\u094d\u091b\u093e \u0928\u0939\u0940 \u0932\u0917\u093e \u0925\u094b\u0921\u093c\u093e \u0938\u093e \u0930\u094b \u0926\u0947\u0924\u0940 \u0924\u094b \u0935\u0940\u0921\u093f\u092f\u094b \u0935\u093e\u092f\u0930\u0932 \u0939\u094b \u091c\u093e\u0924\u093e \u0914\u0930 \u092c\u093e\u092a\u0942 \u091c\u0940 \u091b\u0942\u091f \u091c\u093e\u0924\u0947 \ud83d\ude00\ud83d\ude00\ud83d\ude00\ud83d\ude00\ud83d\ude03\ud83d\ude03"
        },
        {
            "tweet_id": "1391784993496748035",
            "tweet": "@azizkavish \u092e\u0948\u092e \u0907\u0928\u0915\u094b \u0915\u093f\u0938\u0940 \u091a\u0940\u091c\u093c \u0915\u0940 \u0924\u0932\u092c \u0932\u0917\u0940 \u0939\u0948 \u0915\u094d\u092f\u093e?\ud83d\ude4f\ud83d\ude48",
            "replies": [
                {
                    "tweet_id": "1391804931816910854",
                    "tweet": "@Aarif2917 @azizkavish Mam ko ashirwad jo lena h\ud83d\ude04\ud83d\ude04\ud83d\ude04"
                }
            ]
        },
        {
            "tweet_id": "1391788271651287041",
            "tweet": "@azizkavish iski  lagta h li h asharam ne"
        },
        {
            "tweet_id": "1391794772587724804",
            "tweet": "@azizkavish \u0907\u0938\u0947 \u0924\u0947\u0932 \u0932\u0947\u0915\u0930\n\u091c\u0947\u0932 \u092e\u0947\u0902 \u092d\u0947\u091c\u0926\u094b"
        },
        {
            "tweet_id": "1391824127229456384",
            "tweet": "@azizkavish \u0907\u0938\u0915\u094b \u092d\u0940 \u0909\u0938\u0940 \u091c\u0947\u0932 \u092e\u0947\u0902 \u0921\u093e\u0932 \u0926\u0947\u0928\u093e \u091a\u093e\u0939\u093f\u090f \ud83e\udd23"
        },
        {
            "tweet_id": "1391830009828970496",
            "tweet": "@azizkavish \u092f\u0947 \u091a\u0947\u0932\u0940 \u0930\u0939\u0940 \u0939\u094b\u0917\u0940 \u0906\u0938\u093e\u0930\u093e\u092e \u0915\u0940 ?"
        },
        {
            "tweet_id": "1391902909013520386",
            "tweet": "@azizkavish another virus mutant"
        },
        {
            "tweet_id": "1391933098204573702",
            "tweet": "@azizkavish 80 times 80"
        },
        {
            "tweet_id": "1391933310926983176",
            "tweet": "@azizkavish Bahut bhole hai baba sonch ke gufa mat chale jana"
        },
        {
            "tweet_id": "1391769104533442560",
            "tweet": "@azizkavish Isko wahi bhej do\ud83d\ude02\ud83d\ude02"
        },
        {
            "tweet_id": "1391769251191480320",
            "tweet": "@azizkavish Lgta hai  aasaram ki Fan hai ye"
        },
        {
            "tweet_id": "1391769311857897472",
            "tweet": "@azizkavish \u0930\u093f\u0936\u094d\u0924\u0947\u0926\u093e\u0930 \u0939 \u0915\u094d\u092f\u093e \u0907\u0938\u0915\u093e",
            "replies": [
                {
                    "tweet_id": "1391771154365485065",
                    "tweet": "@VipinDhiman93 @azizkavish \u0906\u0936\u0940\u0930\u094d\u0935\u093e\u0926 \u0932\u0947\u0928\u093e \u0939\u0948 \u0907\u0938\u0915\u094b \u0917\u0941\u092b\u093e \u092e\u0947\u0902 \u091c\u093e\u0915\u0947"
                }
            ]
        },
        {
            "tweet_id": "1391769337908719618",
            "tweet": "@azizkavish Vhi bej do isse"
        },
        {
            "tweet_id": "1391769381252653056",
            "tweet": "@azizkavish \u0907\u0928\u0915\u094b gufa Mein bheja jaye \ud83e\udd23\ud83e\udd23\ud83e\udd23"
        },
        {
            "tweet_id": "1391769831154741248",
            "tweet": "@azizkavish \u092f\u0947 \u0924\u094b \u0909\u0928\u0915\u0940 \u0916\u093e\u0938 \u091a\u0947\u0932\u0940 \u0939\u0948.",
            "replies": [
                {
                    "tweet_id": "1391776804885598209",
                    "tweet": "@kalpeshravals @azizkavish right"
                }
            ]
        },
        {
            "tweet_id": "1391769915321847812",
            "tweet": "@azizkavish \u0907\u0938\u0915\u094b \u091c\u0930\u0942\u0930\u0924 \u0939\u0948 \u0906\u0938\u093e \u0930\u093e\u092e \u0915\u0940 \u0907\u0938 \u0932\u093f\u090f \u092c\u094b\u0932 \u0930\u0939\u0940 \u0939\u0948",
            "replies": [
                {
                    "tweet_id": "1391770452280889347",
                    "tweet": "@mhodansari1 @azizkavish \ud83d\ude02\ud83d\ude02"
                }
            ]
        },
        {
            "tweet_id": "1391770422845218817",
            "tweet": "@azizkavish \u0939\u092e \u0906\u091c \u092f\u0939\u093e\u0901 \u092a\u0930 \u0906 \u092a\u0939\u0941\u0901\u091a\u0947 \u0939\u0948 \u0915\u093f \u0932\u094b\u0917 \u0930\u0947\u092a\u093f\u0938\u094d\u091f \u0915\u094b \u092c\u0947\u0932 \u0926\u093f\u0932\u093e\u0928\u0947 \u0915\u094b \u0915\u0947\u0902\u0926\u094d\u0930 \u0938\u0930\u0915\u093e\u0930 \u0938\u0947 \u0915\u0939 \u0930\u0939\u0947 \u0939\u0948\u0902.. \n\u0915\u093e\u0936 \u092f\u0947 \u0914\u0930\u0924 \u0909\u0938 \u0914\u0930\u0924 \u0915\u0947 \u092c\u093e\u0930\u0947 \u092e\u0947 \u0938\u094b\u091a\u0924\u0940 \u091c\u093f\u0938\u0915\u0947 \u0938\u093e\u0925 \u092f\u0947 \u0926\u0941\u0930\u094d\u0935\u092f\u0935\u0939\u0930 \u0939\u0941\u0906 \u0939\u0948.."
        },
        {
            "tweet_id": "1391770820024803328",
            "tweet": "@azizkavish \u0936\u093e\u092f\u0926 \u0938\u091a \u092e\u0947 \u0930\u0939 \u0915\u0930 \u0906 \u0917\u092f\u0940 \u0938\u093e\u0925 \u092e\u0947 \ud83d\ude02\ud83d\ude02\ud83d\ude02"
        },
        {
            "tweet_id": "1391770837519273991",
            "tweet": "@azizkavish \u092f\u0947 \u092d\u0940 \u0906\u0936\u094d\u0930\u092e \u092e\u0947\u0902 \u091c\u093e\u0924\u0940 \u0925\u0940 \u0906\u0936\u0940\u0930\u094d\u0935\u093e\u0926 \u0932\u0947\u0928\u0947 \ud83d\ude01\ud83d\ude01"
        },
        {
            "tweet_id": "1391771009280208896",
            "tweet": "@azizkavish I think \u0907\u0938\u0928\u0947 \u092c\u093e\u092a\u0942 \u0915\u093e \u0926\u0947\u0916 \u0932\u093f\u092f\u093e \u0939\u0948 \u0924\u092d\u0940 \u092c\u093e\u0939\u0930 \u0928\u093f\u0915\u093e\u0932\u0928\u0947 \u0915\u0947 \u0932\u093f\u090f \u092c\u0947\u091a\u0948\u0928 \u0939\u0948"
        },
        {
            "tweet_id": "1391771818906718211",
            "tweet": "@azizkavish Hey @ReallySwara  have you listened this. \ud83d\ude02\ud83d\ude02"
        },
        {
            "tweet_id": "1391773055962263554",
            "tweet": "@azizkavish \u0917\u0927\u0947\u0921\u093c\u0940 \u0932\u094b\u0917\u094b\u0902 \u0915\u0940 \u092c\u093e\u0924\u094b\u0902 \u092a\u0930 \u0927\u094d\u092f\u093e\u0928 \u0928\u0939\u0940\u0902 \u0926\u0947\u0924\u0947 \u0939\u0948\u0902\u0964\n\u0909\u0938\u0915\u094b \u0936\u0930\u094d\u092e \u092d\u0940 \u0928\u0939\u0940\u0902 \u0906 \u0930\u0939\u0940 \u0915\u0948\u0938\u0947 \u090f\u0915 \u0930\u0947\u092a\u093f\u0938\u094d\u091f \u0915\u094b \u0938\u0902\u0924 \u092c\u094b\u0932 \u0930\u0939\u0940 \u0939\u0948\u0964"
        }
    ]
}