{
    "tweet_id": "1394096960575926275",
    "tweet": "And Modi #bhakts are busy drinking Gaumutra and covering themselves in cow dung... https://t.co/4JMQnpcGjx\n#Bhakts https://t.co/bRpPLSddn9",
    "comments": [
        {
            "tweet_id": "1394151463190810624",
            "tweet": "@imimrankhan It\u2019s better than declaring jihaad on everything .. ans everyone \ud83d\ude06\ud83d\ude06"
        },
        {
            "tweet_id": "1394164896904802306",
            "tweet": "@imimrankhan here's my like boi"
        },
        {
            "tweet_id": "1394173575339278338",
            "tweet": "@imimrankhan Aur Bhakts tumhari bajane ke liye bhi hamesha ready rahenge.."
        },
        {
            "tweet_id": "1394175163436916736",
            "tweet": "@imimrankhan #Namaazis trending #Bhakts \ud83e\udd23\ud83e\udd23"
        },
        {
            "tweet_id": "1394180603608637440",
            "tweet": "@imimrankhan Omg"
        },
        {
            "tweet_id": "1394182052526772230",
            "tweet": "@imimrankhan Halala ki pedash chutiye"
        },
        {
            "tweet_id": "1394188417466920961",
            "tweet": "@imimrankhan Terrorist community se better hain"
        },
        {
            "tweet_id": "1394194191429763078",
            "tweet": "@imimrankhan But some are very curious to follow shit as it gets a good space in them\ud83e\udd28\ud83e\udd28"
        },
        {
            "tweet_id": "1394223624333131776",
            "tweet": "@imimrankhan Halala product."
        },
        {
            "tweet_id": "1394162777896280065",
            "tweet": "@imimrankhan We are busy eating suwar. https://t.co/ZLUH0GaZ7z"
        },
        {
            "tweet_id": "1394178818798022656",
            "tweet": "@imimrankhan Camel Urine u don't Drink...don't test our Bhakti...if we go then we hve to go ur chilhood..cut get 72 hoor \ud83e\udd23\ud83e\udd23"
        },
        {
            "tweet_id": "1394103119861084164",
            "tweet": "@imimrankhan Halala Kb Krne ana hai Mai free Hu"
        },
        {
            "tweet_id": "1394107502095044608",
            "tweet": "@imimrankhan Dekh ye sirf terii bat nahi pure world ke mullo ki baat hai chamcho. https://t.co/kH3qEHQOgO"
        },
        {
            "tweet_id": "1394138327373148161",
            "tweet": "@imimrankhan Jihaadi after drinking camel urine are ready for doing jihaad against israel\ud83e\udd23 https://t.co/XUN0ZKE0F6"
        },
        {
            "tweet_id": "1394149840557252614",
            "tweet": "@imimrankhan Aap kamel ka peshab pine me must hai"
        },
        {
            "tweet_id": "1394149854008385543",
            "tweet": "@imimrankhan Reality of islam \ud83d\ude02\ud83d\ude02\ud83d\ude02\ud83e\udd23\ud83e\udd23\ud83e\udd23\ud83c\udf7c\ud83c\udf7c\ud83c\udf7c https://t.co/7ttKqvU9cF",
            "replies": [
                {
                    "tweet_id": "1394150788193206285",
                    "tweet": "@ExMuslimSalman1 @imimrankhan Oont ka moo\n\nBhai, pl educate me here, you too Khan bhai\n\nAre Muslims allowed to physically and bow in worship to anyone else apart from Allah? Can they physically and worship to other human beings?\n\nDo tell"
                }
            ]
        },
        {
            "tweet_id": "1394173474252333060",
            "tweet": "@imimrankhan Bhakts are religion follower like you are of Islam and I am of Hinduism . Any political party follower cannot be bhakt right ."
        },
        {
            "tweet_id": "1394173813290463233",
            "tweet": "@imimrankhan Jese mohammad camel mutra piya karta tha\ud83e\udd14"
        },
        {
            "tweet_id": "1394176816055668740",
            "tweet": "@imimrankhan Even if cowdung actually works, he is still the most stupid person \nCorona enters through eyes, mouth and nose\nHe hasn't covered those parts and is covering the rest of the body"
        },
        {
            "tweet_id": "1394181309241561090",
            "tweet": "@imimrankhan what are you guys doing here, do jihad and exchange your wives."
        },
        {
            "tweet_id": "1394185401619730432",
            "tweet": "@imimrankhan Tumare Abba narsinganand ne kaise rasul Ko kaise exposed ki tha maza aagaya \ud83d\ude02\ud83d\ude02\ud83e\udd23\ud83e\udd23\ud83d\ude02\ud83d\ude02\ud83d\ude02\ud83d\ude02\ud83d\ude02\ud83d\ude02\ud83d\ude02 before pic https://t.co/yMHBmoefza"
        },
        {
            "tweet_id": "1394186221555834880",
            "tweet": "@imimrankhan Says the one who swims in camel urine to reach mecca and bend down with their ass up for Allah to bang them."
        },
        {
            "tweet_id": "1394187488889950213",
            "tweet": "@imimrankhan People who marry their own sister and breed like pigs in gutter..and eventually blow themselves in the name of OLA e UBER... Plz Dont give gyan here"
        },
        {
            "tweet_id": "1394188239833997313",
            "tweet": "@imimrankhan Meanwhile puncturewala's drinking Camel urine.. https://t.co/WDonx5zqjC"
        },
        {
            "tweet_id": "1394223497690247171",
            "tweet": "@imimrankhan \u0907\u0938\u0940 \u0915\u093e\u0930\u0923 \u0910\u0938\u0947 \u091f\u094d\u0935\u0940\u091f \u0915\u0930\u0915\u0947 \u0939\u0940 \u092f\u0939 \u092e\u0941\u0932\u094d\u0932\u0947 \u0905\u0936\u093e\u0902\u0924\u093f \u092b\u0948\u0932\u093e\u0924\u0947 \u0939\u0948\u0902 \u0939\u093f\u0902\u0926\u0941\u0913\u0902 \u0915\u094b \u092e\u091c\u092c\u0942\u0930 \u0915\u0930\u0924\u0947 \u0939\u0948\u0902 \u0926\u0902\u0917\u093e \u0915\u0930\u0928\u0947 \u0915\u0947 \u0932\u093f\u090f \u0905\u092c \u0915\u094d\u092f\u093e \u091c\u0930\u0942\u0930\u0924 \u0939\u0948 \u0910\u0938\u0947 \u091f\u094d\u0935\u093f\u091f\u0930 \u0905\u092d\u093f\u092f\u093e\u0928 \u091a\u0932\u093e\u0928\u0947 \u0915\u0940 \u092e\u0941\u0932\u094d\u0932\u094b\u0902 \u0915\u0940 \u0917\u0948\u0902\u0917 \u0915\u094b"
        },
        {
            "tweet_id": "1394224516528623622",
            "tweet": "@imimrankhan Bhai aap bhi toh katwate ho apna aap na hi bolo toh behter hai"
        },
        {
            "tweet_id": "1394142432162316290",
            "tweet": "@imimrankhan \u091a\u0941\u092a \u0915\u0930 \u092a\u0902\u091a\u0930 \u092a\u0941\u0924\u094d\u0930..... \u0938\u093e\u0932\u0947 \u0924\u0941\u092e \u092e\u0941\u0932\u094d\u0932\u094b\u0902 \u0915\u0940 \u0914\u0915\u093e\u0924 \u0939\u0940 \u0928\u0939\u0940\u0902 \u0939\u0948  \u0939\u0930\u093e\u092e\u0916\u094b\u0930 \u0939\u094b \u0924\u0941\u092e"
        },
        {
            "tweet_id": "1394180641265123332",
            "tweet": "@imimrankhan Apne jaise sade poorane news flash na kar"
        },
        {
            "tweet_id": "1394182161272492035",
            "tweet": "@imimrankhan Andhnamazi\ud83d\udc37"
        },
        {
            "tweet_id": "1394107594373951488",
            "tweet": "@imimrankhan Jis thali me salo khate ho usi me chhed krte ho dogle"
        },
        {
            "tweet_id": "1394184502012903426",
            "tweet": "@imimrankhan Whom do you cover off with\nPig shit ohh sorry\nYou are yourself the shit in our country"
        },
        {
            "tweet_id": "1394184844687462400",
            "tweet": "@imimrankhan ISISI, al-Qaeda, Ansar-Al Islam, Boko Haram, Taliban, Islamic Jihad Union, Jaish-e-Mohammed, Lashkar-e-Taiba, Lashkar-e-Jhangvi, Mujahidin, Tehrik-e-Taliban Pakistan, Al-Shabaab, Ansar ul Islam etc. (Many More) \n\nBelong to one religion (Think \ud83e\uddd0) \nISLAMOPHOBIA \ud83e\udd2b https://t.co/PLNxsK5g9H"
        }
    ]
}