{
    "tweet_id": "1394915940077162496",
    "tweet": "Proud son of bharat \n\nRetweet maximum and repeat with me\n\n#\u0928\u093e\u0925\u0942\u0930\u093e\u092e_\u0917\u094b\u0921\u0938\u0947_\u0905\u092e\u0930_\u0930\u0939\u0947\u0902 https://t.co/Kk0FlhkQWT",
    "comments": [
        {
            "tweet_id": "1394916321796648960",
            "tweet": "@TheDeepak2021ln #\u0928\u093e\u0925\u0942\u0930\u093e\u092e_\u0917\u094b\u0921\u0938\u0947_\u0905\u092e\u0930_\u0930\u0939\u0947"
        },
        {
            "tweet_id": "1394930868813062147",
            "tweet": "@TheDeepak2021ln Aatankwadi tha ye"
        },
        {
            "tweet_id": "1394956797522362371",
            "tweet": "@TheDeepak2021ln Murderer"
        },
        {
            "tweet_id": "1394936116596285448",
            "tweet": "@TheDeepak2021ln Terrorist"
        },
        {
            "tweet_id": "1394937040945303553",
            "tweet": "@TheDeepak2021ln First terrorist of independent india"
        },
        {
            "tweet_id": "1394937767822446602",
            "tweet": "@TheDeepak2021ln Swatantra bharat ka pahla aatanki tha"
        },
        {
            "tweet_id": "1394940607814987778",
            "tweet": "@TheDeepak2021ln \u091c\u093f\u0928\u094d\u0939\u093e \u0915\u094b \u0915\u094d\u092f\u0942 \u0928\u0939\u0940 \u092e\u093e\u0930\u093e?\n#\u092e\u0941\u0930\u094d\u0916\u0932\u094b\u0917 \n\u0938\u093e\u0939\u0938 \u0915\u0940 \u0915\u092e\u0940 \u0925\u0940? \u092f\u093e \u0905\u0915\u094d\u0932 \u0915\u0940???\n#\u0928\u093e\u0925\u0942\u0930\u093e\u092e_\u0917\u094b\u0921\u0938\u0947_\u0905\u092e\u0930_\u0930\u0939\u0947\u0902"
        },
        {
            "tweet_id": "1394942999658852353",
            "tweet": "@TheDeepak2021ln Isne simply jinnah ko kyu nhi mara? Akkhal to ghutno me hai bhakts ki."
        },
        {
            "tweet_id": "1394947417246629891",
            "tweet": "@TheDeepak2021ln Britishers ki dalal Nathurani ko\n \u2764\ufe0fDa naman\ud83d\ude4f\ud83d\ude4f\n#\u0928\u093e\u0925\u0942\u0930\u093e\u092e_\u0917\u094b\u0921\u0938\u0947_\u0905\u092e\u0930_\u0930\u0939\u0947\u0902 https://t.co/Q6EzLQokBC",
            "replies": [
                {
                    "tweet_id": "1394959401874755584",
                    "tweet": "@VishalK27039533 @TheDeepak2021ln \u2764\ufe0fDa nathuram Amar rhe"
                }
            ]
        },
        {
            "tweet_id": "1394950401036668932",
            "tweet": "@TheDeepak2021ln Kitne retweet aye dekh le. Bhadwe bhand mc...Sb ki gand fatti hai....81ki okat hai teri chutiye"
        },
        {
            "tweet_id": "1394937391576539139",
            "tweet": "@TheDeepak2021ln Asli mahatma ke liye trend nahi karna padta. Hatyaron ke liye kitna bhi karlo. Mahatma mahatma hi rahega hatyara hatyara hi rahega."
        },
        {
            "tweet_id": "1394943369336393733",
            "tweet": "@TheDeepak2021ln #\u0928\u093e\u0925\u0942\u0930\u093e\u092e_\u0917\u094b\u0921\u0938\u0947_\u0905\u092e\u0930_\u0930\u0939\u0947\u0902 https://t.co/8OlJoXIDC5"
        }
    ]
}