{
    "tweet_id": "1394282990377738243",
    "tweet": "Cow urine is disgusting but camel urine is just..wowww\ud83e\uddd0#PragyaThakur https://t.co/6Ti3UTpw78",
    "comments": [
        {
            "tweet_id": "1394290354443096066",
            "tweet": "Pissfull and their dicklicker should do research about holy camel urine\ud83e\uddd0and watch molana saheb video https://t.co/ahRAs6vdAk https://t.co/bvQEhacgEh",
            "replies": [
                {
                    "tweet_id": "1394382438286065664",
                    "tweet": "@SecularBro786 Remember bro we believe in quran and hadith with proof not the Wikipedia Ok u r sayings may be correct but to proof urine is prophetic medicine u need a strong written proof of any islamic scholars ok.\nhttps://t.co/MV7Nd6JuQ8\nSee this full video\nMunafiq(who are both muslim&amp;non)"
                },
                {
                    "tweet_id": "1394304101815504904",
                    "tweet": "@SecularBro786 Whoever believe in both be it camel or cow urineare the biggest  a$$hole. Thats it https://t.co/syjGqU2spo"
                },
                {
                    "tweet_id": "1394373817011560448",
                    "tweet": "@SecularBro786 Phir tu aur woh same same. Sab moot piyo\ud83e\udd23\ud83e\udd23\ud83e\udd23"
                }
            ]
        },
        {
            "tweet_id": "1394286151305887745",
            "tweet": "@AmmarAl79309820 https://t.co/ahRAs6vdAk\nLe pissfull dekh or dafaa hoja\ud83e\udd23",
            "replies": [
                {
                    "tweet_id": "1394353375706173440",
                    "tweet": "@SecularBro786 @AmmarAl79309820 Isme kahan bola camel urine ke baare me... What do you get by spreading fake info.. be a good hindu"
                },
                {
                    "tweet_id": "1394354935743934471",
                    "tweet": "@SecularBro786 @AmmarAl79309820 Listen to what the molvi says if you are not deaf"
                }
            ]
        },
        {
            "tweet_id": "1394287822337495048",
            "tweet": "@Vicharak9 Are chumtiraaj ke ghode pehle tweet padh le or smjh le\ud83d\ude06",
            "replies": [
                {
                    "tweet_id": "1394578865779974147",
                    "tweet": "@Vicharak9 Shrimaan gandeshwar son of chuteshwar ji jinko smjh aaani thi or jinko Mirchi lagni thi wo lag gayi h.....jab apke bheje m nahi ghusi baat to kyu apni gend bich m ghusa rahe h aap\ud83d\ude00\ud83d\ude00\ud83d\ude00"
                }
            ]
        },
        {
            "tweet_id": "1394286510149537792",
            "tweet": "@SecularBro786 Kehna kya chahte ho \ud83d\ude15 https://t.co/enBvsCdhnU"
        },
        {
            "tweet_id": "1394288445334323211",
            "tweet": "@SecularBro786 The sanghi mail id do poora maumla bhej dete hai galat jankari share kr re ho aap",
            "replies": [
                {
                    "tweet_id": "1394289743739777029",
                    "tweet": "@AnsariFaizul Achaa ji\nhttps://t.co/ahRAs6vdAk le dekh le https://t.co/Nn1fADZNAA"
                }
            ]
        },
        {
            "tweet_id": "1394291848668061698",
            "tweet": "@SecularBro786 Diverting to Muslim. Only job of bhakts so far....\ud83d\ude02",
            "replies": [
                {
                    "tweet_id": "1394292942550933508",
                    "tweet": "@shahfyyy Ok\ud83d\ude42"
                }
            ]
        },
        {
            "tweet_id": "1394298915168538629",
            "tweet": "@SecularBro786 \ud83d\ude02\ud83d\ude02\ud83d\ude02\ud83d\ude02\ud83d\ude02\ud83d\ude02\ud83c\uddee\ud83c\uddf1\ud83c\udf51chato",
            "replies": [
                {
                    "tweet_id": "1394300529954545666",
                    "tweet": "@yasirdx Israel to 56 countries ummah:-\ud83c\udf52\ud83d\udc48\ud83e\uddb5 https://t.co/gcVCV4gMKh"
                }
            ]
        },
        {
            "tweet_id": "1394299690749808647",
            "tweet": "@SecularBro786 Kye bole bhai tumhe! School gaye ho kabi?  20+ saal ke honge paka! May Cow + Camel Urine Bless you\ud83e\udd17",
            "replies": [
                {
                    "tweet_id": "1394300752068157443",
                    "tweet": "@harish_hrk107 Shame to u bro\ud83d\ude01"
                }
            ]
        },
        {
            "tweet_id": "1394304902352887812",
            "tweet": "@KaushSnyderVers Thanks katlulibhakt\ud83d\ude42",
            "replies": [
                {
                    "tweet_id": "1394307019746676736",
                    "tweet": "@SecularBro786 It's my pleasure dumb man\ud83d\ude0c"
                }
            ]
        },
        {
            "tweet_id": "1394316547137564675",
            "tweet": "@SecularBro786 Snagies drinks this too\ud83e\udd23\ud83e\udd23\ud83e\udd23\ud83e\udd23"
        },
        {
            "tweet_id": "1394352171332685827",
            "tweet": "@SecularBro786 Ye we log he kabhi apna moot bhi pilega isme koi hairat nhi",
            "replies": [
                {
                    "tweet_id": "1394371295224102914",
                    "tweet": "@azmal7429 @SecularBro786 Jaise bear Grylls pita hai Man Vs Wild mei.\ud83d\ude02 https://t.co/DkBw8s6oOa"
                }
            ]
        },
        {
            "tweet_id": "1394368009792278529",
            "tweet": "@SecularBro786 Pragya said k gau mutra se corona theek hota hai...do u agree?",
            "replies": [
                {
                    "tweet_id": "1394368462043041799",
                    "tweet": "@Nabeel07328060 Nope\ud83d\ude42"
                }
            ]
        },
        {
            "tweet_id": "1394375730851553281",
            "tweet": "@SecularBro786 Any urine lover from any religion should make their own mootr religion. May cows and camels bless u. Jai Hind."
        },
        {
            "tweet_id": "1394379358140211200",
            "tweet": "@SecularBro786 That's the point book is playing on u and in us factual  knowledge used for centuries even when other community people were palyong in stone age we made our university is playing us"
        },
        {
            "tweet_id": "1394284758285262848",
            "tweet": "@SecularBro786 Tu dono lele bhai. Agar or lage to \ud83d\udc15\ud83d\udc16\ud83d\udc12\ud83d\udc17ye bhe try karle.",
            "replies": [
                {
                    "tweet_id": "1394288266199801857",
                    "tweet": "@Feku2020 Ok bhusdk\ud83e\udd7a"
                }
            ]
        },
        {
            "tweet_id": "1394290318019678214",
            "tweet": "@SecularBro786 Firr se communalism ki maa chodd rahe ho...areyy vaiyaa jo v illogically MUTRA peeye joki byproduct hai hai wo gaandu hai vai, chahe Muslim ho ya Hindu....\nAur jo harr baat pe COMMUNALISM chodey....jaisey ki aap...\nJaa k Kangna ka moot peejiye"
        },
        {
            "tweet_id": "1394297945613242370",
            "tweet": "@SecularBro786 Ha toh peele idhar dikha ke kya hoga"
        },
        {
            "tweet_id": "1394317554118578178",
            "tweet": "@SecularBro786 Abey chaddi bsdk \nMuslims only follow Quran \nThese thing which you show are fake \nHave you seen or heard any Muslim in India ever did that?\nBe good sangi, don't b mc  sangi"
        },
        {
            "tweet_id": "1394351426998996992",
            "tweet": "@SecularBro786 Dusra gu khayega to tu bhi wahi khayega kya..... Sanghi se hi teri soch ka andaja lgta h..."
        },
        {
            "tweet_id": "1394356838330605568",
            "tweet": "@SecularBro786 Kisne keh diya ke Islam me peshab pine ko kaha hai ? https://t.co/FZIWLKpVc2",
            "replies": [
                {
                    "tweet_id": "1394375543491993601",
                    "tweet": "@Husainkhan99 @SecularBro786 @DownloaderBot"
                }
            ]
        },
        {
            "tweet_id": "1394370351669252097",
            "tweet": "@SecularBro786 Both are useless and stupid practices, so?"
        },
        {
            "tweet_id": "1394376086884999169",
            "tweet": "@SecularBro786 This is also disgusting. Don't drink any urine and eat poop. That's not good for your health. Don't be an idiot."
        },
        {
            "tweet_id": "1394383095730565120",
            "tweet": "@SecularBro786 Chu**** Puri duniya Mae phale hu hae ."
        },
        {
            "tweet_id": "1394439248669921285",
            "tweet": "@SecularBro786 so you know she's  spreading lies. urine is used in medicine, but that doesn't to use idiotic ideology to claim every disease is curable. did Someone is claiming Camel urine will cure covid?"
        },
        {
            "tweet_id": "1394609886831337473",
            "tweet": "@SecularBro786 Liqure as #covid19 cure though not proved /authorised but being promoted through WhatsApp and social media without being objected by rationalists!\n#Sudarshannews #BANSudarshanNewsTV \n#PragyaThakur #PragyaSinghThakur"
        },
        {
            "tweet_id": "1394355873040900096",
            "tweet": "@SecularBro786 Chalo, wo peete hain, tun bhi piyo. Tum cow kya, insaan ka bhi piyo...okay? \n\nAdresse bhejo, essential commodity hai aapke liye, deliver ho jayega."
        },
        {
            "tweet_id": "1394379777105035266",
            "tweet": "@SecularBro786 \ud83e\udd22\ud83e\udd2e\ud83e\udd2e both cow and camel urine is disgusting wtf is wrong with people . #PragyaThakur is DUFFER &amp; disgusting. And people who drink urine as medicine is disgusting."
        },
        {
            "tweet_id": "1394303916783722496",
            "tweet": "@SecularBro786 chaddi gang chunchuna\ud83d\ude04\ud83d\ude04\ud83d\ude04\ud83d\ude04"
        },
        {
            "tweet_id": "1394325363635806208",
            "tweet": "@SecularBro786 You finally found your #UAE wali mausi \ud83d\ude02\nEnjoy this flavour too \ud83d\ude02",
            "replies": [
                {
                    "tweet_id": "1394326189481758725",
                    "tweet": "@DeMOCKERYcy But puncturechaap like you is busy in making fake twitter I'ds\ud83e\udd23 https://t.co/jTVoNuQCID"
                }
            ]
        }
    ]
}