{
    "tweet_id": "1394390667514712065",
    "tweet": " the most disrespectable way possible, fuck india and fuck modi. #farmersprotes",
    "comments": [
        {
            "tweet_id": "1396414624069611522",
            "tweet": "@jkhothi @HinduSlum It's not you but It's your burning ass \ud83e\udd23\ud83e\udd23"
        },
        {
            "tweet_id": "1396030105420394498",
            "tweet": "@jkhothi As we care and give fu\u00a9ks to you!\ud83d\ude02"
        },
        {
            "tweet_id": "1394571355824312321",
            "tweet": "@jkhothi @SonnnBee He is the worst PM ever \ud83d\ude21 failed his Country and People.  He is a Right wing Fascist who hates Muslims and Sikhs, he is not a leader but worse then a dog."
        }
    ]
}