{
    "tweet_id": "1383261325531353098",
    "tweet": "Public fights Covid\nPM fights elections",
    "comments": [
        {
            "tweet_id": "1383261458935345152",
            "tweet": "@MahuaMoitra \u0926\u0941\u0928\u093f\u092f\u093e \u092e\u0947\u0902 \u092a\u0924\u093e \u0928\u0939\u0940 ,\u092d\u093e\u0930\u0924 \u092e\u0947\u0902 \u091c\u093e\u0939\u093f\u0932 \u0928\u0947\u0924\u093e \u092b\u0948\u0932\u093e \u0930\u0939\u0947 \u0939\u0948 \u0915\u0930\u094b\u0928\u093e . \n\n\u0915\u094d\u092f\u093e \u0938\u0939\u092e\u0924 \u0939\u094b \u092e\u093f\u0924\u094d\u0930\u094b\u0902",
            "replies": [
                {
                    "tweet_id": "1383261807167492101",
                    "tweet": "@zanali94322540 @MahuaMoitra Jaa na \u2764\ufe0f Day"
                }
            ]
        },
        {
            "tweet_id": "1383261506767233032",
            "tweet": "@MahuaMoitra They don't know what to do."
        },
        {
            "tweet_id": "1383261546155896838",
            "tweet": "@MahuaMoitra And oppositions"
        },
        {
            "tweet_id": "1383261583858552837",
            "tweet": "@MahuaMoitra And CM"
        },
        {
            "tweet_id": "1383261601558450180",
            "tweet": "@MahuaMoitra \u0907\u0932\u0947\u0915\u094d\u0936\u0928\u091c\u0940\u0935\u0940 \ud83d\ude1c"
        },
        {
            "tweet_id": "1383261606012882950",
            "tweet": "@MahuaMoitra You are also no different"
        },
        {
            "tweet_id": "1383261714200743944",
            "tweet": "@MahuaMoitra Public fight Covid\nDidi ooooo Didi too fight elections!"
        },
        {
            "tweet_id": "1383261892345356295",
            "tweet": "@MahuaMoitra Public dies by covid and pm spard covid."
        },
        {
            "tweet_id": "1383261950470021124",
            "tweet": "@MahuaMoitra Mahua Ji good morning, do we really have a full time PM ?"
        },
        {
            "tweet_id": "1383262066258055174",
            "tweet": "@MahuaMoitra Our CM is also fighting na ?\ud83d\ude43"
        },
        {
            "tweet_id": "1383262130154074118",
            "tweet": "@MahuaMoitra What about didi ?"
        },
        {
            "tweet_id": "1383262155198193667",
            "tweet": "@MahuaMoitra Could not have summed  up tragic situation better ."
        },
        {
            "tweet_id": "1383262196629577736",
            "tweet": "@MahuaMoitra They fact that we have to be under this govt till 2024 is scary!"
        },
        {
            "tweet_id": "1383262206955905034",
            "tweet": "@MahuaMoitra @sriniva26582675 A dangerous corona wave knocking at the doors of Bengal.  Waht lucknow is tiday will be Bengal tomorrow!wish people realize"
        },
        {
            "tweet_id": "1383262252971696136",
            "tweet": "@MahuaMoitra Pradhanmantiri manga tha\nParty Pracharak nahi. \nWhen India is facing Health Crisis he is HIgh on Election mode.\n\n#WhereIsPM",
            "replies": [
                {
                    "tweet_id": "1383273087009902597",
                    "tweet": "@KASHJTWITSS @MahuaMoitra You conveniently forget that Election is a Constitutional requirement too."
                },
                {
                    "tweet_id": "1383277647526973443",
                    "tweet": "@KASHJTWITSS @MahuaMoitra pm always high wit \ud83c\udf77"
                },
                {
                    "tweet_id": "1383264065636626437",
                    "tweet": "@KASHJTWITSS @MahuaMoitra Aa ja ke  bas you guys just blame Modi.\nAnd this Moitra is campaigning sitting in the house with Mamta Didi. Right?"
                }
            ]
        },
        {
            "tweet_id": "1383262266519298048",
            "tweet": "@MahuaMoitra COVID\ud83e\udda0 hospital..... 3 sharing one bed https://t.co/poMs3dsL9h"
        },
        {
            "tweet_id": "1383262269178486791",
            "tweet": "@MahuaMoitra Agree with the second one."
        },
        {
            "tweet_id": "1383262322995589125",
            "tweet": "@MahuaMoitra @PuneetSambhal Public fights Covid\nPM fights Mamata"
        },
        {
            "tweet_id": "1383262361008500742",
            "tweet": "@MahuaMoitra As if Mamta didi isn't fighting. \ud83d\ude39\ud83e\udd21"
        },
        {
            "tweet_id": "1383262381522898944",
            "tweet": "@MahuaMoitra And we fight for democracy.. \n\nGave my vote today to save democracy and wish people should do the same.."
        },
        {
            "tweet_id": "1383262398178422785",
            "tweet": "@MahuaMoitra To control covid is not just responsibility of Center. State govt is equally responsible as they have to implement precautions and control measures till root level",
            "replies": [
                {
                    "tweet_id": "1383264733910880256",
                    "tweet": "@IshuAse @MahuaMoitra Super Spreaders not ashamed of mobilising crowds even when there in no vacancy in hispitals and shamshaan ghats. All of them stand exposed in the Hamam."
                }
            ]
        },
        {
            "tweet_id": "1383262466554023939",
            "tweet": "@MahuaMoitra Loses both"
        },
        {
            "tweet_id": "1383262533151203339",
            "tweet": "@MahuaMoitra What\u2019s your mamata Bano doing"
        },
        {
            "tweet_id": "1383262618261938181",
            "tweet": "@MahuaMoitra \u092a\u092c\u094d\u0932\u093f\u0915 \u0915\u094b \u092d\u0940 \u0938\u092e\u091d \u092e\u0947\u0902 \u0906 \u0930\u093f\u092f\u093e \u0939\u0948 \ud83e\uddd0"
        },
        {
            "tweet_id": "1383262628026355720",
            "tweet": "@MahuaMoitra Down with Modi ! Down with Modi."
        },
        {
            "tweet_id": "1383262646212780041",
            "tweet": "@MahuaMoitra Not Just PM but the Whole F*****ing Cabinet\ud83d\ude21\ud83d\ude21\ud83d\ude21"
        },
        {
            "tweet_id": "1383262682220875794",
            "tweet": "@MahuaMoitra mam your very correct. #ModiMustResign #BjpResponsibleForCoronaInIndia #modimadedisaster"
        },
        {
            "tweet_id": "1383262722226155523",
            "tweet": "@MahuaMoitra \u0907\u0938 \u091a\u093e\u092f\u0935\u093e\u0932\u0947 \u0915\u094b \u092a\u094d\u0930\u0927\u093e\u0928\u092e\u0902\u0924\u094d\u0930\u0940 \u092c\u0928\u093e\u0928\u0947 \u0915\u093e \u0928\u0924\u0940\u091c\u093e \u092d\u0941\u0917\u0924 \u0930\u0939\u093e \u0939\u0948 \u092d\u093e\u0930\u0924.."
        },
        {
            "tweet_id": "1383262724562448385",
            "tweet": "@MahuaMoitra PM is busy to capture Bengal, make it Sunar Bangal,what about vivid patients,No answer."
        },
        {
            "tweet_id": "1383262744485326848",
            "tweet": "@MahuaMoitra Aap chronology samjhye"
        },
        {
            "tweet_id": "1383262813087428612",
            "tweet": "@MahuaMoitra \u0906\u0924\u094d\u092e\u0928\u093f\u0930\u094d\u092d\u0930 \u092c\u0928\u0928\u0947 \u0915\u0947 \u0932\u093f\u090f \u092e\u094b\u0926\u0940 \u091c\u0940 \u0928\u0947 \u0915\u0939\u093e \u0925\u093e \u0924\u094b \u0938\u092c \u0906\u0924\u094d\u092e\u0928\u093f\u0930\u094d\u092d\u0930 \u092c\u0928 \u0917\u090f \u0939\u0948\u0902 \u0905\u092a\u0928\u0947 \u0918\u0930\u0935\u093e\u0932\u094b\u0902 \u0915\u094b \u0916\u094b\u0930 \u0939\u0948 \u0914\u0930 \u0932\u094b\u0917 \u092e\u0930 \u0930\u0939\u0947 \u0939\u0948\u0902 \u0914\u0930 \u092e\u094b\u0926\u0940 \u091c\u0940 \u0915\u0939 \u0930\u0939\u0947 \u0939\u0948\u0902 \u0915\u093f \u0935\u094b\u091f \u0909\u0928\u094d\u0939\u0940\u0902 \u0915\u094b \u0926\u0947\u0928\u093e \u0905\u092c \u0907\u0928\u0915\u0940 \u0938\u092c\u0938\u0947 \u092c\u0921\u093c\u0940 \u0939\u093e\u0930 \u092f\u0939\u0940 \u0939\u0948 \u0915\u093f \u0907\u0928\u0915\u094b \u0935\u094b\u091f \u0932\u094b\u0917 \u0928\u093e \u0926\u0947\u0902 \u0906\u0924\u094d\u092e\u0928\u093f\u0930\u094d\u092d\u0930 \u092c\u0928\u0928\u0947 \u0915\u0947 \u091a\u0915\u094d\u0915\u0930 \u092e\u0947\u0902 \u0905\u092a\u0928\u094b\u0902 \u0915\u094b \u0916\u094b \u0926\u093f\u092f\u093e \u0939\u092e \u0932\u094b\u0917\u094b\u0902 \u0928\u0947"
        },
        {
            "tweet_id": "1383262866443161602",
            "tweet": "@MahuaMoitra This PM means Poll Minister."
        },
        {
            "tweet_id": "1383262980108783622",
            "tweet": "@MahuaMoitra What do u fight-  common sense"
        },
        {
            "tweet_id": "1383263017534558209",
            "tweet": "@MahuaMoitra Mamta banerjee  is sleeping at home."
        },
        {
            "tweet_id": "1383263034508865541",
            "tweet": "@MahuaMoitra So does Didi, Didi Modi all alike"
        },
        {
            "tweet_id": "1383263107087101965",
            "tweet": "@MahuaMoitra They want only power power power.. but the fact is they doesn't know about ruling , people's welfare, economic, developments.... etc https://t.co/iOMA6opWtM"
        },
        {
            "tweet_id": "1383263182953717761",
            "tweet": "@MahuaMoitra Virus will cease in coming days but if state will lost then have to wait for next five years. Everything is fair in politics \ud83d\ude02 for power.",
            "replies": [
                {
                    "tweet_id": "1383263987647717383",
                    "tweet": "@GR8_IND @MahuaMoitra Yes. PM is playing with lives. Super Spreader Go and attend his rallies without mask and land in Hospital."
                }
            ]
        },
        {
            "tweet_id": "1383263208681578498",
            "tweet": "@MahuaMoitra bjp se ghabrana darna swabhavik hai natakaar mahua ji"
        },
        {
            "tweet_id": "1383263294576762884",
            "tweet": "@MahuaMoitra And you are fighting to be PM. But public is kicking out your back."
        },
        {
            "tweet_id": "1383263306849210373",
            "tweet": "@MahuaMoitra #ModiMadeDisaster #COVID19ON  #ModiGovtSeNaHoPayega #WestBengalElections #WestBengalPolls #Bengal #Bengalelection"
        },
        {
            "tweet_id": "1383263365942841344",
            "tweet": "@MahuaMoitra Disgrace.."
        },
        {
            "tweet_id": "1383263370787184648",
            "tweet": "@MahuaMoitra We have Event Manager \nUnfortunately we don't have PM"
        },
        {
            "tweet_id": "1383263792021209097",
            "tweet": "@MahuaMoitra And #MamtaBanerjee does khela hobe"
        },
        {
            "tweet_id": "1383263881741565952",
            "tweet": "@MahuaMoitra Public is \"struggling\" to fight, they cant even breathe"
        },
        {
            "tweet_id": "1383263937316069379",
            "tweet": "@MahuaMoitra https://t.co/g4sbzrHq12 Sign my petition to pause elections!!!"
        },
        {
            "tweet_id": "1383263964482596865",
            "tweet": "@MahuaMoitra \u0915\u0941\u0932 \u0924\u094b \u0920\u0940\u0915 \u092e\u0917\u0930 \u092e\u092e\u0924\u093e \u0926\u0940\u0926\u0940 \u0925\u094b\u0921\u093c\u093e \u0938\u0947 \u0928\u0948\u0924\u093f\u0915\u0924\u093e \u0926\u093f\u0916\u093e \u0926\u0947\u0902\u0924\u0940 \u0914\u0930 \u092a\u092c\u094d\u0932\u093f\u0915 \u092e\u093f\u091f\u093f\u0902\u0917 \u0928\u093e \u0915\u0930\u0915\u0947 \u0935\u0930\u094d\u091a\u0941\u0905\u0932 \u092e\u093f\u091f\u093f\u0902\u0917 \u0915\u0930\u0924\u0940"
        },
        {
            "tweet_id": "1383263988352393225",
            "tweet": "@MahuaMoitra Public fights covid\nCM does painting. https://t.co/rbWyg20wO1",
            "replies": [
                {
                    "tweet_id": "1383595216213401607",
                    "tweet": "@kousiksengupta @MahuaMoitra N modi does rallies \ud83d\ude02"
                },
                {
                    "tweet_id": "1383268845087989768",
                    "tweet": "@kousiksengupta @MahuaMoitra looks like untreated sewage !!!"
                }
            ]
        },
        {
            "tweet_id": "1383264277872537603",
            "tweet": "@MahuaMoitra And didi is doing nautanki in election campaign. Very bad looser, show some spirit and at least fight"
        },
        {
            "tweet_id": "1383264323418480644",
            "tweet": "@MahuaMoitra We all know you are sad about loss. Still keep showing concern."
        },
        {
            "tweet_id": "1383264509603635207",
            "tweet": "@MahuaMoitra #ElectionJeeviPM has no value for human lives since godhra 2002"
        },
        {
            "tweet_id": "1383264622539546629",
            "tweet": "@MahuaMoitra Per ki mooch theek ho gai ?"
        },
        {
            "tweet_id": "1383264720447180804",
            "tweet": "@MahuaMoitra \u091c\u0928\u0924\u093e \u0938\u0947 \u091a\u0902\u0926\u093e \u0932\u0947\u0928\u0947 \u092e\u0947\u0902 \u091a\u0940\u0924\u0947 \u091c\u0948\u0938\u0940 \u092b\u0941\u0930\u094d\u0924\u0940 \u0926\u093f\u0916\u093e\u0928\u0947 \u0935\u093e\u0932\u0947 \u0906\u0930\u090f\u0938\u090f\u0938-\u092d\u093e\u091c\u092a\u093e \u0915\u0947 '\u092b\u093c\u0930\u094d\u091c\u093c\u0940\u0930\u093e\u0937\u094d\u091f\u094d\u0930\u0935\u093e\u0926\u0940' \u0905\u092c \u0906\u092a\u0926\u093e \u0915\u0947 \u0935\u0915\u093c\u094d\u0924 \u091c\u0928\u0924\u093e \u0915\u094b \u092e\u0926\u0926 \u0926\u0947\u0928\u0947 \u0915\u0947 \u0935\u0915\u093c\u094d\u0924 \u0915\u0939\u093e\u0902 \u0917\u093e\u092f\u092c \u0939\u0948?\n\ud83d\ude21\"\u092a\u0942\u091b\u0924\u093e \u0939\u0948 \u092d\u093e\u0930\u0924!\"\n\n\u0932\u091c\u094d\u091c\u093e \u0906\u0924\u0940 \u0939\u0948 \u0915\u093f @narendramodi @AmitShah \u091c\u0948\u0938\u0947 PM CM \u092e\u093f\u0932\u0947 \u0926\u0941\u0930\u094d\u092d\u093e\u0917\u094d\u092f \u0939\u0948 \u0926\u0947\u0936 \u0915\u093e, \u0907\u0928\u094d\u0939\u0947\u0902 \u0938\u093f\u0930\u094d\u092b \u0935\u094b\u091f \u0915\u0940 \u091a\u093f\u0902\u0924\u093e \u0935\u094b\u091f\u0930 \u0915\u0940 \u0928\u0939\u0940\u0902 https://t.co/BXVzmNjA0R"
        },
        {
            "tweet_id": "1383264759328370698",
            "tweet": "@MahuaMoitra What ever mask he was wearing for 7 years has got removed at Bangal"
        },
        {
            "tweet_id": "1383265096097353738",
            "tweet": "@MahuaMoitra Dead Body Politics TMC\n\nhttps://t.co/gZE6TrAUnc"
        },
        {
            "tweet_id": "1383265203173744640",
            "tweet": "@MahuaMoitra People of WB are fighting a bigger pandemic than Covid."
        },
        {
            "tweet_id": "1383265334220623880",
            "tweet": "@MahuaMoitra VERY BAD SITUATION."
        },
        {
            "tweet_id": "1383265547962359812",
            "tweet": "@MahuaMoitra Atma Nirbhar Bharat!"
        },
        {
            "tweet_id": "1383265586742849541",
            "tweet": "@MahuaMoitra He is only a pracharak. The fault is ours. We are not understanding him properly."
        },
        {
            "tweet_id": "1383265606858797056",
            "tweet": "@MahuaMoitra But Mahua can't fight her venomous ideology. Odd!",
            "replies": [
                {
                    "tweet_id": "1383328480385847304",
                    "tweet": "@jaspreet_s_m @iyeraganesh @MahuaMoitra Public fights covid\nMahua Mootra adds dalda to it"
                }
            ]
        },
        {
            "tweet_id": "1383265778862985226",
            "tweet": "@MahuaMoitra Every one has his own priorities n preferences .. atma nirbhar bharat mai vote has more appeal then saving lives .. human care is last priorities"
        },
        {
            "tweet_id": "1383265827466608642",
            "tweet": "@MahuaMoitra @Abhinandan1234 Your party fights  public"
        },
        {
            "tweet_id": "1383265909549068292",
            "tweet": "@MahuaMoitra Will TMC cancel all rallies and set a precedence?"
        },
        {
            "tweet_id": "1383265952893071363",
            "tweet": "@MahuaMoitra \u0914\u0930 \u092d\u0940 \u0936\u0902\u0939\u0936\u093e\u0939 \u0925\u0947 \u0907\u0938 \u0938\u0930\u091c\u093c\u092e\u0940\u0902 \u092a\u0930,\n\u0906\u091c \u0909\u0928\u0915\u0940 \u092c\u0930\u092c\u093e\u0926\u093f\u092f\u094b\u0902 \u0915\u0947 \u0928\u091c\u093c\u093e\u0930\u0947,,\n\u0926\u0947\u0916\u093c\u0924\u0947 \u0939\u0948 \u0932\u094b\u0917,\u091f\u093f\u0915\u091f \u0916\u093c\u0930\u0940\u0926 \u0915\u0930,\n\u0938\u0924\u094d\u092f \u0905\u091f\u0932 \u0939\u0948,\n\u0907\u0938\u0932\u093f\u090f \u0905\u092e\u094d\u092c\u0947\u0921\u0915\u0930 \u091c\u0902\u092f\u0924\u0940 \u092a\u0930,\n\u0917\u093c\u0930\u0940\u092c \u0905\u092a\u0928\u0947 \u092e\u0938\u0940\u0939\u093e \u0938\u0947 \u092e\u093f\u0932\u0928\u0947 \u0906\u0924\u0947 \u0939\u0948,\n\u0916\u093c\u0941\u0926 \u0915\u093e \u0916\u093c\u093e\u0928\u093e,\u0916\u093c\u0941\u0926 \u0915\u093e \u0915\u093f\u0930\u093e\u092f\u093e \u0932\u0917\u093e\u0915\u0930,\n\u0907\u0938 \u092e\u0941\u0932\u094d\u0915 \u092e\u0947 \u0917\u093c\u0930\u0940\u092c\u094b \u0915\u0947 \u092e\u0938\u0940\u0939\u093e \n\u092a\u0942\u091c\u0947 \u091c\u093e\u0924\u0947 \u0939\u0948,\n\u092c\u093e\u0915\u0940 \u091c\u0928\u094d\u0928\u0924 ,\u0926\u094b\u091c\u093c\u0916\u093c \u0915\u0940 \u0932\u0921\u093c\u093e\u0908 \u0939\u0948 \u0926\u094b\u0938\u094d\u0924\u094b\u0902"
        },
        {
            "tweet_id": "1383266079875633164",
            "tweet": "@MahuaMoitra This is really true"
        },
        {
            "tweet_id": "1383266144857956364",
            "tweet": "@MahuaMoitra #Election_Loving_PM \ud83d\ude0e"
        },
        {
            "tweet_id": "1383266214806376448",
            "tweet": "@MahuaMoitra What is your party doing....bhajan kirtan???\n\nWB is fighting a greater pandemic than covid ke TMC",
            "replies": [
                {
                    "tweet_id": "1383267217945423881",
                    "tweet": "@shrutibanerjee5 @MahuaMoitra TMC is giving calls for Azan"
                }
            ]
        },
        {
            "tweet_id": "1383266282984796160",
            "tweet": "@MahuaMoitra He wants to PM of each State."
        },
        {
            "tweet_id": "1383266365608325122",
            "tweet": "@MahuaMoitra And this tadipaar @AmitShah too"
        },
        {
            "tweet_id": "1383266523180015618",
            "tweet": "@MahuaMoitra PM is fighting farmer, youth, intell as well @MahuaMoitra"
        },
        {
            "tweet_id": "1383266572249145344",
            "tweet": "@MahuaMoitra Mandbuddhi fights the world. Proud of you!"
        },
        {
            "tweet_id": "1383266982590513153",
            "tweet": "@MahuaMoitra And what does Didi fight?"
        },
        {
            "tweet_id": "1383267035182886926",
            "tweet": "@MahuaMoitra Mamata????",
            "replies": [
                {
                    "tweet_id": "1383267482241142792",
                    "tweet": "@bidishapsgs @MahuaMoitra Mamta ghar pr diye jala rahi hai.. \ud83d\ude01\ud83d\ude01"
                },
                {
                    "tweet_id": "1383268551054659598",
                    "tweet": "@bidishapsgs @MahuaMoitra She fights with people"
                },
                {
                    "tweet_id": "1383270655609565189",
                    "tweet": "@bidishapsgs @MahuaMoitra Mamta does Chandi Path"
                },
                {
                    "tweet_id": "1383274351928041478",
                    "tweet": "@bidishapsgs @MahuaMoitra Rigging!!!"
                },
                {
                    "tweet_id": "1383283953281376260",
                    "tweet": "@bidishapsgs @MahuaMoitra Mamta ko desh ki jemedaari di gai hai, achha huaa Rahul Gandhi nahi bola aapne."
                },
                {
                    "tweet_id": "1383453198044655617",
                    "tweet": "@bidishapsgs @MahuaMoitra Fake politician this!"
                },
                {
                    "tweet_id": "1383798706470752273",
                    "tweet": "@bidishapsgs @MahuaMoitra You can't compare the PM to state CM. Responsibilities are very different. Besides, elections are in Bengal, if Mamata doesn't fight the election for TMC, who will? If BJP cannot fight any election without Namo, it is their weakness."
                }
            ]
        },
        {
            "tweet_id": "1383267187259969543",
            "tweet": "@MahuaMoitra Mahuaa Ooo Mahuaa and Didi fights with security forces."
        },
        {
            "tweet_id": "1383267295993110532",
            "tweet": "@MahuaMoitra .\n\n\"No Desh Bhakti or Ram Bhakti,\n\nOnly Vote Bhakti, He's Just a PR Jeevi\""
        },
        {
            "tweet_id": "1383267510397509638",
            "tweet": "@MahuaMoitra Modi ji ne kuch samajh ke bola hoga.\ud83d\ude36 https://t.co/foHjAseBPE"
        },
        {
            "tweet_id": "1383267552277635072",
            "tweet": "@MahuaMoitra TMC fights public\n\nhttps://t.co/A49p4lqyyp"
        },
        {
            "tweet_id": "1383267619520745474",
            "tweet": "@MahuaMoitra Public Fights covid\nCm - Khela hobe"
        },
        {
            "tweet_id": "1383267661602197504",
            "tweet": "@MahuaMoitra I am ashamed to call those  men my home minister and PM"
        },
        {
            "tweet_id": "1383267775649439748",
            "tweet": "@MahuaMoitra Mamata flights like u intelligent \ud83d\ude1c"
        },
        {
            "tweet_id": "1383267949570498566",
            "tweet": "@MahuaMoitra Didi fights public."
        },
        {
            "tweet_id": "1383268007258988544",
            "tweet": "@MahuaMoitra 2nd May will end the cruel rule of Islamists &amp; Bangladeshis in West Bengal. PM fights elections, PM wins elections. TMC politicians can be muezzins in mosques once elections are over.",
            "replies": [
                {
                    "tweet_id": "1383299806370537472",
                    "tweet": "@koulrohit2016 @MahuaMoitra PM is fighting for Indians Mamta is fighting for Bangladeshis"
                },
                {
                    "tweet_id": "1383435944833867779",
                    "tweet": "@koulrohit2016 @MahuaMoitra Dont discriminate by doing Hindu Muslim..."
                },
                {
                    "tweet_id": "1383453409085296642",
                    "tweet": "@koulrohit2016 @MahuaMoitra And Bjp politicians start drinking Gaumootra. Tere jeso ke karan hindu dhrm ka kuch bhala nhi hua.\nAaj corona se hindu nahi mar raha ?? https://t.co/zKiyPDrYgZ"
                },
                {
                    "tweet_id": "1383542244028805124",
                    "tweet": "@koulrohit2016 @MahuaMoitra Got #PracharMantri instead of #PradhanMantri."
                },
                {
                    "tweet_id": "1383275995713609729",
                    "tweet": "@koulrohit2016 @MahuaMoitra Pm is liar kills innocent people finally no jobs made India disastrous poor country \ud83d\ude41"
                },
                {
                    "tweet_id": "1383277930843807744",
                    "tweet": "@koulrohit2016 @MahuaMoitra most sympathy less pm India has seen"
                },
                {
                    "tweet_id": "1383304892769476608",
                    "tweet": "@koulrohit2016 @MahuaMoitra Idiot.. Like for the past 10 yrs it was not bengal but bangladesh right?"
                }
            ]
        },
        {
            "tweet_id": "1383268041350213635",
            "tweet": "@MahuaMoitra what\u2019s the CM of WB doing?",
            "replies": [
                {
                    "tweet_id": "1383268495132037126",
                    "tweet": "@balamy @MahuaMoitra Nautanki on wheel chair.."
                },
                {
                    "tweet_id": "1383269553573023750",
                    "tweet": "@balamy @MahuaMoitra Importing BANGLADESHIS."
                }
            ]
        },
        {
            "tweet_id": "1383268103618924551",
            "tweet": "@MahuaMoitra Same with other party also why they are holding such rallies. All are culprit"
        },
        {
            "tweet_id": "1383269834557779975",
            "tweet": "@TinaRoy92936164 @MahuaMoitra But she is not PM.. nah toh PM care funds leke bahte huye hai",
            "replies": [
                {
                    "tweet_id": "1383270715437195266",
                    "tweet": "@awaldilse @TinaRoy92936164 @MahuaMoitra Yeh kabhi PM banega bhi nahi."
                },
                {
                    "tweet_id": "1383280269717770240",
                    "tweet": "@awaldilse @TinaRoy92936164 @MahuaMoitra Why are you concerned with the PM cares Fund? How much did you donate?"
                },
                {
                    "tweet_id": "1383298965601361924",
                    "tweet": "@awaldilse @TinaRoy92936164 @MahuaMoitra Cutmoney aur policies se pet bhaar gaya.. Issliye mamta fund nahi liya\ud83e\udd23\ud83d\ude02\ud83e\udd23\ud83e\udd23"
                },
                {
                    "tweet_id": "1383270312372887552",
                    "tweet": "@awaldilse @TinaRoy92936164 @MahuaMoitra Your mulla doctor contribution \ud83d\udc47 https://t.co/3EnPfSwcha"
                },
                {
                    "tweet_id": "1383272823989235715",
                    "tweet": "@awaldilse @TinaRoy92936164 @MahuaMoitra Rajya ki kanoon byawastha, Swasthya byawastha to cm ke hath hai,Jab Harishchandrapur me Chaitra mah ka Durga Puja pe rok lagi,to jumma nawaj pe rok kyun nahi"
                },
                {
                    "tweet_id": "1383273482893488133",
                    "tweet": "@awaldilse @TinaRoy92936164 @MahuaMoitra Jumma Nawaj pe rok kyun nahi lagai abtak Momta didi ne"
                },
                {
                    "tweet_id": "1383385770350628865",
                    "tweet": "@awaldilse @TinaRoy92936164 @MahuaMoitra Bhaiyaji aapne kitna Diya PM cares fund main donation"
                },
                {
                    "tweet_id": "1383420121759191047",
                    "tweet": "@awaldilse @TinaRoy92936164 @MahuaMoitra She is CM ...Shards Chit fund le ke bhag gai...\n\n\ud83d\ude02\ud83d\ude02\ud83d\ude02\n\n100 Oxygen plants are being constructed on a war footing with PM Care..\nTere Bhai ko free Ka vaccine bhi PM Care se hi Aya hai.."
                },
                {
                    "tweet_id": "1383500374263226374",
                    "tweet": "@awaldilse @TinaRoy92936164 @MahuaMoitra Haan toh health state subject hai....karne de teri didi ko beds, oxygen arrange...bhopdike"
                }
            ]
        },
        {
            "tweet_id": "1383268213849399296",
            "tweet": "@MahuaMoitra Bol to aese rahi hai jaise mamata bano to ghar me baithi ho"
        },
        {
            "tweet_id": "1383268293373358082",
            "tweet": "@MahuaMoitra 2 may @MamataOfficial gayi.\nLikh kar rakh le"
        },
        {
            "tweet_id": "1383268315049512961",
            "tweet": "@MahuaMoitra @MahuaMoitra party is not fighting election .. they are fighting with Maa , Mati , Manush and they are killing manush before they get Covid"
        },
        {
            "tweet_id": "1383268346091565063",
            "tweet": "@MahuaMoitra Aur mamata"
        },
        {
            "tweet_id": "1383268381982220297",
            "tweet": "@MahuaMoitra Visible frustration.\n\nStore some energy for 2nd May. More frustrating news coming for you.",
            "replies": [
                {
                    "tweet_id": "1383274938979667973",
                    "tweet": "@RajeshSurti @MahuaMoitra She will probably run away to Danmark."
                }
            ]
        },
        {
            "tweet_id": "1383268390861635588",
            "tweet": "@MahuaMoitra Bengal really fighting covid? Come on don't joke."
        },
        {
            "tweet_id": "1383268600379629573",
            "tweet": "@MahuaMoitra Didi is busy arranging for \"Capitol hill\" Indian version on 02/05/21. You think we dont know?"
        },
        {
            "tweet_id": "1383268683955412999",
            "tweet": "@MahuaMoitra Public fights Covid\n\n@MamataOfficial fights with PM",
            "replies": [
                {
                    "tweet_id": "1383375521329778691",
                    "tweet": "@Anti__Congress @MahuaMoitra @MamataOfficial Are u fucking blind? Mamata is from WB. Who is going around from Delhi and fighting elections instead of planning and fighting the pandemic nationally?"
                }
            ]
        },
        {
            "tweet_id": "1383268750422466572",
            "tweet": "@MahuaMoitra \u0914\u0930 \u092e\u092e\u0924\u093e \u0926\u0940\u0926\u0940 \u0930\u094b\u091f\u0940 \u092c\u0947\u0932 \u0930\u0939\u0940 \u0939\u0948\u0902 \u0915\u094d\u092f\u093e???"
        },
        {
            "tweet_id": "1383268855506563072",
            "tweet": "@MahuaMoitra In the Next elections ,public will fight PM....\ud83d\udc40"
        },
        {
            "tweet_id": "1383268895117627398",
            "tweet": "@MahuaMoitra Why not same thing are you telling to mamta didi."
        },
        {
            "tweet_id": "1383268925606035464",
            "tweet": "@MahuaMoitra Ya. Mamta Banerjee is sitting at home and doing Bhajan! Isn't it?",
            "replies": [
                {
                    "tweet_id": "1383270198250065927",
                    "tweet": "@Preetam_M_Rao @MahuaMoitra Hey give the ladies a break, one is \u201cwounded\u201d &amp; the other is suffering from chronic hypocrisy."
                },
                {
                    "tweet_id": "1383292004356919296",
                    "tweet": "@Preetam_M_Rao @MahuaMoitra Oh ho!\nShe paints her brain and confused state!\nBhajjan gayenge toh Hindu parichay out ho jayga!"
                },
                {
                    "tweet_id": "1383334714052808707",
                    "tweet": "@Preetam_M_Rao @MahuaMoitra Ka ka ki ki"
                }
            ]
        },
        {
            "tweet_id": "1383269043017195521",
            "tweet": "@MahuaMoitra Wht abt didi shame"
        },
        {
            "tweet_id": "1383269257421594624",
            "tweet": "@MahuaMoitra Public fights with #COVID19 \nLiberandus like you fight against indian integrity"
        },
        {
            "tweet_id": "1383269311125483526",
            "tweet": "@MahuaMoitra Mamta ki rally me vaccine lag rahe kya\ud83d\ude02\ud83e\udd23"
        },
        {
            "tweet_id": "1383269324912136195",
            "tweet": "@MahuaMoitra Sad"
        },
        {
            "tweet_id": "1383269332755488776",
            "tweet": "@MahuaMoitra So you guys give up? You are not fighting WB elections anymore? Drama band karo dramebaaz didi ki dramebaad netao.."
        },
        {
            "tweet_id": "1383269346785468418",
            "tweet": "@MahuaMoitra Public fights covid\nCM of west bengal fights Election against PM.",
            "replies": [
                {
                    "tweet_id": "1383270094420152331",
                    "tweet": "@ayushi_pedia @MahuaMoitra On wheel chair"
                },
                {
                    "tweet_id": "1383271663471521799",
                    "tweet": "@ayushi_pedia @MahuaMoitra Mahuva selling shikanji at rally site."
                }
            ]
        },
        {
            "tweet_id": "1383269479921029126",
            "tweet": "@MahuaMoitra Redefining roles.\nWelcome to new India"
        },
        {
            "tweet_id": "1383269508597440514",
            "tweet": "@MahuaMoitra Mamata Banerjee fights with CRPF!\n\ud83d\ude4f"
        },
        {
            "tweet_id": "1383269560132849666",
            "tweet": "@MahuaMoitra TMC is fighting election to accommodate Bangladeshi and Rohangias... Bloody traitors TMC"
        },
        {
            "tweet_id": "1383269591242088451",
            "tweet": "@MahuaMoitra Shameless PM..."
        },
        {
            "tweet_id": "1383269648162975746",
            "tweet": "@MahuaMoitra Ma\u2019am all political parties are fighting, isn\u2019t it ?"
        },
        {
            "tweet_id": "1383269686058520582",
            "tweet": "@MahuaMoitra PM fights COVID\nCMs fight PM."
        },
        {
            "tweet_id": "1383269812923551744",
            "tweet": "@MahuaMoitra People either vote him foolishly or he wins by election malpractices",
            "replies": [
                {
                    "tweet_id": "1383831747830317057",
                    "tweet": "@Aathavanworld @MahuaMoitra Visit Gujarat then judge.. \nYou'll learn whose the real foolish.."
                }
            ]
        },
        {
            "tweet_id": "1383269920872431620",
            "tweet": "@MahuaMoitra So also the enraged voters of Bengal will vote out the deadly virus destroying it since 10 years !!Didi O Didi!! #\u0926\u094b\u092e\u0908\u0926\u0940\u0926\u0940\u0917\u092f\u0940"
        },
        {
            "tweet_id": "1383270097574260737",
            "tweet": "@MahuaMoitra Nation fights Covid\nPappu finds destinations to fly"
        },
        {
            "tweet_id": "1383270098568318976",
            "tweet": "@MahuaMoitra In Maharashtra &amp; Chattisgarh corona cases shooting up because of Kumbh mela in Uttrakhand, people took dip in Ganga which is connected with Yamuna in Sangam which further goes to Bengal and fall into Sea and u know all sea connected to so rise in Cases in Maharashtra due to Kumbh"
        },
        {
            "tweet_id": "1383270182643142661",
            "tweet": "@MahuaMoitra All state Govts in slumber, can't manage their states and depend on Centre like a child."
        },
        {
            "tweet_id": "1383270325383700486",
            "tweet": "@MahuaMoitra TMC fights Hindus."
        },
        {
            "tweet_id": "1383270365762244617",
            "tweet": "@MahuaMoitra Bad time starts of beard baba from Bengal"
        },
        {
            "tweet_id": "1383270389795627012",
            "tweet": "@MahuaMoitra You and mamata playing ghar-ghar at home?"
        },
        {
            "tweet_id": "1383270432590024704",
            "tweet": "@MahuaMoitra Public donates to \"PM Cares Fund\"\nDidi gets the cut money.",
            "replies": [
                {
                    "tweet_id": "1383285731469107202",
                    "tweet": "@NationFirst78 @MahuaMoitra Public donates to PM Cares Fund , PM cares for Ambani &amp; Adani , Ham do Hamare do https://t.co/2pYWpxMZYJ"
                }
            ]
        },
        {
            "tweet_id": "1383270499417870336",
            "tweet": "@MahuaMoitra Public fight for job, Mamata fights for power. Vaipo fight for money."
        },
        {
            "tweet_id": "1383270546700337154",
            "tweet": "@MahuaMoitra And you fights with loud speaker"
        },
        {
            "tweet_id": "1383270569932517386",
            "tweet": "@MahuaMoitra Public suffer's from covid, but you guys are busy in doing rallies after rallies. Never had respect for chaiwala, but now lost respect for tmc as well. #votefornota"
        },
        {
            "tweet_id": "1383270598248337410",
            "tweet": "@MahuaMoitra #DidioDidi \u0906\u092a \u091c\u0928\u0924\u093e \u0915\u094b \u0915\u094d\u092f\u094b\u0902 \u0917\u0941\u092e\u0930\u093e\u0939 \u0915\u0930 \u0930\u0939\u0940 \u0939\u094b #2_\u092e\u0908_\u0926\u0940\u0926\u0940_\u0917\u0908 \u0964"
        },
        {
            "tweet_id": "1383270709976125447",
            "tweet": "@MahuaMoitra Public fights Covid\nMamta fights public",
            "replies": [
                {
                    "tweet_id": "1383278446298636289",
                    "tweet": "@GareeboOP @MahuaMoitra Public fights Covid\nMamta fights Hindus!"
                },
                {
                    "tweet_id": "1383286651678380034",
                    "tweet": "@GareeboOP @MahuaMoitra \ud83d\ude4c\ud83d\ude4c\ud83d\ude4c\ud83d\ude4c\ud83d\ude4c waah respect"
                },
                {
                    "tweet_id": "1383301705706528769",
                    "tweet": "@GareeboOP @MahuaMoitra Mamata is more Lethal ,\nShe might have killed more than Covid."
                }
            ]
        },
        {
            "tweet_id": "1383270770965504004",
            "tweet": "@MahuaMoitra So he should go out with a sword and kill the virus? \n\nWhat is it exactly that you want the govt to do that they are not already doing?",
            "replies": [
                {
                    "tweet_id": "1383271478515277828",
                    "tweet": "@sheila_seattle @MahuaMoitra Typical bhakt!"
                },
                {
                    "tweet_id": "1383271584610217988",
                    "tweet": "@sheila_seattle @MahuaMoitra Look at the countries what their leaders are doing"
                }
            ]
        },
        {
            "tweet_id": "1383270802426978309",
            "tweet": "@MahuaMoitra And what about you ?? We have lost our hopes from @PMOIndia but you were also doing rally with @MamataOfficial yesterday. Do you have some answer for that ??"
        },
        {
            "tweet_id": "1383270901408403460",
            "tweet": "@MahuaMoitra Removing TMC is necessary. Destroying the insidious evil called TMC is the first priority here. Corona will be dealt with after 2nd May. First, Bengal must be salvaged. \nThroughout history, you'll see that the mercenary (read TMC) only understands raw, savage power. So be it."
        },
        {
            "tweet_id": "1383270932450480138",
            "tweet": "@MahuaMoitra \u0906\u0924\u094d\u092e\u0928\u093f\u0930\u094d\u092d\u0930"
        },
        {
            "tweet_id": "1383270997692874754",
            "tweet": "@MahuaMoitra And what you all do  shameless moitra"
        },
        {
            "tweet_id": "1383271001404829696",
            "tweet": "@MahuaMoitra Just drop out from rest of the phases...Since you all have given up. Just leave"
        },
        {
            "tweet_id": "1383271051602259974",
            "tweet": "@MahuaMoitra Public fights &amp; dump Covid!!\nPeople of Bengal are a step ahead!!\ud83d\ude0a https://t.co/CnhDgx5QxL"
        },
        {
            "tweet_id": "1383271084355514372",
            "tweet": "@MahuaMoitra Very True Mahuaji"
        },
        {
            "tweet_id": "1383271154182365186",
            "tweet": "@MahuaMoitra health is a state matter as well"
        },
        {
            "tweet_id": "1383271215368790020",
            "tweet": "@MahuaMoitra In #bengal #MamataBanerjee is more dangerous then #coronavirus so for our safety she needs to go https://t.co/tPQ4VtBVYb"
        },
        {
            "tweet_id": "1383271460442042373",
            "tweet": "@MahuaMoitra Meanwhile you are fighting for your living...."
        },
        {
            "tweet_id": "1383271554750967813",
            "tweet": "@MahuaMoitra Your party is killing BJP's workers"
        },
        {
            "tweet_id": "1383271559503106048",
            "tweet": "@MahuaMoitra She has just become a distraction.....swara bhaskar mp ban gayi ho jaise"
        },
        {
            "tweet_id": "1383271623864709122",
            "tweet": "@MahuaMoitra Sunil Arora becomes governor"
        },
        {
            "tweet_id": "1383271626968428552",
            "tweet": "@MahuaMoitra Or mamta mu me le rahi hai \ud83d\ude02\ud83d\ude02\ud83d\ude02\ud83d\ude02\ud83d\ude02"
        },
        {
            "tweet_id": "1383271738906058764",
            "tweet": "@MahuaMoitra \u092e\u092e\u0924\u093e \u092c\u093e\u0928\u094b \u0932\u093e\u0936\u094b\u0902 \u092a\u0930 \u0930\u093e\u091c\u0928\u0940\u0924\u093f \u0915\u0930\u0924\u0940 \u0939\u0948 \u0909\u0938 \u092a\u0930 \u092d\u0940 \u0915\u0941\u091b \u092c\u094b\u0932\u093e \u0915\u0930\u094b \u092e\u0948\u0921\u092e \u091c\u0940"
        },
        {
            "tweet_id": "1383271799975157767",
            "tweet": "@MahuaMoitra Mamata fights Her own fallacy ..."
        },
        {
            "tweet_id": "1383271843197448205",
            "tweet": "@MahuaMoitra Moitra drinks Mamata\u2019s Mutra"
        },
        {
            "tweet_id": "1383271872662433795",
            "tweet": "@MahuaMoitra Public fight covid\nMamta fight west Bengal"
        },
        {
            "tweet_id": "1383271938726891523",
            "tweet": "@MahuaMoitra but you should be in glamour industry not in politics"
        },
        {
            "tweet_id": "1383271999984705538",
            "tweet": "@MahuaMoitra Never knew that @MamataOfficial is a PM!"
        },
        {
            "tweet_id": "1383272104573865990",
            "tweet": "@MahuaMoitra India fights covid\nMamta fights india"
        },
        {
            "tweet_id": "1383272129274077193",
            "tweet": "@MahuaMoitra And CM ?? Opposition leaders?? Were they doing service on roads?"
        },
        {
            "tweet_id": "1383272162614599681",
            "tweet": "@MahuaMoitra \u0926\u0940\u0926\u0940 \u0915\u094b \u092c\u093f\u0928\u093e \u091a\u0941\u0928\u093e\u0935 \u0915\u0947 \u0938\u0940\u090f\u092e \u092c\u0928\u0928\u093e \u0939\u0948\ud83e\udd14"
        },
        {
            "tweet_id": "1383272373982425089",
            "tweet": "@MahuaMoitra \u0939\u093e\u0902 \u0924\u0941\u092e\u094d\u0939\u093e\u0930\u0940 CM \u0924\u094b \u092c\u0921\u093c\u0915\u093e \u0926\u093f\u0928 \u092d\u0930 covid \u0915\u0902\u091f\u094d\u0930\u094b\u0932 \u092e\u0947\u0902 \u0939\u0940 \u0932\u0917\u0940 \u0939\u0948"
        },
        {
            "tweet_id": "1383272434661351424",
            "tweet": "@MahuaMoitra Is Didi doing all Drama for CHARITY ???\nAsk Didi not to fight elections then...and go to Himalayas."
        },
        {
            "tweet_id": "1383272659916451848",
            "tweet": "@MahuaMoitra Mamta fight Hindu"
        },
        {
            "tweet_id": "1383272692812419083",
            "tweet": "@MahuaMoitra Whole India fights Covid\nWB fights TMC.\n\nBoth the diseases will be cured by May 2nd",
            "replies": [
                {
                    "tweet_id": "1383276370541703169",
                    "tweet": "@guruji_prasad @MahuaMoitra What about Sanghis r they help poor people \ud83e\udd14"
                }
            ]
        },
        {
            "tweet_id": "1383272736189947906",
            "tweet": "@MahuaMoitra Mamata is playing rummy at home. Ok."
        },
        {
            "tweet_id": "1383272934496641029",
            "tweet": "@MahuaMoitra And what your CM doing ? Is she not fighting election?? Why she is roaming all over west Bengal for ? Election purpose right ??"
        },
        {
            "tweet_id": "1383273008534413315",
            "tweet": "@MahuaMoitra The worst PM of our life time"
        },
        {
            "tweet_id": "1383273192232390661",
            "tweet": "@MahuaMoitra India fighting covid\nBengal fighting Momta , dangerous than Covid"
        },
        {
            "tweet_id": "1383273219252113408",
            "tweet": "@MahuaMoitra Didi's meeting without public (???) in presence of @MahuaMoitra  \nhttps://t.co/VbOLf2OOxs"
        },
        {
            "tweet_id": "1383273269311131650",
            "tweet": "@MahuaMoitra Your CM thinks she is PM and you think you are Home minister. All should resign and u and ur CM should take over. Correct ? @Sisirkumardatt3",
            "replies": [
                {
                    "tweet_id": "1383305411340562438",
                    "tweet": "@chak_somesh @MahuaMoitra @Sisirkumardatt3 Of course they have to resign coz they don't know how to run a govt only they know is to win"
                }
            ]
        },
        {
            "tweet_id": "1383273300181209091",
            "tweet": "@MahuaMoitra &amp; didi wandering around streets with absolute no cause ?"
        },
        {
            "tweet_id": "1383274523596705792",
            "tweet": "@MahuaMoitra You fights with judges, PM and all BJPians on twitter, great going criticism to others rather than work constructively"
        },
        {
            "tweet_id": "1383274545885315079",
            "tweet": "@MahuaMoitra As if Mamata Banerjee is playing ludo while doing election campaigns on wheelchair\ud83e\uddbd."
        },
        {
            "tweet_id": "1383274987608412164",
            "tweet": "@MahuaMoitra What mamta is doing ,"
        },
        {
            "tweet_id": "1383276237452300290",
            "tweet": "@MahuaMoitra You both are same \nThere is no different between Modi and Didi."
        },
        {
            "tweet_id": "1383276373276385289",
            "tweet": "@MahuaMoitra CM neither fights Covid nor elections... she fights central forces with politics of dead bodies"
        },
        {
            "tweet_id": "1383276479522361345",
            "tweet": "@MahuaMoitra And CM doing?\n\nNothing nothing and nothing."
        },
        {
            "tweet_id": "1383276673248813063",
            "tweet": "@MahuaMoitra Does India have a PM?"
        },
        {
            "tweet_id": "1383276922189189120",
            "tweet": "@MahuaMoitra And Mamta fights with security forces"
        }
    ]
}