{
    "tweet_id": "1394301726610497538",
    "tweet": "Cow urine disgusting but camel urain is good for chamchs #PragyaThakur https://t.co/CEIAkXyFWK",
    "comments": [
        {
            "tweet_id": "1394327840238182405",
            "tweet": "All jhaidi and chamche's look it https://t.co/MqsXDD2ZGY",
            "replies": [
                {
                    "tweet_id": "1394360663472959489",
                    "tweet": "@SumitKumarLiv Thanks Sumit for sharing this."
                }
            ]
        },
        {
            "tweet_id": "1394303998149136386",
            "tweet": "@SumitKumarLiv Wtf"
        },
        {
            "tweet_id": "1394310111825256449",
            "tweet": "@SumitKumarLiv Show me one chamcha supporting camel urine ...I will show u 10 bhakt eating gober",
            "replies": [
                {
                    "tweet_id": "1394394907360432128",
                    "tweet": "@bada_shinchan @SumitKumarLiv Is tweet ka to bhakt ke pass answer nhi hai \ud83d\ude02\nKal subah whatsapp forward aayega..usme ek edited image hogi..phir bhakt reply krega \ud83d\ude02\ud83d\ude02"
                }
            ]
        },
        {
            "tweet_id": "1394335187731771393",
            "tweet": "@SumitKumarLiv That also some one like u..."
        },
        {
            "tweet_id": "1394368170866008072",
            "tweet": "@SumitKumarLiv Better drink self moothra"
        },
        {
            "tweet_id": "1394401408661684224",
            "tweet": "@SumitKumarLiv Vo to theek hai mere bhai.. Urine ki spelling to sahi likh dete.."
        },
        {
            "tweet_id": "1394401534033633280",
            "tweet": "@SumitKumarLiv Gobsmacking, finger licking.. https://t.co/q0TygHCzLK"
        },
        {
            "tweet_id": "1394413829988052992",
            "tweet": "@SumitKumarLiv Bhai tu pee #PragyaThakur"
        },
        {
            "tweet_id": "1394418581333417991",
            "tweet": "@SumitKumarLiv Both the acts are just idiotic \ud83e\udd23\ud83e\udd23\ud83e\udd23\ud83e\udd23\ud83e\udd23\ud83e\udd23\ud83e\udd23"
        },
        {
            "tweet_id": "1394342037294518278",
            "tweet": "@SumitKumarLiv This is exported to India for Andh Bhakts. Arabs know India is big market \ud83d\ude02"
        },
        {
            "tweet_id": "1394335737038835714",
            "tweet": "@SumitKumarLiv Both are folls. Why justify any ? Fools and shame on their reapective religions."
        },
        {
            "tweet_id": "1394342269747007494",
            "tweet": "@SumitKumarLiv matlab kisi janvar ki pheki vi cheez ko peene na peena ke liye debate kr reh hain\nvaah re"
        },
        {
            "tweet_id": "1394346421915066369",
            "tweet": "@SumitKumarLiv Haa woh to apni.gaand main daalke maalish karege dalle .aur halaala karte waqt lode par bhi lagayenge"
        },
        {
            "tweet_id": "1394366534684979203",
            "tweet": "@SumitKumarLiv Chutiye pragya thakur nei gau mutra penay ki baat ki hai...saarey jaanwaro ka mat pena..."
        },
        {
            "tweet_id": "1394386526386098177",
            "tweet": "@SumitKumarLiv Vaccine mat le bhai gausala chale ja tu"
        },
        {
            "tweet_id": "1394305143575773186",
            "tweet": "@SumitKumarLiv No camel urine is also disgusting,, it is false narrative is spreading by you guys,, no one muslim is drink a camel urine, it is only your thoughts that's it,,,"
        },
        {
            "tweet_id": "1394309367512535040",
            "tweet": "@SumitKumarLiv Stupid boy  \u0939\u0930 \u091a\u0940\u091c \u0915\u094b dharm  \u092e\u0924 \u091c\u094b\u0921\u093c **** https://t.co/2KgBOlBY1k"
        },
        {
            "tweet_id": "1394335124460687362",
            "tweet": "@SumitKumarLiv Both are idiots....comparing them proves your idiocracy, how can people elect and follow such bastards."
        },
        {
            "tweet_id": "1394336105009352707",
            "tweet": "@SumitKumarLiv Chutiye ko chutiya bolne se aap kam chutiya nahi hojaoge.."
        },
        {
            "tweet_id": "1395280303178928130",
            "tweet": "@SumitKumarLiv \u092e\u094c\u0924 \u0915\u0947 \u0921\u0930 \u0938\u0947 \u092e\u0941\u0924\u0928\u0947 \u0935\u093e\u0932\u0947 \u0906\u091c \u092e\u094c\u0924 \u0915\u0947 \u0921\u0930 \u0938\u0947 \u092e\u0941\u0924 \u092a\u0940 \u0930\u0939\u0947 \u0939\u0948\u0902!!!\ud83d\udc81\u200d\u2642\ufe0f https://t.co/UHyEQ1v1c4",
            "replies": [
                {
                    "tweet_id": "1395280507290611716",
                    "tweet": "@SumitKumarLiv \u0917\u094b\u092e\u0942\u0924\u094d\u0930 \u0915\u0940 \u092c\u094d\u0930\u093e\u0902\u0921 \u0905\u0902\u092c\u0947\u0938\u0921\u0930\ud83d\ude44\n#PragyaThakur https://t.co/Wad2Q3Rwfh"
                }
            ]
        }
    ]
}