{
    "tweet_id": "1397235232621932545",
    "tweet": "Just realised that the #TwitterBan news has made many #tukdetukde gang become pro Modi. Suddenly they are worried abt his wellbeing and how concerned are they and also not wanting him to suffer repercussions.... Such love for Modi was unseen before.\n\u0905\u092d\u0940 \u0906\u092a\u0915\u0940 \u0926\u0941\u0915\u093e\u0928\u0947 \u092c\u0902\u0926 ! https://t.co/EbU4yfn0W6",
    "comments": [
        {
            "tweet_id": "1397235737980985350",
            "tweet": "@ashokepandit Sir, we will do kafi ninda only or book as per law?"
        },
        {
            "tweet_id": "1397235825193127943",
            "tweet": "@ashokepandit \u0932\u0942\u091f\u0924\u0902\u0924\u094d\u0930 \u0916\u0924\u0930\u0947 \u092e\u0947 \u0906 \u0917\u092f\u093e \u092b\u093f\u0930\u0938\u0947.. \ud83d\ude02"
        },
        {
            "tweet_id": "1397236075274309634",
            "tweet": "@ashokepandit \u092c\u0947\u091a\u093e\u0930\u0947 ?\n\u0907\u0928\u0915\u093e \u092a\u0942\u0930\u093e \u0927\u0902\u0926\u093e \u0939\u0940 twitter  \u091a\u0932\u0924\u093e \u0925\u093e \n\u092c\u0947\u0930\u094b\u091c\u0917\u093e\u0930 \u0939\u094b \u091c\u093e\u090f\u0902\u0917\u0947",
            "replies": [
                {
                    "tweet_id": "1397400864839536641",
                    "tweet": "@Narayan13563102 kon bjp it cell walee?"
                }
            ]
        },
        {
            "tweet_id": "1397236650271461381",
            "tweet": "@ashokepandit Ab kaun paisa dega bhakwas karne ka.."
        },
        {
            "tweet_id": "1397236759814152198",
            "tweet": "@ashokepandit Half of the journalists will become jobless or lose their significance.."
        },
        {
            "tweet_id": "1397236792408039430",
            "tweet": "@ashokepandit \ud83d\ude02\ud83d\ude02\ud83d\ude02"
        },
        {
            "tweet_id": "1397237183384330241",
            "tweet": "@ashokepandit These assholes were surviving on 150/- per tweet..ab inke tukde tukde hone wale hai \ud83d\ude02",
            "replies": [
                {
                    "tweet_id": "1397243795100610565",
                    "tweet": "@sunnwire @ashokepandit Please also worry about BJP IT Cell bots who will loose job of 2Rs for spreading lies and hatred...What will happen to Nation with Namo Page? What will happen to Post Card?.."
                },
                {
                    "tweet_id": "1397286354103390208",
                    "tweet": "@sunnwire @ashokepandit Bro do you realise this is the last tweet for which u will get 2 rs ? How  will your buy ur booze to reenergise ur a gram brain"
                }
            ]
        },
        {
            "tweet_id": "1397237259863273476",
            "tweet": "@ashokepandit \u0907\u0938\u0915\u093e \u0935\u093f\u0928\u093e\u0936 \u0924\u094b \u092a\u0915\u094d\u0915\u093e \u0939\u0948"
        },
        {
            "tweet_id": "1397237714609754114",
            "tweet": "@ashokepandit \ud83d\ude02\ud83d\ude02\ud83d\ude02\ud83d\udcaf"
        },
        {
            "tweet_id": "1397237891235987461",
            "tweet": "@ashokepandit \u0938\u091a \u0939\u0948\u0902,\u0935\u0940\u0928\u093e\u0936\u0915\u093e\u0932\u0947 \u0935\u0940\u092a\u0930\u0940\u0924 \u092c\u0941\u0926\u094d\u0927\u093f, i agree"
        },
        {
            "tweet_id": "1397237975428308992",
            "tweet": "@ashokepandit Sir aapki naukri bhi khatre mein he.."
        },
        {
            "tweet_id": "1397241298097147920",
            "tweet": "@ashokepandit Congress finished eska dukan bhi finished."
        },
        {
            "tweet_id": "1397241784154181641",
            "tweet": "@ashokepandit ab andh bhakt ka dhanda band ho gaya"
        },
        {
            "tweet_id": "1397242797120438273",
            "tweet": "@ashokepandit If you had known better English then you wouldn't have found any \"Pro-Modi\" thing in the tweet \ud83d\ude02\ud83d\ude02\ud83d\ude02 \nWhat is Pro-Modi thing in her tweet ?? Tell me"
        },
        {
            "tweet_id": "1397244463018385412",
            "tweet": "@ashokepandit \u0939\u092e\u0947\u0902 \u0924\u094b  \u0926\u0941\u0903\u0916 \u0907\u0938 \u092c\u093e\u0924 \u0939\u0948 \u0915\u0940 \u0924\u0941\u092e\u0928\u0947 \u091c\u094b \u0926\u093f\u0939\u093e\u0921\u093c\u0940 \u092e\u091c\u093c\u0926\u0942\u0930 \u0930\u0916\u0947 \u0938\u093f\u0930\u094d\u092b\u093c \u0939\u092e\u0947\u0902 \u0921\u093f\u092b\u093c\u0947\u0902\u0921 \u0915\u0930\u0928\u0947 \u0915\u0947 \u0932\u093f\u090f \u0909\u0928 \u092c\u0947\u091a\u093e\u0930\u0947 \u092c\u0947\u0930\u094b\u091c\u093c\u0917\u093e\u0930\u094b\u0902 \u0915\u093e \u0915\u094d\u092f\u093e \u0939\u094b\u0917\u093e \u0905\u092c \u0924\u094b \u0909\u0928\u094d\u0939\u0947\u0902 \u0930\u094b\u091c\u093c\u0917\u093e\u0930 \u0915\u0940 \u091a\u093f\u0902\u0924\u093e \u0939\u094b\u0917\u0940 \n\n\u201c\u092e\u091c\u093c\u093e \u0924\u094b \u0905\u092c \u0906\u090f\u0917\u093e \u0928\u093e \u0938\u0902\u0924\u0930\u0947 \u0915\u0947 \u091b\u093f\u0932\u0902\u0915\u094b\u0902\u201d",
            "replies": [
                {
                    "tweet_id": "1397244721219637253",
                    "tweet": "@Humanist_IND @ashokepandit \ud83d\ude02\ud83d\ude02"
                },
                {
                    "tweet_id": "1397245301413584896",
                    "tweet": "@Humanist_IND @ashokepandit Dusro ko RT bhi diya kare bhai"
                },
                {
                    "tweet_id": "1397268965768896512",
                    "tweet": "@Humanist_IND @ashokepandit Moot peene wale congressi iski kab se chinta karne lagg gye ?"
                },
                {
                    "tweet_id": "1397490428857884673",
                    "tweet": "@Humanist_IND @ashokepandit \u0938\u0902\u0924\u094d\u0930\u0947 \u0915\u0947 \u091b\u093f\u0932\u0915\u094b...good one."
                }
            ]
        },
        {
            "tweet_id": "1397244704475987971",
            "tweet": "@ashokepandit \u091c\u092c \u0906\u0917 \u0932\u0917\u0947\u0917\u0940, \u0918\u0930 \u0906\u092a\u0915\u093e \u092d\u0940 \u091c\u0926 \u092e\u0947\u0902 \u0906\u092f\u0947\u0917\u093e\u0964 \u0906\u0917 \u0932\u0917\u093e\u0928\u0947 \u0935\u093e\u0932\u0947 \u092c\u0928 \u0928\u0947 \u0915\u093f \u092c\u091c\u093e\u090f \u0906\u0917 \u092c\u0941\u091d\u093e\u0928\u0947 \u0935\u093e\u0932\u0947 \u092c\u0928\u093f\u090f\u0964 \u092c\u094b\u0932\u0928\u0947 \u0915\u0940 \u0906\u091c\u093c\u093e\u0926\u0940 \u0916\u0924\u0930\u0947 \u092e\u0947\u0902 \u0939\u0948 \u0914\u0930 \u0906\u092a\u0915\u094b \u0905\u092d\u0940 \u0924\u0915 \u0938\u092e\u091d \u0928\u0939\u0940\u0902 \u0906 \u0930\u0939\u093e \u0924\u094b\u0939 \u092d\u0917\u0935\u093e\u0928 \u0906\u092a\u0915\u093e \u092d\u0932\u093e \u0915\u0930\u0947\u0964"
        },
        {
            "tweet_id": "1397245613079728130",
            "tweet": "@ashokepandit Every action has equal and opposite reaction! Just remember chamche Andhbhakt!"
        },
        {
            "tweet_id": "1397245817556242433",
            "tweet": "@ashokepandit \u0905\u0930\u0947 \u092e\u094b\u0926\u0940 \u091c\u0940 \u0915\u0930 \u0939\u0940 \u0928\u0939\u0940\u0902 \u0938\u0915\u0924\u093e \u0938\u094b\u0936\u0932 \u092e\u0940\u0921\u093f\u092f\u093e \u0915\u094b \u092c\u0948\u0928-\n\u0915\u094d\u092f\u094b\u0902\u0915\u093f \u0906\u092a\u0915\u0947 \u092e\u093e\u0932\u093f\u0915 \u0915\u094b \u092a\u0924\u093e \u0939\u0948 \u0905\u0917\u0930 \u0907\u0938\u0915\u094b \u092c\u0948\u0928 \u0915\u0930 \u0926\u093f\u092f\u093e \u0924\u094b \u0938\u0930\u0915\u093e\u0930 \u0915\u093e \u0935\u093f\u0915\u093e\u0938 \u092c\u093e\u0939\u0930 \u0938\u0921\u093c\u0915 \u092a\u0930 \u0906 \u091c\u093e\u090f\u0917\u093e!\n\u0932\u0902\u092c\u0940 \u0932\u0902\u092c\u0940 \u092b\u0947\u0902\u0915\u0928\u0947 \u092a\u0930 \u0926\u0947\u0916\u0947\u0917\u093e \u0915\u094c\u0928?\n\u092a\u094d\u092f\u093e\u091c\u093c \u0915\u093e\u091f\u0924\u0947 \u0935\u0915\u094d\u0924 \u091c\u094b \u0906\u0902\u0938\u0942 \u0906\u0924\u0947 \u0939\u0948\u0902 \u0935\u094b \u0926\u0947\u0916\u0947\u0917\u093e \u0915\u094c\u0928?\n\u0932\u094b\u0917\u094b\u0902 \u0915\u094b \u0938\u092e\u092f \u092e\u093f\u0932\u0947\u0917\u093e \u0924\u094b \u0932\u094b\u0917 \u0935\u093f\u0915\u093e\u0938 \u0915\u0947 \u092c\u093e\u0930\u0947 \u092e\u0947\u0902 \u092a\u0942\u091b\u0947\u0902\u0917\u0947\u0964\n\u0913\u0915\u0947 \ud83d\ude37",
            "replies": [
                {
                    "tweet_id": "1397268720892841985",
                    "tweet": "@swamiraj636 @ashokepandit Vikas dekhne walon ko dikhta hai....saree pehn kar signal per tali bajane walo ko nai"
                }
            ]
        },
        {
            "tweet_id": "1397249451308163072",
            "tweet": "@ashokepandit Let this Kamini third class shameless Pakistani go to Pakistan,  do journalism there."
        },
        {
            "tweet_id": "1397253992975978496",
            "tweet": "@ashokepandit She should be brought under strict action as this woman is always spreading venom.",
            "replies": [
                {
                    "tweet_id": "1397269009775562753",
                    "tweet": "@prithish_bjp @ashokepandit What about those spreading gobar? Take @SadhviPragya_MP @yogrishiramdev tarnishing India's image in international arena. \n\nLike a month or two ago we were applauding our doctors, nurses and now we are questioning them over the deaths of people died due to \"system\" collapse?"
                },
                {
                    "tweet_id": "1397273742091317248",
                    "tweet": "@prithish_bjp @ashokepandit First off all India got enough venom from godi media and godi \ud83d\udc15"
                }
            ]
        },
        {
            "tweet_id": "1397256994713702402",
            "tweet": "@ashokepandit Kal tak jo bolte the social media ek hathyar hai aaj kewal ek jhanki se darr gaye Dariye Mat modi andhbhakto yeah tu shuruat hai modi ke anth ki abhi to bahut kuch baqi hai 2022 mein UP jayega fir modi ki kurisi jayegi"
        },
        {
            "tweet_id": "1397259565176025088",
            "tweet": "@ashokepandit Are u crazy https://t.co/7gqdH1Dh4A"
        },
        {
            "tweet_id": "1397260509787820035",
            "tweet": "@ashokepandit \u0926\u0941\u0915\u093e\u0928 \u0924\u094b \u092c\u0939\u0941\u0924 \u0926\u093f\u0928\u094b\u0902 \u0938\u0947 \u092c\u0902\u0926 \u092a\u0921\u093c\u0940 \u0939\u0948\u0902 \u0915\u0941\u091b \u0915\u093e\u092e \u0927\u093e\u092e \u0926\u0947\u0916 \u0932\u094b \u092a\u0902\u0921\u093f\u0924 \u091c\u0940...\u0915\u0948\u0938\u0947 \u0915\u0930\u0924\u0947 \u0939\u094b \u092e\u0948\u0928\u0947\u091c \u092a\u094d\u0930\u092d\u0941."
        },
        {
            "tweet_id": "1397260965255606272",
            "tweet": "@ashokepandit Who else know them except twitter \ud83d\ude03\ud83d\ude03"
        },
        {
            "tweet_id": "1397263616131276800",
            "tweet": "@ashokepandit Picking one quote out of many \ud83e\udd71 \nNot cool @brother"
        },
        {
            "tweet_id": "1397264316273807360",
            "tweet": "@ashokepandit \u0906\u092a\u0915\u0940 \u0926\u0941\u0915\u093e\u0928 \u092d\u0940 \u092c\u0902\u0926 \u0939\u094b \u091c\u093e\u090f\u0917\u0940 \u091a\u093e\u091a\u093e\u091c\u0940"
        },
        {
            "tweet_id": "1397264659305046018",
            "tweet": "@ashokepandit Not only Twitter but also Alt News after doc analysis found some of the letter heads forged in the documents shared by Dr Patra,police should check the analysis done as it could prove an important evidence in cases filed."
        },
        {
            "tweet_id": "1397273586222522368",
            "tweet": "@ashokepandit I wish u could understand English like you could read and write !!! \n#AndhBhakt \ud83e\udd23\ud83e\udd23\ud83e\udd23"
        },
        {
            "tweet_id": "1397273959737946117",
            "tweet": "@ashokepandit @PMOIndia @narendramodi @AmitShah #TwitterBan agree and a company can\u2019t accept rule of land so why not yo ban them"
        },
        {
            "tweet_id": "1397276107649568770",
            "tweet": "@ashokepandit \ud83d\ude02\ud83d\ude02\ud83d\ude02\ud83d\ude02 usko ghanta farq nahi padta"
        },
        {
            "tweet_id": "1397278166499004418",
            "tweet": "@ashokepandit \u092c\u0940\u091c\u0947\u092a\u0940 \u0915\u0940 \u0926\u0941\u0915\u093e\u0928 \u0939\u0940 \u0938\u094b\u0936\u0932 \u092e\u0940\u0921\u093f\u092f\u093e /\u092e\u0940\u0921\u093f\u092f\u093e \u092a\u0947 \u091f\u093f\u0915\u0940 \u0939\u0948\u0902.\nTwitter/facebook \u092c\u0948\u0928 \u0939\u094b \u091c\u093e\u092f\u0947\u0917\u093e \u092b\u093f\u0930 \u092c\u0947\u091a\u093e\u0930\u0947 IT cell \u0935\u093e\u0932\u0947 \u0915\u094d\u092f\u093e \u0915\u0930\u0947\u0902\u0917\u0947.... \u0910\u0938\u0940 \u0939\u0940 \u0907\u0924\u0928\u0940 \u092c\u0947\u0930\u094b\u091c\u0917\u093e\u0930\u0940 \u092c\u0922\u093c \u0917\u092f\u0940 \u0939\u0948\u0902 \u0926\u0947\u0936 \u092e\u0947\u0902."
        },
        {
            "tweet_id": "1397283599859130371",
            "tweet": "@ashokepandit Q. \u0910\u0938\u0940 \u0915\u094c\u0928\u0938\u0940 \u091c\u0917\u0939(\u0930\u093e\u091c\u094d\u092f) \u0939\u0948 \u091c\u0939\u093e\u0902 \u092c\u0940\u091c\u0947\u092a\u0940 \u0915\u0947 \u0916\u093f\u0932\u093e\u092b \u090f\u0915 \u092d\u0940 \u092a\u094d\u0930\u094b\u091f\u0947\u0938\u094d\u091f \u0928\u0939\u0940\u0902 \u0939\u094b \u0930\u0939\u093e ?"
        },
        {
            "tweet_id": "1397296420089077761",
            "tweet": "@ashokepandit She is talking about repercussions to india in terms of various global indexs and overall global image...."
        },
        {
            "tweet_id": "1397311724580007944",
            "tweet": "@ashokepandit Ja be gadhe"
        },
        {
            "tweet_id": "1397329239301447681",
            "tweet": "@ashokepandit Ashok sir aaj kal \nKar kya rahe o"
        },
        {
            "tweet_id": "1397340762530992130",
            "tweet": "@ashokepandit Becharon chamacho ki dukane bnd ho gyi... Sahi b h  for the security &amp; data breach reasons sari social media organization ko under the indian govt hi kaam krna hota h yahi rule h"
        },
        {
            "tweet_id": "1397343012074659841",
            "tweet": "@ashokepandit \u0905\u0928\u093e\u0930\u0915\u0932\u0940 \u0915\u093e \u092b\u093c\u094b\u0928 \u0925\u093e! \u0906\u0907\u0938-\u0915\u094d\u0930\u0940\u092e \u0916\u093e\u0928\u093e \u091c\u093c\u0930\u0942\u0930\u0940 \u0939\u0948 sir"
        },
        {
            "tweet_id": "1397363184151846917",
            "tweet": "@ashokepandit GODI ki aukat nahi hai... Twitter and Face book ban karde.... Challenge you...."
        },
        {
            "tweet_id": "1397374800096419841",
            "tweet": "@ashokepandit 'Vinashkale vipareedha Budhi' the favourite sanskrit quote from holy Hindu scripture has nowadays seems to have become favourite quote from habitual modi haters! But it may not turn out to be vinasakal of the person they have in mind!!"
        },
        {
            "tweet_id": "1397408205521686532",
            "tweet": "@ashokepandit And suddenly quote in sanscrit"
        },
        {
            "tweet_id": "1397433556893270022",
            "tweet": "@ashokepandit The bigger question for tukde gang is that how will they survive without these platforms."
        },
        {
            "tweet_id": "1397483329260122112",
            "tweet": "@ashokepandit Plus using sanskrit phrases \ud83e\udd14\ud83e\udd14\ud83e\udd14\ud83e\udd14\ud83d\ude21\ud83d\ude21"
        },
        {
            "tweet_id": "1397524676025339908",
            "tweet": "@ashokepandit NEW INDIA"
        },
        {
            "tweet_id": "1397237960400060422",
            "tweet": "@ashokepandit As India has crossed 3 trillion in market cap and foreign reserve is the highest despite of a pandemic since last year, banning a mere social media platform will lead to destruction. She needs a pad on his forehead to talk some sense and logic."
        },
        {
            "tweet_id": "1397242427098992641",
            "tweet": "@ashokepandit \u0917\u093e\u0932\u0940 \u0926\u0947 \u0930\u0939\u0947 \u0939\u0948\u0902 \u092d\u093e\u0908"
        },
        {
            "tweet_id": "1397243637235335172",
            "tweet": "@ashokepandit Inke roji roti ka swal hai."
        },
        {
            "tweet_id": "1397271975068770304",
            "tweet": "@ashokepandit Pandit UNKIL key Kami Thi\nAagay UNKIL Apnay Malik Ka Talwa CHATNAY Kay Liya"
        },
        {
            "tweet_id": "1397489573039513602",
            "tweet": "@ashokepandit Bhakts have started their narrative in losing cause. Good one."
        },
        {
            "tweet_id": "1397236059860258816",
            "tweet": "@ashokepandit Who says journalism in India is throttled?????"
        },
        {
            "tweet_id": "1397236075253452804",
            "tweet": "@ashokepandit \ud83d\ude06\ud83d\ude06\ud83d\ude06\ud83d\ude06 who is she ,, bolte he budbee aati hai,, gaddar"
        },
        {
            "tweet_id": "1397239421817298944",
            "tweet": "@ashokepandit Randi Ayyub ke maa k...."
        },
        {
            "tweet_id": "1397240300133888013",
            "tweet": "@ashokepandit Ban Rana ayyub",
            "replies": [
                {
                    "tweet_id": "1397240964872384525",
                    "tweet": "@channu6 @ashokepandit ok go do it"
                }
            ]
        },
        {
            "tweet_id": "1397240834534293505",
            "tweet": "@ashokepandit You real sanghi Terrorist andh bhakt"
        },
        {
            "tweet_id": "1397244012344582144",
            "tweet": "@ashokepandit Uncle ka job chala jayega abb... feel sorry for u and it cell member's..abb kya hoga"
        },
        {
            "tweet_id": "1397244841004838912",
            "tweet": "@ashokepandit Truth reviled itself.  You gang is gay that is truth you lot is coward. Who cares what get band."
        },
        {
            "tweet_id": "1397258765905252352",
            "tweet": "@ashokepandit Aur aapki"
        },
        {
            "tweet_id": "1397259395109584902",
            "tweet": "@ashokepandit Uncle aap tension mat lo...agli baar pradhani ka ticket milega aapko...ab boliye..Go corona Go"
        },
        {
            "tweet_id": "1397259829740072961",
            "tweet": "@ashokepandit Chal ne \u2764\ufe0fde....nikal \ud83d\udd95"
        },
        {
            "tweet_id": "1397260325427113991",
            "tweet": "@ashokepandit #BanTwitterInIndia \n#BanTWITTER\nNATION FIRST NO COMPROMISE."
        },
        {
            "tweet_id": "1397262177254268933",
            "tweet": "@ashokepandit ashoke pandit more like asshole pandit"
        },
        {
            "tweet_id": "1397267722690437122",
            "tweet": "@ashokepandit Hey @RanaAyyub \nWould you like to keep your mouth... Shut up\n\nThink about yourself instead of @narendramodi"
        },
        {
            "tweet_id": "1397269067648552966",
            "tweet": "@ashokepandit Tu apni soch Dalal...teri chavanni to gyi \ud83d\ude02"
        },
        {
            "tweet_id": "1397270485553999877",
            "tweet": "@ashokepandit Phenke hue tukdon par palne wala .."
        },
        {
            "tweet_id": "1397273554618437633",
            "tweet": "@ashokepandit Darpok Modi \ud83d\ude02"
        },
        {
            "tweet_id": "1397276262440206343",
            "tweet": "@ashokepandit Dukan kar bhi kon raha?  Tu?  Irony."
        },
        {
            "tweet_id": "1397281446750932992",
            "tweet": "@ashokepandit \u0939\u093e\u0902 \u0928\u093e \u0968 \u0930\u0941\u092a\u090f/\u091f\u094d\u0935\u093f\u091f \u0935\u093e\u0932\u0947 \u0938\u092c \u092c\u0947\u0930\u094b\u091c\u0917\u093e\u0930!\n\n\u092e\u094b\u0926\u0940 \u0939\u0948\u0902 \u0924\u094b \u092e\u0941\u0928\u0915\u093f\u0928 \u0939\u0948\u0902 \u2764\ufe0f"
        },
        {
            "tweet_id": "1397282952300486658",
            "tweet": "@ashokepandit Dukan tera bhi bandh hoga"
        },
        {
            "tweet_id": "1397293500467617792",
            "tweet": "@ashokepandit Agar iski jagah America ne koi Indian app ko aise hi ban karne ki bat ki hoti to tum bhi aisa hi bolti"
        },
        {
            "tweet_id": "1397293774393331713",
            "tweet": "@ashokepandit Ye socho Twitter ban hone ke bad 2 bhk journalist ka kya hoga"
        },
        {
            "tweet_id": "1397303237997256705",
            "tweet": "@ashokepandit Kya re bhakt madharch*d"
        },
        {
            "tweet_id": "1397310833256927234",
            "tweet": "@ashokepandit Abey Chooooo \nSamaj ke liye akkal ki jaroorat hai jo tere paas nahi !!"
        },
        {
            "tweet_id": "1397311442097885185",
            "tweet": "@ashokepandit Something is fishy...is govt afraid being exposed....\ud83d\ude12\ud83d\ude12\ud83d\ude12 https://t.co/sChW1uGT0u"
        },
        {
            "tweet_id": "1397326350365597700",
            "tweet": "@ashokepandit \u0907\u0938 \u0926\u0941\u0915\u093e\u0928 \u0915\u0947 \u0938\u092c\u0938\u0947 \u092c\u0921\u093c\u0947 \u0917\u094d\u0930\u093e\u0939\u0915\u094b \u092e\u0947 \u0938\u0947 \u0906\u092a \u092d\u0940 \u090f\u0915 \u0917\u094d\u0930\u093e\u0939\u0915 \u0939\u0948, \u0935\u094b \u092d\u0940 \u0909\u0927\u093e\u0930 \u0930\u0916\u0928\u0947 \u0935\u093e\u0932\u0947 \ud83e\udd23\ud83d\ude02\ud83d\ude1d"
        },
        {
            "tweet_id": "1397334733135048705",
            "tweet": "@ashokepandit Nikal bhakt chutiye"
        },
        {
            "tweet_id": "1397402493278064644",
            "tweet": "@ashokepandit Paid agent for anti India activities. Ban Twitter in India. Let's all move to Indian App\"KOO\"."
        },
        {
            "tweet_id": "1397238388919619588",
            "tweet": "@ashokepandit Faku Modi supporter or bhad...w..?"
        },
        {
            "tweet_id": "1397276663705083904",
            "tweet": "@ashokepandit Nana g baas kijiye"
        },
        {
            "tweet_id": "1397242112341577730",
            "tweet": "@ashokepandit Tu apni soch jiske liye tujhe paise milte hai har tweet k liye aor jiski wajah se charcha mey rahta hai. Ban hua toh bahut acha hoga kam se kam tum jaise ki wajah se nafrat kami hogi.."
        },
        {
            "tweet_id": "1397575440009629703",
            "tweet": "@ashokepandit Let\u2019s educate the people who setill don\u2019t understand what is going on.\n\n1. The IT Rules were notified 3 months ago.\n\n2. One of the main things in them was for SM companies to set up a complaint redressal system.\n\n3. Tech Giants have to be transparent in their policies, not vagu"
        }
    ]
}