{
    "tweet_id": "1391513979369914368",
    "tweet": "Israel Murdabad \n\n #IndiaStandsWithPales",
    "comments": [
        {
            "tweet_id": "1391514970689396738",
            "tweet": "@alimehdi_inc Israel Murdabad \n\nPalestine Zindabad \n\n #IndiaStandsWithPalestine"
        },
        {
            "tweet_id": "1391515179830022146",
            "tweet": "@alimehdi_inc Murdabaaad murdabaaad"
        },
        {
            "tweet_id": "1391516147347042308",
            "tweet": "@alimehdi_inc Bhai there is no such a place called Israel.\nThe land is of our palestinians brothers and It would be of theirs only.\nInshaallah palestine will fight strongly and fearlessly and they will conquer the battle.",
            "replies": [
                {
                    "tweet_id": "1391694645009158144",
                    "tweet": "@RRizwan09 @alimehdi_inc Sala hgne ke lie railway ki property use krte ho or tumhe Israel chaie."
                },
                {
                    "tweet_id": "1392567976818188290",
                    "tweet": "@RRizwan09 @alimehdi_inc Is this the official stand of @INCIndia @RahulGandhi ?"
                },
                {
                    "tweet_id": "1391692231950561280",
                    "tweet": "@RRizwan09 @alimehdi_inc Israel will remain with the Jews \ud83d\ude0a"
                }
            ]
        },
        {
            "tweet_id": "1391517016607969282",
            "tweet": "@alimehdi_inc Israel murdabad,,duniya ki khamoshi ko murdabad\n\n#IndiaStandsWithIsrael"
        },
        {
            "tweet_id": "1391517683036917770",
            "tweet": "@alimehdi_inc @DesiZindagi1 \u0932\u093e\u0928\u0924 \u0907\u0938\u094d\u0930\u093e\u0907\u0932 \u092a\u0930"
        },
        {
            "tweet_id": "1391518472006295553",
            "tweet": "@alimehdi_inc \u0907\u0902\u0936\u093e \u0905\u0932\u094d\u0932\u093e\u0939 \u0907\u091c\u0930\u093e\u0907\u0932 \u0915\u093e \u0928\u093e\u092e\u094b\u0902 \u0928\u093f\u0936\u093e\u0928 \u092e\u093f\u091f\u093e \u0926\u0947\u0917\u0947",
            "replies": [
                {
                    "tweet_id": "1391591144497111042",
                    "tweet": "@__Thewitcher___ @alimehdi_inc \ud83d\ude02"
                },
                {
                    "tweet_id": "1392509923427115013",
                    "tweet": "@__Thewitcher___ @alimehdi_inc Ha tere ghar ka chatni n hai\ud83d\ude02\ud83d\ude02"
                }
            ]
        },
        {
            "tweet_id": "1391541671616126980",
            "tweet": "@alimehdi_inc Israel Murdabad \n\n \u0939\u0915\u093c \u0915\u0947 \u0930\u093e\u0938\u094d\u0924\u0947 \u092a\u0930 \u0905\u0917\u0930 \u0938\u093e\u0930\u0940 \u0915\u093e\u092f\u0928\u093e\u0924 \u092d\u0940 \u0924\u0941\u092e\u094d\u0939\u093e\u0930\u0947 \u0916\u093f\u0932\u093e\u092b \u0939\u094b \u0924\u094b \u092d\u0940 \u0924\u0941\u092e \u092f\u0915\u093c\u0940\u0928 \u0930\u0916\u094b \u261d\ufe0f \u0905\u0932\u094d\u0932\u093e\u0939 \u0924\u0941\u092e\u094d\u0939\u093e\u0930\u0947 \u0938\u093e\u0925 \u0939\u0948\n\n#IndiaStandsWithPalestine\n#BoycottIsrael \n#FreePalestine"
        },
        {
            "tweet_id": "1391546804940906496",
            "tweet": "@alimehdi_inc Murdabad Murdabad"
        },
        {
            "tweet_id": "1391548959609470984",
            "tweet": "@alimehdi_inc @Rashidsinghal \u0907\u091c\u0930\u093e\u0907\u0932 \u092e\u0941\u0930\u0926\u093e\u092c\u093e\u0926 \u0925\u093e \u092e\u0941\u0930\u0926\u093e\u092c\u093e\u0926 \u0939\u0948 \u0914\u0930 \u092e\u0941\u0930\u0926\u093e\u092c\u093e\u0926 \u0930\u0939\u0947\u0917\u093e \u0907\u091c\u0930\u093e\u0907\u0932 \u0905\u0924\u0915\u0935\u093e\u0926\u0940 bayccuot israil... #freefalisten"
        },
        {
            "tweet_id": "1391552941794873346",
            "tweet": "@alimehdi_inc Israel Murdabad Tha..Hai Or Kayamat Tak Rahega..\n\n #IndiaStandsWithPalestine"
        },
        {
            "tweet_id": "1391644141902200835",
            "tweet": "@alimehdi_inc Why Israel Murdabad ? Focus on India.... Leave the internal matters of Israel and Palestine  to their individual governments who  will do a good job if the world stops interfering and instigating  hatred between the two nations.",
            "replies": [
                {
                    "tweet_id": "1391646453148180485",
                    "tweet": "@Avengers1234560 @alimehdi_inc Saudi sent the oxygen to India  , something which every Indian highly appreciates.  But what context does the oxygen have to do with the primary  tweet or to my tweet?"
                },
                {
                    "tweet_id": "1391802875584540673",
                    "tweet": "@elton_fernandes @alimehdi_inc Pls tell to those who r supporting Israel"
                }
            ]
        },
        {
            "tweet_id": "1391659718326718464",
            "tweet": "@alimehdi_inc @RohanPandey__ #IndiaStandsWithPalestine",
            "replies": [
                {
                    "tweet_id": "1391659794814038017",
                    "tweet": "@MahibubPatel9 @alimehdi_inc @RohanPandey__ #IndiaStandsWithPalestine\n#IndiaStandsWithPalestine\nTrue Indians will always stand with Palestine against Israeli Oppression\n#IndiaStandsWithPalestine\n#IndiaStandsWithPalestine\n#IndiaStandsWithPalestine\n#IndiaStandsWithPalestine\n#IndiaStandsWithPalestine\n#IndiaStandsWithPalestine"
                }
            ]
        },
        {
            "tweet_id": "1391688363078426624",
            "tweet": "@alimehdi_inc \"You don't have to be Palestinian to speak, it is enough to be a human\"\n#savesheikhjarrah \n#IndiaStandsWithPalestine \n#IndiaStandsWithPalestine \n#IndiaStandsWithPalestine \n#IndiaStandsWithPalestine \n#IStandsWithPalestine"
        },
        {
            "tweet_id": "1391699038542602242",
            "tweet": "@alimehdi_inc I'm Indian &amp; I stand with Palestine \n#IndiaStandsWithPalestine",
            "replies": [
                {
                    "tweet_id": "1391699116565180416",
                    "tweet": "@ORChauhan2 @alimehdi_inc most of you stand with Israel so"
                }
            ]
        },
        {
            "tweet_id": "1391703721139216384",
            "tweet": "@alimehdi_inc \u092e\u0940\u0920\u093e \u0916\u093e\u0928\u093e \u0939\u0940 \u0938\u0941\u0928\u094d\u0928\u0924 \u0928\u0939\u0940 \u0939\u0948 \u091c\u0941\u0932\u094d\u092e \u0915\u0947 \u0916\u093f\u0932\u093e\u092b \u0906\u0935\u093e\u091c\u093c \u0909\u0920\u093e\u0928\u093e \u092d\u0940 \u0938\u0941\u0928\u094d\u0928\u0924 \u0939\u0948|\n\n#FreePalestine \n\n#indiastandswithpalestine\ud83c\uddee\ud83c\uddf3\ud83c\uddf5\ud83c\uddf8"
        },
        {
            "tweet_id": "1391705790478790660",
            "tweet": "@alimehdi_inc \u092e\u0948\u0928\u0947 \u0907\u091c\u0930\u093e\u0907\u0932 \u0914\u0930 \u092a\u0947\u0932\u0947\u0938\u094d\u0924\u0940\u0928 \u0915\u0949\u0928\u094d\u092b\u094d\u0932\u093f\u0915\u094d\u091f \u0915\u0947 \u092c\u093e\u0930\u0947 \u092e\u0947\u0902 \u0926\u0947\u0916 \u0914\u0930 \u0938\u092e\u091d\u093e \u0915\u093f \u0907\u091c\u0930\u093e\u0907\u0932 \u092c\u0939\u0941\u0924 \u0917\u0932\u0924 \u0915\u0930 \u0930\u0939\u093e \u0939\u0948 \u0914\u0930 \u092e\u0941\u091d\u0947 \u090f\u0915 \u092c\u093e\u0924 \u0938\u092e\u091d \u092e\u0947 \u0906\u0908 \u0915\u093f \u0905\u092e\u0947\u0930\u093f\u0915\u093e \u0915\u0947 \u0939\u0938\u094d\u0924\u0915\u094d\u0937\u0947\u092a \u0915\u0930\u0928\u0947 \u0938\u0947 \u0935\u0939\u093e \u0915\u0947 \u0939\u093e\u0932\u093e\u0924 \u0938\u0939\u0940 \u0939\u094b \u0938\u0915\u0924\u0947 \u0939\u0948 \u0915\u094d\u092f\u094b\u0902\u0915\u093f \u092a\u0939\u0932\u0947 \u092d\u0940 \u0905\u092e\u0947\u0930\u093f\u0915\u093e \u0928\u0947 \u0907\u0938 \u092e\u093e\u092e\u0932\u0947 \u0915\u094b \u0938\u0941\u0932\u091d\u093e\u092f\u093e \u0925\u093e \u0964"
        },
        {
            "tweet_id": "1391742315115343879",
            "tweet": "@alimehdi_inc Ameen \ud83c\udf39"
        },
        {
            "tweet_id": "1391755125501227013",
            "tweet": "@alimehdi_inc Israel Murdabad \n\n #IndiaStandsWithPalestine"
        },
        {
            "tweet_id": "1391772306091827206",
            "tweet": "@alimehdi_inc kyu dukh raha hai punture chhap"
        },
        {
            "tweet_id": "1391779131105419271",
            "tweet": "@alimehdi_inc \u0905\u0938\u094d\u092a\u0924\u093e\u0932\u094b\u0902 \u092e\u0947\u0902 \u092a\u0921\u093c\u0947 \u092e\u093e\u0901-\u092c\u093e\u092a \u092e\u0941\u0939\u0901 \u092e\u0947\u0902 \u0932\u0947 \u0930\u0939\u0947 \u0939\u0948\u0902 \u0917\u0932\u094d\u092b \u0915\u0947 \u0936\u0947\u0916\u094b\u0902 \u0915\u093e \u092a\u093e\u0907\u092a,  \u0914\u0930 \u0914\u0932\u093e\u0926\u0947 \u0938\u094b\u0936\u0932 \u092e\u0940\u0921\u093f\u092f\u093e \u092a\u0930 \u0932\u093f\u0916 \u0930\u0939\u0940 \u0939\u0948.. Istandwithisrail"
        },
        {
            "tweet_id": "1391947231394103296",
            "tweet": "@alimehdi_inc Shameless, anyone can too say #palestanianmurdabad"
        },
        {
            "tweet_id": "1392701967827275779",
            "tweet": "@alimehdi_inc Please stand for Hindus in Pakistan too \ud83d\ude42"
        },
        {
            "tweet_id": "1392994993996898304",
            "tweet": "@alimehdi_inc \ud83d\ude02\ud83d\ude02\ud83d\ude02 murdabad bolne se kya hoga akela sher 6 nation ko haraya thaa to ye \" pale , Stine kya chiz hai \""
        },
        {
            "tweet_id": "1393103907937689603",
            "tweet": "@alimehdi_inc Ek baar pakistan murdabad likhe"
        },
        {
            "tweet_id": "1391535302397685760",
            "tweet": "@alimehdi_inc \u092d\u093e\u0930\u0924 \u0938\u0947 \u0907\u091c\u0930\u093e\u092f\u0932 \u0915\u0940 \u0926\u094b\u0938\u094d\u0924\u0940 \u0939\u0948\u0964 \u091c\u0947\u0939\u093e\u0926\u0940 \u092e\u093e\u0928\u0938\u093f\u0915\u0924\u093e \u0915\u0947 \u0932\u094b\u0917 \u0907\u091c\u0930\u093e\u0907\u0932 \u0915\u0947 \u0916\u093f\u0932\u093e\u092b \u0932\u093f\u0916\u0924\u0947 \u0939\u0948\u0902\u0964"
        },
        {
            "tweet_id": "1391547584708235270",
            "tweet": "@alimehdi_inc \u0928\u093e \u091c\u0940\u0928\u0947 \u0915\u093e \u092e\u094b\u0939..\n\u0928\u093e \u092e\u0930\u0928\u0947 \u0915\u093e \u092d\u092f..\n\n\u092c\u0947\u0916\u093c\u094c\u092b\u093c \u0914\u0930 \u0928\u093f\u0921\u0930..\n\u0938\u0932\u093e\u092e \u092b\u093c\u0932\u0938\u094d\u0924\u093f\u0928\u093f \u092d\u093e\u0908 \u092c\u0939\u0928..\n\n#IndiaStandsWithPalestine \n\nhttps://t.co/SWIULAZlz5"
        },
        {
            "tweet_id": "1391618678706171905",
            "tweet": "@alimehdi_inc \u092f\u0947 \u0938\u092c \u0915\u094d\u092f\u094b\u0902 \u092a\u094b\u0938\u094d\u091f \u0915\u0930 \u0930\u0939\u0947 \u0939\u094b \u0907\u0938\u0938\u0947 \u0915\u093e\u0902\u0917\u094d\u0930\u0947\u0938 \u0915\u094b \u092e\u091c\u092c\u0942\u0924\u0940 \u0928\u0939\u0940 \u0915\u092e\u091c\u094b\u0930\u0940 \u0939\u0940 \u092e\u093f\u0932\u0947\u0917\u0940"
        },
        {
            "tweet_id": "1391636509241929728",
            "tweet": "@alimehdi_inc @shanmugam_18 Terrorist israel Murdabaad. \n#IndiaStandsWithPaletine"
        },
        {
            "tweet_id": "1391643464199118851",
            "tweet": "@alimehdi_inc #IndiaStandsWithIsrael .. Palestine ke support mein aye badua bengal riots par pichwada sooj gya tha ka"
        },
        {
            "tweet_id": "1391690247830835205",
            "tweet": "@alimehdi_inc \u091c\u093f\u0928\u0915\u0947 \u092e\u093e\u0902 \u092c\u093e\u092a \u0915\u094b \u0911\u0915\u094d\u0938\u0940\u091c\u0928 \u0928\u0939\u0940 \u092e\u093f\u0932 \u0930\u0939\u0940 \u0935\u094b \u092d\u0940 stand with israel \u0932\u093f\u0916 \u0930\u0939\u0947 \u0939\u0948\u0964"
        },
        {
            "tweet_id": "1391692576420335619",
            "tweet": "@alimehdi_inc Why are Indian Muslims so concerned about Palestine? Never saw this concern when a French teacher's head was..."
        },
        {
            "tweet_id": "1391719220967206917",
            "tweet": "@alimehdi_inc Chup atankwadi"
        },
        {
            "tweet_id": "1392436470133133317",
            "tweet": "@alimehdi_inc Isreal is real balk country fucj u"
        },
        {
            "tweet_id": "1392443118989942785",
            "tweet": "@alimehdi_inc If you or your Allah just have power to do something, then try to do now.....\ud83d\ude02\n\nIt is heard that steel is filled in all holes by the Israeli security forces, which naturally made to remove the waste of the body.\n\n #Long_live_Israel \ud83d\ude4f\n\n#IndianLivesMatter \n#IndiaStandsWithIsrael https://t.co/kf98MD6QfD"
        },
        {
            "tweet_id": "1392447501047943175",
            "tweet": "@alimehdi_inc India stands with Israel. Wtf are you talking about."
        },
        {
            "tweet_id": "1392509582052761602",
            "tweet": "@alimehdi_inc Kyo bhai sahab dikkat kyo hai apko itna israel to apki or hm sab ki iss corona mahamari me madad kr rha hai to jal kyo rhi hai itna  apke dost bhai jihadiyo par missile barsaye ja rhe  isliye so sad ki tumhare jaise ghatiya    logo ko ye congress party leader banati\ud83d\ude21\ud83d\ude21\ud83d\ude21"
        },
        {
            "tweet_id": "1392699770133651456",
            "tweet": "@alimehdi_inc Saudi Arabia is with Israel and these so called muzzalims are with Palestine. #killterrorists #palestineterrorist \n#IndiaStandsWithIsrael"
        },
        {
            "tweet_id": "1392778834961846273",
            "tweet": "@alimehdi_inc Sir Israel will never bent down in front of the terrorists. #IndiaStandsWithIsrael.\ud83c\uddee\ud83c\uddf1\ud83c\uddee\ud83c\uddf1\ud83c\uddee\ud83c\uddf1"
        }
    ]
}