{
    "tweet_id": "1394701718458310661",
    "tweet": "unfortunately this fucker Vaibhav has blocked me. I would take great pleasure in exposing his vicious bigoted ass otherwise.",
    "comments": [
        {
            "tweet_id": "1394702573836320771",
            "tweet": "@AbbakkaHypatia Login from someone's account or the Alt",
            "replies": [
                {
                    "tweet_id": "1394703968094146560",
                    "tweet": "@Sara26877456 I dont have alt"
                }
            ]
        },
        {
            "tweet_id": "1394704938408710146",
            "tweet": "@AbbakkaHypatia you can use incognito mode in chrome",
            "replies": [
                {
                    "tweet_id": "1394705132827250692",
                    "tweet": "@hoopoe_is_here oh! I will try mam. thanks."
                }
            ]
        },
        {
            "tweet_id": "1394824478736084996",
            "tweet": "@AbbakkaHypatia Got you covered.. https://t.co/7T52YqMd1M",
            "replies": [
                {
                    "tweet_id": "1394832010443595776",
                    "tweet": "@aamil4u_ Vile fellow"
                }
            ]
        }
    ]
}