{
    "tweet_id": "1392742952896659456",
    "tweet": "\u092e\u0948\u0902\u0928\u0947 \u0911\u0915\u094d\u0938\u0940\u091c\u0928 \u092e\u0941\u092b\u094d\u0924 \u0935\u093f\u0924\u0930\u0923 \u0915\u0930\u0915\u0947 \u0905\u092a\u0928\u0947 \u0915\u094d\u0937\u0947\u0924\u094d\u0930\u0935\u093e\u0938\u093f\u092f\u094b\u0902 \u0915\u0940 \u0938\u0947\u0935\u093e \u0915\u0940, \u0915\u0941\u091b \u0932\u094b\u0917\u094b\u0902 \u0915\u094b \u092f\u0947 \u092a\u0902\u0938\u0926 \u0928\u0939\u0940\u0902 \u0906\u092f\u093e \u0914\u0930 \u092e\u0941\u091d\u092a\u0930 \u091d\u0942\u0920\u0947 \u0906\u0930\u094b\u092a \u0932\u0917\u093e\u090f \u0917\u090f...\n\u0906\u091c \u092e\u093e\u0928\u0928\u0940\u092f \u0928\u094d\u092f\u093e\u092f\u093e\u0932\u092f \u0928\u0947 \u092e\u0941\u091d\u0947 \u092c\u0930\u0940 \u0915\u0930 \u0926\u093f\u092f\u093e \u0939\u0948\u0964 \u092e\u0948\u0902 \u0910\u0938\u0947 \u091c\u0928\u0924\u093e \u0915\u0940 \u0938\u0947\u0935\u093e \u0915\u0930\u0924\u093e \u0930\u0939\u0942\u0902\u0917\u093e, \u092e\u0947\u0930\u093e \u092a\u0942\u0930\u093e \u0927\u094d\u092f\u093e\u0928 \u091c\u0928\u0924\u093e \u0915\u0940 \u0938\u0947\u0935\u093e \u092a\u0930 \u0915\u0947\u0902\u0926\u094d\u0930\u093f\u0924 \u0939\u0948\u0964",
    "comments": [
        {
            "tweet_id": "1392743816868765700",
            "tweet": "@ImranHussaain Bhai logo ki dua aapke sath thi mere chacha ke liye bhi aapne free oxygen diya allah ka shukar hai ab chacha thik hai aapko dua dete hai"
        },
        {
            "tweet_id": "1392744262312333313",
            "tweet": "@ImranHussaain Mubarak ho apko @ImranHussaain  sahab \ud83d\udc4d\ud83c\udffb\ud83d\ude0d"
        },
        {
            "tweet_id": "1392744956813484032",
            "tweet": "@ImranHussaain \u0907\u092e\u0930\u093e\u0928 \u092d\u093e\u0908 \u0906\u092a \u091c\u0928\u0924\u093e \u0915\u0940 \u0938\u0947\u0935\u093e \u0915\u0940\u091c\u093f\u090f \u091c\u0928\u0924\u093e \u0906\u092a\u0915\u0947 \u0938\u093e\u0925 \u0916\u0921\u093c\u0940 \u0939\u0948"
        },
        {
            "tweet_id": "1392745286154350596",
            "tweet": "@ImranHussaain @sdhruv86 Proud of u sir.\ud83d\ude4f"
        },
        {
            "tweet_id": "1392745429821919232",
            "tweet": "@ImranHussaain Good"
        },
        {
            "tweet_id": "1392745446305538050",
            "tweet": "@ImranHussaain Keep ti on Bro."
        },
        {
            "tweet_id": "1392745468786970624",
            "tweet": "@ImranHussaain @AamAadmiParty Sabse pahle apko sir us RSS ke kejriwal se bahar hona hogaa"
        },
        {
            "tweet_id": "1392745521098362883",
            "tweet": "@ImranHussaain @AamAadmiParty Or hum to bolenge #OxygenChorAAP https://t.co/NemF1IXftZ"
        },
        {
            "tweet_id": "1392745592103727104",
            "tweet": "@ImranHussaain @AamAadmiParty Good jobs"
        },
        {
            "tweet_id": "1392745814884188165",
            "tweet": "@ImranHussaain \u0906\u092a \u090f\u0915 \u0905\u091b\u0947 \u0928\u0947\u0924\u093e \u0939\u094b \u0932\u094b\u0917\u094b \u0915\u0940 \u092e\u0926\u0926 \u0915\u0940 \u0906\u092a \u0928\u0947\ud83d\ude4f\ud83d\ude4f\ud83d\ude4f\ud83d\ude4f"
        },
        {
            "tweet_id": "1392745864322457600",
            "tweet": "@ImranHussaain @AamAadmiParty Well done \u270c\ufe0f\u270c\ufe0f\ud83d\udc9d"
        },
        {
            "tweet_id": "1392746057700831236",
            "tweet": "@ImranHussaain \u0938\u091a \u092a\u0930\u0947\u0936\u093e\u0928 \u0939\u094b\u0924\u093e \u0939\u0948 \u0939\u093e\u0930\u0924\u093e \u0928\u0939\u0940 \u0939\u0948... \u0928\u094d\u092f\u093e\u092f\u093e\u092f\u0932 \u0939\u092e\u0947\u0936\u093e \u0938\u0924\u094d\u092f \u0915\u093e \u0938\u093e\u0925 \u0926\u0947\u0924\u093e \u0939\u0948\u0964\u092c\u0927\u093e\u0908\ud83d\udc90"
        },
        {
            "tweet_id": "1392746146695573505",
            "tweet": "@ImranHussaain @AamAadmiParty \"\u0938\u0924\u094d\u092f\u092e\u0947\u0935 \u091c\u092f\u0924\u0947\"\n\ud83d\udc4d"
        },
        {
            "tweet_id": "1392746216375525380",
            "tweet": "@ImranHussaain You great sir"
        },
        {
            "tweet_id": "1392747477342703617",
            "tweet": "@ImranHussaain @AamAadmiParty \u0905\u092c \u091c\u0947\u0932  \u092e\u0947\u0902 \u0911\u0915\u094d\u0938\u0940\u091c\u0928  \u092c\u093e\u091f",
            "replies": [
                {
                    "tweet_id": "1392756020980588547",
                    "tweet": "@chitransh_lucky High Court ne to yachika cancle kar di ab suprme Court chale jao"
                },
                {
                    "tweet_id": "1392757839517552643",
                    "tweet": "@chitransh_lucky @ImranHussaain @AamAadmiParty Abe chtya andbhakt pehle shi se pedh to le.... baizzat bari kr dya court ne...."
                }
            ]
        },
        {
            "tweet_id": "1392747543721873412",
            "tweet": "@ImranHussaain Support sir BJP ki jalti ha to Jalna do app apna kam kro acha se"
        },
        {
            "tweet_id": "1392748017862680580",
            "tweet": "@ImranHussaain @AamAadmiParty App h to hi mumkin h\nYe iljam lagate rahenge lekin hamara hausla tod k dilhaye ye gaddar to mane aap lage raho sab aap ke sath h"
        },
        {
            "tweet_id": "1392748037886255104",
            "tweet": "@ImranHussaain @AamAadmiParty https://t.co/pyDOT1p985"
        },
        {
            "tweet_id": "1392748136720863240",
            "tweet": "@ImranHussaain @AamAadmiParty Mein mein mein!!!!"
        },
        {
            "tweet_id": "1392751699480113152",
            "tweet": "@Triloksrana1 @ImranHussaain \ud83e\udd26\ud83c\udffb\ud83e\udd26\ud83c\udffb"
        },
        {
            "tweet_id": "1392748743603101697",
            "tweet": "@ImranHussaain \u092d\u093e\u0908 \u0906\u092a \u0905\u091a\u094d\u091b\u093e \u0915\u093e\u092e \u0915\u0930 \u0930\u0939\u0947 \u0939\u0948 \u0905\u091a\u094d\u091b\u0947 \u0932\u094b\u0917\u094b\u0902 \u0915\u0940 \u092e\u0926\u0926 \u0939\u092e\u0947\u0936\u093e \u0905\u0932\u094d\u0932\u093e\u0939 \u0915\u0930\u0924\u0947 \u0939\u0948\u0902 \u092f\u0939 \u092c\u0940\u091c\u0947\u092a\u0940 \u0935\u093e\u0932\u0947 \u0906\u092a \u0915\u093e \u0915\u0941\u091b \u0928\u0939\u0940\u0902 \u0909\u0916\u093e\u0921\u093c \u0938\u0915\u0924\u0947 \u0907\u0928\u0915\u093e \u0905\u0902\u0924 \u092d\u0940 \u0928\u093f\u0936\u094d\u091a\u093f\u0924 \u0939\u0948",
            "replies": [
                {
                    "tweet_id": "1393015277407723530",
                    "tweet": "@AkhtarS18098821 @ImranHussaain Insha\"Allha Big Brother"
                }
            ]
        },
        {
            "tweet_id": "1392749201650376704",
            "tweet": "@ImranHussaain @AamAadmiParty \u0915\u093f\u0938\u0915\u0940 \u0917\u0932\u0924\u0940 \u0939\u0948 \u0915\u094d\u092f\u093e \u092a\u0924\u093e \u0932\u094b\u0915\u0924\u0902\u0924\u094d\u0930 \u0915\u0940 \u0939\u0924\u094d\u092f\u093e \u0939\u094b \u0917\u0908 \u091c\u092e\u093e\u0916\u094b\u0930\u0940 \u0915\u0930\u0928\u0947 \u0935\u093e\u0932\u0947 \u0915\u094b \u092c\u0930\u0940 \u0915\u0930 \u0926\u0947\u0924\u0947 \u0939\u0948\u0902",
            "replies": [
                {
                    "tweet_id": "1392847556669960192",
                    "tweet": "@Jayeshm36403390 @ImranHussaain @AamAadmiParty \ud83d\ude05"
                }
            ]
        },
        {
            "tweet_id": "1392749265659645955",
            "tweet": "@ImranHussaain Bahut achcha kaam kar rahen hai aap. Allah khair karengey"
        },
        {
            "tweet_id": "1392749314145886211",
            "tweet": "@ImranHussaain @AamAadmiParty Tum logo ne game kar diya dilli ka!\n\nMurderers",
            "replies": [
                {
                    "tweet_id": "1392749642253705217",
                    "tweet": "@SahilAdya @ImranHussaain @AamAadmiParty Ar bjp ne india ka \ud83d\ude2d"
                },
                {
                    "tweet_id": "1392754168536780803",
                    "tweet": "@SahilAdya @ImranHussaain @AamAadmiParty \u0914\u0930 \u0926\u0947\u0936 \u0915\u093e? \ud83e\udd14 please \u0928\u0947\u0939\u0930\u0942 \u0915\u093e \u0928\u093e\u092e \u092e\u0924 \u0932\u0947\u0928\u093e, \u0935\u094b \u092a\u0941\u0930\u093e\u0928\u093e \u0939\u094b \u0917\u092f\u093e \u0939\u0948\u0902\u0964"
                },
                {
                    "tweet_id": "1392754433256148995",
                    "tweet": "@SahilAdya @ImranHussaain @AamAadmiParty And baki state ka #BJP ne"
                },
                {
                    "tweet_id": "1392758389210435588",
                    "tweet": "@SahilAdya @ImranHussaain @AamAadmiParty \ud83d\ude44 https://t.co/xSBmkUk0xR"
                }
            ]
        },
        {
            "tweet_id": "1392749481536286721",
            "tweet": "@ImranHussaain \u092c\u0939\u0941\u0924 \u0905\u091a\u094d\u091b\u0947 \u0907\u092e\u0930\u093e\u0928 \u092d\u093e\u0908 \u0932\u0917\u0947 \u0930\u0939\u093f\u092f\u0947..... \u0915\u0941\u0924\u094d\u0924\u094b\u0902 \u0915\u094b \u092d\u094b\u0902\u0915\u0928\u0947 \u0926\u094b\u0964"
        },
        {
            "tweet_id": "1392749494136049667",
            "tweet": "@ImranHussaain @AamAadmiParty We are proud of you"
        },
        {
            "tweet_id": "1392749502277197829",
            "tweet": "@ImranHussaain @KhushalAAP Sir uske saath ese logo per legal action lena chaiye."
        },
        {
            "tweet_id": "1392749621374423042",
            "tweet": "@ImranHussaain Even vultures are better than BJP."
        },
        {
            "tweet_id": "1392749646590582786",
            "tweet": "@ImranHussaain @AamAadmiParty GOOD LUCK AND LOT OF BEST WISHES .SERVICE TO NEEDY CAN BR DONE BY FEW LIKE YOU"
        },
        {
            "tweet_id": "1392749730900312066",
            "tweet": "@ImranHussaain We are proud of you sir \ud83d\ude07\ud83d\ude07.."
        },
        {
            "tweet_id": "1392750130315497474",
            "tweet": "@ImranHussaain @AamAadmiParty \u092d\u093e\u091c\u092a\u093e \u0915\u0947 \u0915\u0941\u0924\u094d\u0924\u0947 \u0910\u0938\u0947 \u0939\u0940 \u0915\u0930\u0924\u0947 \u0930\u0939\u0947\u0902\u0917\u0947\n\u0906\u092a \u0932\u0917\u0947 \u0930\u0939\u094b \u091c\u0928 \u0938\u0947\u0935\u093e \u092e\u0947\u0902"
        },
        {
            "tweet_id": "1392750527264346113",
            "tweet": "@ImranHussaain Imran Hussain ji, The truth never bows...keep it up and serve the Humanity. Thank you so much for your JanSeva...."
        },
        {
            "tweet_id": "1392750623808921604",
            "tweet": "@ImranHussaain @AamAadmiParty Good. Great job. Be continue please."
        },
        {
            "tweet_id": "1392750717677424640",
            "tweet": "@ImranHussaain \u0909\u0928 \u0932\u094b\u0917\u094b\u0902 \u0915\u0947 \u0916\u093f\u0932\u093e\u092b \u092e\u093e\u0928\u0939\u093e\u0928\u093f \u0915\u093e \u092e\u0941\u0915\u0926\u092e\u093e \u0915\u0930\u0935\u093e \u0926\u0940\u091c\u093f\u090f\u0964 \u091c\u094b \u0906\u092a\u0915\u094b \u0915\u094b\u0930\u094d\u091f \u0918\u0938\u0940\u091f\u0928\u093e \u091a\u093e\u0939\u0924\u0947 \u0925\u0947 \u0905\u092c \u0909\u0928\u0915\u094b \u0918\u0938\u0940\u091f \u0932\u094b"
        },
        {
            "tweet_id": "1392750774795444227",
            "tweet": "@ImranHussaain @AamAadmiParty \u0932\u094b\u0917\u094b\u0902 \u0915\u0940 \u0938\u0947\u0935\u093e \u0928\u093f\u0938\u094d\u0935\u093e\u0930\u094d\u0925 \u092d\u093e\u0935 \u0938\u0947 \u0915\u0930\u0924\u0947 \u0930\u0939\u093f\u090f\u0964"
        },
        {
            "tweet_id": "1392750986775592961",
            "tweet": "@ImranHussaain \u0906\u092a\u0915\u094b \u0938\u091a\u094d\u091a\u0940 \u0908\u0926 \u092e\u0941\u092c\u093e\u0930\u0915 \ud83d\ude4f\ud83d\udc90"
        },
        {
            "tweet_id": "1392751181877760003",
            "tweet": "@ImranHussaain \u0938\u0924\u094d\u092f\u092e\u0947\u0935 \u091c\u092f\u0924\u0947\u0964"
        },
        {
            "tweet_id": "1392751831210627072",
            "tweet": "@ImranHussaain @AamAadmiParty Farzi log, farzi bill pesh krke sahi saabit ho gaye..... But delhi ko janta sch janti h..... In aapiyo ka",
            "replies": [
                {
                    "tweet_id": "1392753876269416450",
                    "tweet": "@Saurabh02978404 @ImranHussaain @AamAadmiParty BJP ka toh desh jan gaya hai saheb."
                }
            ]
        },
        {
            "tweet_id": "1392751920075345923",
            "tweet": "@ImranHussaain \u092e\u093e\u0928\u0935 \u0938\u0947\u0935\u093e \u0939\u0940 \u0938\u092c\u0938\u0947 \u092c\u0921\u093c\u093e \u0927\u0930\u094d\u092e \u0939\u0948\u0964 @ArvindKejriwal @msisodia @SatyendarJain @RamNiwasGoelAap"
        },
        {
            "tweet_id": "1392753072770887681",
            "tweet": "@ImranHussaain @AamAadmiParty \u0938\u093e\u0930\u093e \u0911\u0915\u094d\u0938\u0940\u091c\u0928 \u0924\u0941\u092e \u0932\u094b\u0917 \u0939\u0940 \u0916\u0930\u0940\u0926 \u0915\u0930 \u0930\u0916 \u0932\u094b\u0917\u0947 \u0924\u094b \u092c\u093e\u0915\u093f\u092f\u094b\u0902 \u0915\u094b \u0915\u0948\u0938\u0947 \u092e\u093f\u0932\u0947\u0917\u093e? \u0915\u094d\u092f\u093e \u0924\u0941\u092e \u0905\u092a\u0928\u0940 \u0907\u0938 \u0939\u0930\u0915\u0924 \u0915\u094b \u0932\u094b\u0917\u094b\u0902 \u0915\u0940 \u0938\u0947\u0935\u093e \u0915\u0930\u0928\u093e \u092e\u093e\u0928\u0924\u0947 \u0939\u094b?",
            "replies": [
                {
                    "tweet_id": "1392770548350939136",
                    "tweet": "@Kaustubh4India @ImranHussaain @AamAadmiParty \u092e\u0942\u0930\u094d\u0916 \u0932\u094b\u0917\u094b \u0924\u094b \u0905\u092d\u0940 \u0924\u0915 \u0936\u0930\u094d\u092e \u0928\u0939\u0940 \u0930\u0939\u0940\u0964\n\n\u0939\u0930 \u092c\u093e\u0930 \u0924\u0941\u092e\u0915\u094b \u0915\u094b\u0930\u094d\u091f \u092e\u0947\u0902 \u0932\u091c\u094d\u091c\u093f\u0924 \u0939\u094b\u0928\u093e \u092a\u0921\u093c\u093e, \u092e\u0917\u0930 \u0924\u0941\u092e \u0932\u094b\u0917 \u0917\u093f\u0926\u094d\u0927 \u0939\u094b \u092c\u0947, \u0917\u093f\u0926\u094d\u0927"
                },
                {
                    "tweet_id": "1392785619940564996",
                    "tweet": "@Kaustubh4India @ImranHussaain @AamAadmiParty \u091c\u092c \u0924\u0915 \u0924\u0941\u092e\u094d\u0939\u093e\u0930\u0947 \u091c\u0948\u0938\u0947 \u091b\u094b\u091f\u0947 \u0932\u094b\u0917 \u0939\u0948\u0902 \u0907\u0938 \u0926\u0947\u0936 \u0915\u093e \u0915\u0941\u091b \u0928\u0939\u0940\u0902 \u0939\u094b \u0938\u0915\u0924\u093e"
                },
                {
                    "tweet_id": "1392805194832834560",
                    "tweet": "@Kaustubh4India @ImranHussaain @AamAadmiParty \u0917\u094c\u0924\u092e \u0917\u0902\u092d\u0940\u0930 \u092d\u0940 \u092c\u093e\u0902\u091f \u0930\u0939\u093e \u0939\u0948 \u0936\u093e\u092f\u0926?"
                },
                {
                    "tweet_id": "1392840003080769537",
                    "tweet": "@Kaustubh4India @ImranHussaain @AamAadmiParty 10 \u0938\u093f\u0932\u093f\u0902\u0921\u0930 \u092c\u093e\u0901\u091f\u0947 \u0909\u0938\u0928\u0947 \u0915\u094d\u092f\u093e \u0917\u0932\u0924 \u0915\u093f\u092f\u093e, 10 \u091c\u093e\u0928\u0947 \u092c\u091a \u0939\u094b\u0902\u0917\u0940\u0902 , \u092f\u0947 \u0915\u093e\u092b\u0940 \u0928\u0939\u0940\u0902 \u0939\u0948. \u092e\u094b\u0926\u0940 \u092d\u0915\u094d\u0924\u093f \u092e\u0947\u0902 \u092a\u0917\u0932\u093e \u0917\u092f\u0947 \u0939\u0948\u0902 \u0932\u094b\u0917"
                },
                {
                    "tweet_id": "1392795717522001924",
                    "tweet": "@Kaustubh4India @ImranHussaain @AamAadmiParty \u0916\u0941\u0926 \u0917\u094b\u092c\u0930 \u092e\u0942\u0932 \u0915\u0947 \u0915\u094b\u0930\u094b\u0928\u093e \u0915\u093e \u0907\u0932\u093e\u091c \u0915\u0930 \u0930\u0939\u0947 \u0939\u0948\u0964 \u0914\u0930 oxygen \u092c\u093e\u091f\u0928\u0947 \u0935\u093e\u0932\u0947 \u092a\u0930 \u0938\u0935\u093e\u0932\u0964 \u0925\u0942 \u0924\u0947\u0930\u0940 \u0936\u0915\u0932 \u092a\u0947\u0964 https://t.co/zUHGRbDp6u"
                }
            ]
        },
        {
            "tweet_id": "1392753204182478850",
            "tweet": "@ImranHussaain @AamAadmiParty Well done"
        },
        {
            "tweet_id": "1392753249187287044",
            "tweet": "@ImranHussaain \u0905\u0930\u0947 \u091a\u094b\u0930 \u092a\u093e\u0930\u094d\u091f\u0940 oxygen \u0915\u0940 \u0911\u0921\u093f\u091f \u0938\u0947 \u0915\u094d\u092f\u094b \u092d\u093e\u0917 \u0917\u090f, \u0910\u0938\u093e \u0915\u094d\u092f\u093e \u092a\u093e\u092a \u0915\u093f\u092f\u093e \u0915\u0940 \u092e\u0941\u0939 \u091b\u0941\u092a\u093e\u0928\u0947 \u0915\u0940 \u0928\u094c\u092c\u0924 \u0906 \u0917\u092f\u0940\u0964\u0964",
            "replies": [
                {
                    "tweet_id": "1392770813091139584",
                    "tweet": "@Akhileshspeaks @ImranHussaain \u092e\u0942\u0930\u094d\u0916 \u0932\u094b\u0917\u094b \u0924\u094b \u0905\u092d\u0940 \u0924\u0915 \u0936\u0930\u094d\u092e \u0928\u0939\u0940 \u0906 \u0930\u0939\u0940\n\n\u0939\u0930 \u092c\u093e\u0930 \u0924\u0941\u092e\u0915\u094b \u0915\u094b\u0930\u094d\u091f \u092e\u0947\u0902 \u0932\u091c\u094d\u091c\u093f\u0924 \u0939\u094b\u0928\u093e \u092a\u0921\u093c\u093e, \u092e\u0917\u0930 \u0924\u0941\u092e \u0932\u094b\u0917 \u0917\u093f\u0926\u094d\u0927 \u0939\u094b \u092c\u0947, \u0917\u093f\u0926\u094d\u0927"
                },
                {
                    "tweet_id": "1392803112012812288",
                    "tweet": "@Akhileshspeaks @ImranHussaain \u0917\u094b\u092c\u0930 \u091b\u093e\u092a \u0911\u0921\u093f\u091f \u0915\u094c\u0928 \u0915\u0930\u0947\u0917\u093e, \u0938\u093f\u0930\u094d\u092b \u0938\u094b\u0936\u0932 \u092e\u0940\u0921\u093f\u092f\u093e \u092a\u0930 \u092e\u0941\u091c\u0930\u093e \u0915\u0930\u0928\u0947 \u0915\u0940 \u091c\u0917\u0939 \u0917\u094d\u0930\u0939\u092e\u0902\u0924\u094d\u0930\u0940 \u0915\u094b \u092c\u094b\u0932\u094b\u0902 \u0915\u0940 \u091c\u093e\u0902\u091a \u0915\u093e \u0906\u0926\u0947\u0936 \u0915\u094d\u092f\u0941 \u0928\u0939\u0940\u0902 \u0915\u0930\u0924\u0947"
                },
                {
                    "tweet_id": "1392806080183296005",
                    "tweet": "@Akhileshspeaks @ImranHussaain \u0939\u093e\u0925\u0940 \u0905\u092a\u0928\u0940 \u091a\u093e\u0932 \u091a\u0932\u0924\u093e \u0930\u0939\u0924\u093e \u0939\u0948 \u0915\u0941\u0924\u094d\u0924\u094b\u0902 \u0915\u0947 \u092d\u094c\u0902\u0915\u0928\u0947 \u0915\u093e \u0909\u0938\u0947 \u092b\u0930\u094d\u0915 \u0928\u0939\u0940\u0902 \u092a\u0921\u093c\u0924\u093e \u0939\u0948"
                },
                {
                    "tweet_id": "1392768532102873090",
                    "tweet": "@Akhileshspeaks @ImranHussaain PM care audit nahi karayege lekin oxygen ka audit karna hai , wah re wah BJP murdabad"
                },
                {
                    "tweet_id": "1392807041341739010",
                    "tweet": "@Akhileshspeaks @ImranHussaain 2G ka audit ho jaye\nCoal block ka audit ho jaye\nCommon wealth game ka audit ho jaye\n\nTo iska bhi audit karwa Lena\n\n\u091a\u092e\u0928 ..........."
                }
            ]
        },
        {
            "tweet_id": "1392753567270727688",
            "tweet": "@ImranHussaain \u0932\u0947\u0915\u093f\u0928 \u092f\u0939 \u0924\u094b \u092c\u0924\u093e\u092f\u093e \u0939\u0940 \u0928\u0939\u0940\u0902 \u0915\u093f \u092e\u0941\u092b\u094d\u0924 \u0935\u093f\u0924\u0930\u0923 \u0915\u0947 \u0932\u093f\u092f\u0947 \u092f\u0939 \u0911\u0915\u094d\u0938\u093f\u091c\u0928 \u0906\u092f\u093e \u0915\u0939\u093e\u0901 \u0938\u0947?\n\u0915\u094d\u092f\u094b\u0902\u0915\u093f \u0924\u0941\u092e \u0932\u094b\u0917 \u0924\u094b \u0939\u093e\u0939\u093e\u0915\u093e\u0930 \u092e\u091a\u093e \u0930\u0939\u0947 \u0925\u0947 \u0915\u093f \u0911\u0915\u094d\u0938\u093f\u091c\u0928 \u0939\u0948 \u0939\u0940 \u0928\u0939\u0940\u0902\ud83d\ude44\n\n\u0938\u094b\u091a\u093e \u091c\u0930\u093e \u092e\u0948\u0902 \u092d\u0940 \u092a\u0942\u0902\u091b \u0932\u0942\u0902\ud83d\ude09\ud83d\ude0e",
            "replies": [
                {
                    "tweet_id": "1392753739182661633",
                    "tweet": "@deepras20 @ImranHussaain RSS wale kar rahe hai muft vitaran?"
                },
                {
                    "tweet_id": "1392756452666712064",
                    "tweet": "@deepras20 @ImranHussaain they showed the proofs in court that where the oxygen was taken from and esp it wasn't taken from Delhi's quota  that's why he is given clean chit from court."
                },
                {
                    "tweet_id": "1392759294399897601",
                    "tweet": "@deepras20 @ImranHussaain Wahi se jahan se ambulance aya tha usi ambulance mai to tha pahle pata kijye ambulance khan se aya"
                },
                {
                    "tweet_id": "1392768855559139334",
                    "tweet": "@deepras20 @ImranHussaain Tera modi se pusho pahele tab manlunga"
                },
                {
                    "tweet_id": "1392798981000896516",
                    "tweet": "@deepras20 @ImranHussaain Saudi Arabia se aya \ud83d\ude09\ud83d\ude1c"
                },
                {
                    "tweet_id": "1392799537597607945",
                    "tweet": "@deepras20 @ImranHussaain \u0905\u0926\u093e\u0932\u0924 \u092e\u0948\u0902 \u092a\u0940 \u0906\u0908 \u090f\u0932 \u0921\u093e\u0932\u094b \ud83d\ude0e"
                },
                {
                    "tweet_id": "1392847761746268160",
                    "tweet": "@deepras20 @ImranHussaain \u0905\u092c\u0947 \u092e\u0902\u0926\u092c\u0941\u0926\u094d\u0927\u093f \u092e\u0915\u094d\u0915\u0930 \u091d\u0942\u0920\u0947 \u092c\u094b\u0932\u0928\u0947 \u0935\u093e\u0932\u0947 \u092f\u0947 \u092e\u0928\u0928\u0940\u092f \u0915\u094b\u0930\u094d\u091f \u0915\u0947 \u0935\u093e\u0915\u094d\u092f \u0939\u0948 \u0928\u093e\u0915\u093f \u092e\u0928\u0918\u0921\u093c\u0902\u0924"
                },
                {
                    "tweet_id": "1392956582879633410",
                    "tweet": "@deepras20 @ImranHussaain Oxygen Kaha se Aaya bhaiya ye sawal aap court se pucho.."
                },
                {
                    "tweet_id": "1392757159218192386",
                    "tweet": "@deepras20 @ImranHussaain Gautam gambhir se puchho office mein dwa kahan se aayi? Koi bhi apne paise se kharid Kar muft me bant sakta hai, saare log narendra Modi thode hain jo murder ke. Kafan se bhi GST le rha hai"
                },
                {
                    "tweet_id": "1392758137552134144",
                    "tweet": "@deepras20 @ImranHussaain Jo Hospital mai death hui oxygen na hone ki wajeh se woh tujhe nahi dikha. Aur unse jaa kar puch jin ke kisi family member ki jaan bach gayi us Oxygen se."
                },
                {
                    "tweet_id": "1392758244360085506",
                    "tweet": "@deepras20 @ImranHussaain Court mein bataya hai jaake court se pooch isiliye bacha hai. Apne paise lagake le raha tha wo cylinder and refill bhi."
                },
                {
                    "tweet_id": "1392762308351315970",
                    "tweet": "@deepras20 @ImranHussaain Gandu too kya Highcourt se bada ho gaya jo tujhe source of oxygen bataana padega"
                },
                {
                    "tweet_id": "1392789801615560704",
                    "tweet": "@deepras20 @ImranHussaain Modi se kyou nhi puchte ho vo jerur bta dege"
                },
                {
                    "tweet_id": "1392819660672835587",
                    "tweet": "@deepras20 @ImranHussaain Gadhe pan ki baat nahi karni chahye jahan se aai he wahan ke bil cort mein jakar dekh lo"
                },
                {
                    "tweet_id": "1392909041219739650",
                    "tweet": "@deepras20 @ImranHussaain Inme se konsa wala h tu andhbhakt? https://t.co/YHZA6Aixpu"
                }
            ]
        },
        {
            "tweet_id": "1392753751371370498",
            "tweet": "@ImranHussaain \u0906\u092a\u0928\u0947 \u0907\u0902\u0938\u093e\u0928\u0940\u092f\u0924 \u0915\u0947 \u0928\u093e\u0924\u0947 \u092c\u0939\u0941\u0924 \u0905\u091a\u094d\u091b\u093e \u0915\u093e\u0930\u094d\u092f \u0915\u093f\u092f\u093e \u0939\u0948\u0964 \u0927\u0928\u094d\u092f\u0935\u093e\u0926\u0964 \u0905\u091a\u094d\u091b\u093e\u0908 \u0915\u0940 \u091c\u0940\u0924 \u0939\u0948\u0964"
        },
        {
            "tweet_id": "1392753753938223104",
            "tweet": "@ImranHussaain \u092f\u0947 \"\u0915\u0941\u091b \u0932\u094b\u0917\" \u0915\u094c\u0928 \u0939\u0948 \u0909\u0928\u0915\u093e \u0928\u093e\u092e \u0915\u094d\u092f\u094b\u0902 \u0928\u0939\u0940\u0902 \u092c\u0924\u093e\u0924\u0947 \u0906\u092a?"
        },
        {
            "tweet_id": "1392754594787196929",
            "tweet": "@ImranHussaain @AamAadmiParty \u0906\u092a \u092c\u0927\u093e\u0908 \u0915\u0947 \u092a\u093e\u0924\u094d\u0930 \u0939\u094b"
        },
        {
            "tweet_id": "1392754607495909382",
            "tweet": "@ImranHussaain Good @ImranHussaain ji \n\u0938\u0947\u0935\u093e \u0905\u092e\u0942\u0932\u094d\u092f \u0939\u0948  \ud83d\ude4f",
            "replies": [
                {
                    "tweet_id": "1392785262845906945",
                    "tweet": "@SimmiBhallaAAP @ImranHussaain \ud83d\ude4f\ud83d\ude4f\ud83d\udc4d\ud83c\udffb\ud83d\udc4d\ud83c\udffb"
                }
            ]
        },
        {
            "tweet_id": "1392754842838331393",
            "tweet": "@ImranHussaain \u0938\u0924\u094d\u092f\u092e\u0947\u0935 \u091c\u092f\u0924\u0947,,"
        },
        {
            "tweet_id": "1392755536714551297",
            "tweet": "@ImranHussaain \u0926\u093f\u0932\u094d\u0932\u0940 \u0938\u0930\u0915\u093e\u0930 \u0911\u0915\u094d\u0938\u093f\u091c\u0928 \u0915\u0939\u093e\u0902 \u091b\u0941\u092a\u093e \u0930\u0939\u0947 \u0939\u094b ?"
        },
        {
            "tweet_id": "1392755637067468800",
            "tweet": "@ImranHussaain \u0938\u0930 \u0926\u093f\u0932\u094d\u0932\u0940 \u0915\u0947 \u091c\u0928\u0924\u093e \u0906\u092a\u0915\u0947 \u0938\u093e\u0925 \u0939\u0940 \u0909\u0928\u0915\u0940 \u0926\u0941\u0906 \u0915\u093c\u092c\u0942\u0932 \u0939\u0941\u0906 \u0906\u092a\u0915\u094b \u0932\u094b\u0917 \u092a\u0938\u0902\u0926 \u0915\u0930\u0924\u0947 \u0939\u0948 \u0915\u0941\u091b \u0932\u094b\u0917 \u0915\u094b \u091c\u0932\u0928 \u0939\u0941\u0906 \u0906\u092a\u0938\u0947 \u0913\u0930 \u0917\u0932\u0924 \u0906\u0930\u094b\u092a \u0932\u0917\u093e \u0926\u093f\u092f\u093e"
        },
        {
            "tweet_id": "1392755688326123523",
            "tweet": "@ImranHussaain \u092e\u0941\u092c\u093e\u0930\u0915\u093c \u0939\u094b \u092d\u093e\u0908\u091c\u093e\u0928\n\u0916\u0941\u0926\u093e \u0906\u092a\u0915\u094b \u0938\u0932\u093e\u092e\u0924 \u0930\u0916\u0947\u0902 \ud83e\udd32"
        },
        {
            "tweet_id": "1392755688607129601",
            "tweet": "@ImranHussaain \u270c\ufe0f\ud83d\ude0a"
        },
        {
            "tweet_id": "1392756346861211651",
            "tweet": "@ImranHussaain No body will believe or trust u"
        },
        {
            "tweet_id": "1392756347859439618",
            "tweet": "@ImranHussaain \u0932\u094b\u0917\u094b\u0902 \u0915\u0940 \u0938\u0947\u0935\u093e \u0915\u0930\u0928\u093e \u092d\u0940 \u0907\u0938 \u0915\u0932\u092f\u0941\u0917 \u092e\u0947\u0902 \u092a\u093e\u092a \u0939\u094b \u0917\u092f\u093e \u0939\u0948\u0964\u0932\u094b\u0917\u094b\u0902 \u0915\u093f \u0926\u0942\u0935\u093e\u090f\u0902 \u0906\u092a\u0915\u0947 \u0938\u093e\u0925 \u0939\u0948\u0902\u0964"
        },
        {
            "tweet_id": "1392756626872946689",
            "tweet": "@ImranHussaain Par Isse bhi Kuch badhwe Dharm se jod kar dikha Bata rahe the. Ab sab Dala Khamosh H Q nahi bol raha h"
        },
        {
            "tweet_id": "1392756942968291328",
            "tweet": "@ImranHussaain @ZahidSaiyad6 Bahut hi khoob"
        },
        {
            "tweet_id": "1392756947397406724",
            "tweet": "@ImranHussaain Aap Log Jaisa Jan Pratinidhi Har Jagah Ho Jaaye Toh Desh Ki Saalo Se Chali Aa Rahi Hai Problem Solve Ho Jaaye \u201cJansankhya\u201d Ki Corona Kya Cheej Hai"
        },
        {
            "tweet_id": "1392756988312915970",
            "tweet": "@ImranHussaain \u0905\u092c \u0936\u093e\u092f\u0926 \u092c\u0940\u091c\u0947\u092a\u0940 \u0935\u093e\u0932\u0947 \u092f\u0947 \u0928\u093e \u092c\u094b\u0932 \u0926\u0947 \u0915\u0947 \u0939\u093e\u0908 \u0915\u094b\u0930\u094d\u091f \u092d\u0940 \u092e\u093f\u0932\u093e \u0939\u0941\u0906 \u0939\u0948 \u0915\u0947\u091c\u0930\u0940\u0935\u093e\u0932 \u0938\u0930\u0915\u093e\u0930 \u0938\u0947 \ud83e\udd23\ud83e\udd23\ud83d\ude37\ud83d\ude37"
        },
        {
            "tweet_id": "1392757780658851843",
            "tweet": "@ImranHussaain \u0907\u092e\u0930\u093e\u0928 \u092d\u093e\u0908 \u0938\u091a\u094d\u091a\u093e\u0908 \u0915\u0940 \u0939\u092e\u0947\u0936\u093e \u091c\u0940\u0924 \u0939\u094b\u0924\u0940 \u0939\u0948 , \u0932\u0917\u0947 \u0930\u0939\u094b !"
        },
        {
            "tweet_id": "1392757793661198343",
            "tweet": "@ImranHussaain \u0938\u0947\u0935\u093e \u092e\u0947\u0902 \u0936\u0915\u094d\u0924\u093f \u0939\u0948\u0964 \u0936\u0941\u092d\u0915\u093e\u092e\u0928\u093e\u090f\u0902"
        },
        {
            "tweet_id": "1392757895385681922",
            "tweet": "@ImranHussaain You r a gem. Keep doing good work mr Imran"
        },
        {
            "tweet_id": "1392758124801511430",
            "tweet": "@ImranHussaain Jisko bhi is faisle se problam hai vo SC ja sakta hai lekin yaad rakhna SC ka thappad or jor se padega"
        },
        {
            "tweet_id": "1392758234113462273",
            "tweet": "@ImranHussaain @AamAadmiParty \u091c\u092c \u0926\u093f\u0932\u094d\u0932\u0940 \u092e\u0947\u0902 \u0911\u0915\u094d\u0938\u0940\u091c\u0928 \u092a\u094d\u0932\u093e\u0902\u091f \u0928\u0939\u0940 \u0914\u0930 \u0928 \u0939\u0940 \u0926\u093f\u0932\u094d\u0932\u0940 \u0938\u0930\u0915\u093e\u0930 \u0915\u0947 \u092a\u093e\u0938 \u0926\u0942\u0938\u0930\u0947 \u0930\u093e\u091c\u094d\u092f\u094b \u0938\u0947 \u0911\u0915\u094d\u0938\u0940\u091c\u0928 \u0932\u093e\u0928\u0947 \u0915\u0947 \u0932\u093f\u090f \u0915\u094d\u0930\u093e\u092f\u094b\u091c\u0947\u0928\u093f\u0915 \u091f\u0948\u0902\u0915\u0930 \u0939\u0948 \u0924\u094b \u0906\u092a\u0915\u0947 \u092a\u093e\u0938 \u0907\u0924\u0928\u093e \u0911\u0915\u094d\u0938\u0940\u091c\u0928 \u0915\u0939\u093e \u0938\u0947 \u0906 \u0917\u092f\u093e?\u0926\u093f\u0932\u094d\u0932\u0940 \u0915\u0947 \u0905\u0938\u094d\u092a\u0924\u093e\u0932\u094b\u0902 \u092e\u0947\u0902\u092d\u0940 \u0911\u0915\u094d\u0938\u0940\u091c\u0928 \u0915\u0940 \u0915\u092e\u0940 \u0938\u0947 \u092e\u094c\u0924\u0947 \u0939\u0941\u0908,\u0905\u0917\u0930 \u0935\u0939\u0940 \u0911\u0915\u094d\u0938\u0940\u091c\u0928 \u0906\u092a\u0915\u0947 \u0918\u0930 \u092e\u0947 \u0928 \u0939\u094b\u0915\u0930 \u0905\u0938\u094d\u092a\u0924\u093e\u0932 \u092e\u0947\u0902 \u0939\u094b\u0924\u093e \u0924\u094b \u0932\u094b\u0917 \u0924\u0921\u093c\u092a\u0915\u0930 \u0928 \u092e\u0930\u0924\u0947",
            "replies": [
                {
                    "tweet_id": "1392760035478937600",
                    "tweet": "@abhishakeforu @ImranHussaain @AamAadmiParty Faridabad se KIRAYE OE LIYA....G......D M.....RE\ud83e\udd2b\ud83e\udd2b\ud83e\udd2b\ud83e\udd2b\ud83e\udd2b\ud83e\udd2b"
                },
                {
                    "tweet_id": "1392762733125279746",
                    "tweet": "@abhishakeforu @ImranHussaain @AamAadmiParty Tu apne ye sabut leke court kyu nahi jata.."
                }
            ]
        },
        {
            "tweet_id": "1392758241021501442",
            "tweet": "@ImranHussaain \ud83d\ude02\ud83d\ude02\ud83d\ude02\ud83d\ude02"
        },
        {
            "tweet_id": "1392758851066159104",
            "tweet": "@ImranHussaain Mana hani huwa uska kya? Sab media aap ko saudagar bole the. Uska kya?"
        },
        {
            "tweet_id": "1392758970591301633",
            "tweet": "@ImranHussaain \u0928\u093f\u0937\u094d\u0915\u093e\u092e \u0938\u0947\u0935\u093e \u0908\u0936\u094d\u0935\u0930 \u0915\u094b \u0916\u0941\u0936 \u0915\u0930\u0924\u0940 \u0939\u0948, \u0914\u0930 \u0906\u092a\u0915\u094b \u0908\u0936\u094d\u0935\u0930 \u0928\u0947 \u0908\u0926 \u0915\u0940 \u0908\u0926\u0940 \u092d\u0940 \u0926\u0947 \u0926\u0940 \u092d\u093e\u0908 \u091c\u0940 \ud83d\ude4f\ud83c\udf39"
        },
        {
            "tweet_id": "1392759104435736581",
            "tweet": "@ImranHussaain @dilipjain1979 dekho",
            "replies": [
                {
                    "tweet_id": "1392760198268211204",
                    "tweet": "@avskajay @ImranHussaain @dilipjain1979 \ud83d\ude00\ud83d\ude00 wah bhai.... \nEk banda bechara black mei  kareed raha.. usko cylinder mil nahi raha\nEk banda free mein baat raha hain..\nCylinder daba raka hain.\nY these were not accounted for initially.\nBechaara jo black mein le raha tha..wo bi aap ke paas se le letha..\n\ud83e\udd14\ud83e\udd14"
                }
            ]
        },
        {
            "tweet_id": "1392759983171792896",
            "tweet": "@ImranHussaain More power to you Sir!!\n\nThey won't do, and won't allow others to do!!\n\nHum karenge bhi, karwaenge bhi.."
        },
        {
            "tweet_id": "1392760365847482370",
            "tweet": "@ImranHussaain \u0915\u0941\u091b \u0932\u094b\u0917 \u0928\u0939\u0940\u0902 \u0915\u0947\u0935\u0932 \u092c\u0940\u091c\u0947\u092a\u0940/ \u0915\u093e\u0902\u0917\u094d\u0930\u0947\u0938 \u0915\u0947 \u0932\u094b\u0917\u094b\u0902 \u0915\u094b \u0906\u092a\u0915\u0947 \u0939\u0930 \u0915\u093e\u092e \u092e\u0947\u0902 \u091f\u093e\u0902\u0917 \u0916\u0948\u091a\u0928\u0940 \u0939\u094b\u0924\u0940 \u0939\u0948 \u0964 \u0935\u0948\u0938\u0947 \u0905\u092c \u0926\u0947\u0936\u0915\u094b \u092c\u0940\u091c\u0947\u092a\u0940 \u0915\u093e\u0902\u0917\u094d\u0930\u0947\u0938 \u0915\u0940 \u091c\u093c\u0930\u0942\u0930\u0924 \u0928\u0939\u0940\u0902 ,\u092c\u0939\u0941\u0924 \u091c\u0932\u094d\u0926\u0940 \u0926\u0947\u0936 \u0907\u0938 \u092c\u093e\u0924 \u0915\u094b \u092e\u0947\u0939\u0938\u0942\u0938 \u0915\u0930\u0947\u0917\u093e@mgmnair @SdYadav5 @Umakant14175936 @AnkitJain9873 @UtsahVPandey @aapsur @bhatvicky73 @naijonam @rajlali @mgrg7"
        },
        {
            "tweet_id": "1392760562015145986",
            "tweet": "@ImranHussaain 700 cylinder \u092e\u0941\u092b\u094d\u0924 \u092e\u0947 \u092c\u093e\u0924 \u0930\u0939\u094b the jaha \u092a\u0942\u0930\u0947 \u0926\u093f\u0932\u094d\u0932\u0940 \u092e\u0947 refill \u0915\u0947 \u0932\u093f\u090f \u092d\u0940 cylinder \u0928\u0939\u0940\u0902 \u0925\u093e \u0935\u0939\u0940 \u0924\u0941\u092e\u094d\u0939\u093e\u0930\u0947 \u092a\u093e\u0938 700 \u0915\u0939\u093e \u0938\u0947 a gaye"
        },
        {
            "tweet_id": "1392760609880494081",
            "tweet": "@ImranHussaain \u0908\u0926 \u092e\u0941\u092c\u093e\u0930\u0915"
        },
        {
            "tweet_id": "1392760689710702595",
            "tweet": "@ImranHussaain \u0915\u093e\u0928\u094d\u0939\u093e \u0939\u0948 @BJP4Delhi .\u0939\u0948 \u091c\u092c\u093e\u092c \u0924\u094b \u0926\u0947 \u0907\u0928 \u092e\u093e\u0928\u0928\u0940\u092f \u0915\u093e"
        },
        {
            "tweet_id": "1392760884095643653",
            "tweet": "@ImranHussaain @mukeshahlawatap \u0915\u0930\u094d\u092e \u0915\u093f\u090f \u091c\u093e \u092b\u0932 \u0915\u0940 \u0907\u091a\u094d\u091b\u093e \u092e\u0924 \u0930\u0916 \u0930\u0947 \u0907\u0902\u0938\u093e\u0928 \n\u091c\u0948\u0938\u093e \u0915\u0930\u094d\u092e \u0915\u0930\u0947\u0917\u093e \u0935\u0948\u0938\u093e \u092b\u0932 \u0926\u0947\u0917\u093e \u092d\u0917\u0935\u093e\u0928 |"
        },
        {
            "tweet_id": "1392760958200651777",
            "tweet": "@ImranHussaain @Humhongekamyab1 \u091d\u0942\u0920\u094b \u0915\u093e \u092e\u0941\u0902\u0939 \u0915\u093e\u0932\u093e"
        },
        {
            "tweet_id": "1392761131782004739",
            "tweet": "@ImranHussaain @albela78692 Masha allah"
        },
        {
            "tweet_id": "1392761408115208194",
            "tweet": "@ImranHussaain @AamAadmiParty Jin log ne aap pe ye jutha iljaam lagaya unko mere taraf se unke muh pe juta mariyega"
        },
        {
            "tweet_id": "1392761681416114177",
            "tweet": "@ImranHussaain \u0938\u0924\u094d\u092f!!\n\u092a\u0930\u0947\u0936\u093e\u0928 \u0939\u094b \u0938\u0915\u0924\u093e \u0939\u0948\n\u0932\u0947\u0915\u093f\u0928 \u092a\u0930\u093e\u091c\u093f\u0924 \u0915\u092d\u0940 \u0928\u0939\u0940\n\u0932\u0947\u0915\u093f\u0928\n\u091c\u093f\u0928\u094d\u0939\u094b\u0902\u0928\u0947 \u092d\u0940\n\u0906\u092a\u0915\u094b \u092c\u0926\u0928\u093e\u092e \u0915\u0930\u0928\u0947 \u0915\u0940 \u0915\u094b\u0936\u093f\u0936 \u0915\u093f\u092f\u093e \u0939\u0948\n\u0909\u0928 \u0938\u092d\u0940 \u092a\u0930\n\u092e\u093e\u0928\u0939\u093e\u0928\u093f \u0915\u093e \u0915\u0947\u0938 \u0926\u0930\u094d\u091c \u0915\u0930\u093e\u090f\u0902\n\u0905\u0928\u094d\u092f\u0925\u093e\n\u0910\u0938\u0947 \u0918\u091f\u093f\u092f\u093e \u0915\u093f\u0938\u094d\u092e \u0932\u094b\u0917\n\u0905\u092a\u0928\u0940 \u0913\u091b\u0940 \u090f\u0935\u0902 \u0917\u0902\u0926\u0940 \u0939\u0930\u0915\u0924\u094b\u0902 \u0938\u0947 \u092c\u093e\u091c \u0928\u0939\u0940 \u0906\u090f\u0902\u0917\u0947",
            "replies": [
                {
                    "tweet_id": "1392765423662243846",
                    "tweet": "@ShamshadAlamAAP @ImranHussaain ye aaya ek aur"
                }
            ]
        },
        {
            "tweet_id": "1392761683420999680",
            "tweet": "@ImranHussaain MISSING LIKE VACCINE SINCE MAY 2ND !!! https://t.co/7OU8VM67sp"
        },
        {
            "tweet_id": "1392761698541465603",
            "tweet": "@ImranHussaain @AamAadmiParty Allah aap ka sht hai"
        },
        {
            "tweet_id": "1392762151526227968",
            "tweet": "@ImranHussaain \u0938\u092d\u0940 \u092a\u094d\u0930\u092e\u0941\u0916 \u0927\u093e\u0930\u094d\u092e\u093f\u0915 \u092a\u0930\u092e\u094d\u092a\u0930\u093e\u090f\u0902 \u092e\u0942\u0932 \u0930\u0942\u092a \u0938\u0947 \u090f\u0915 \u0939\u0940 \u0938\u0902\u0926\u0947\u0936 \u0926\u0947\u0924\u0940 \u0939\u0948\u0902 \u2013 \u092a\u094d\u0930\u0947\u092e , \u0926\u092f\u093e,\u0914\u0930 \u0915\u094d\u0937\u092e\u093e , \u092e\u0939\u0924\u094d\u0935\u092a\u0942\u0930\u094d\u0923 \u092c\u093e\u0924 \u092f\u0939 \u0939\u0948 \u0915\u093f \u092f\u0947 \u0939\u092e\u093e\u0930\u0947 \u0926\u0948\u0928\u093f\u0915 \u091c\u0940\u0935\u0928 \u0915\u093e \u0939\u093f\u0938\u094d\u0938\u093e \u0939\u094b\u0928\u0940 \u091a\u093e\u0939\u093f\u092f\u0947\u0902."
        },
        {
            "tweet_id": "1392762345974206466",
            "tweet": "@ImranHussaain \ud83d\udc4d\ud83d\udc4f\ud83d\udc4f\ud83d\udc4f....Keep doing good work...God bless"
        },
        {
            "tweet_id": "1392762550056484872",
            "tweet": "@ImranHussaain \u092f\u0939 \u0909\u0928 \u0932\u094b\u0917\u094b\u0902 \u0915\u0947 \u091a\u0947\u0939\u0930\u0947 \u092a\u0930 \u091c\u094b\u0930\u0926\u093e\u0930 \u0924\u092e\u093e\u091a\u093e \u0939\u0948 \u091c\u094b \u0915\u093e\u092e \u0915\u0930\u0928\u0947 \u0935\u093e\u0932\u0947 \u0932\u094b\u0917\u094b\u0902 \u0915\u094b \u092c\u0926\u0928\u093e\u092e \u0915\u0930\u0928\u0947 \u0915\u0940 \u0915\u094b\u0936\u093f\u0936 \u0915\u0930 \u0930\u0939\u0947 \u0925\u0947"
        },
        {
            "tweet_id": "1392763198126784515",
            "tweet": "@ImranHussaain @AamAadmiParty Kaha rakha tha, terrace pe?"
        },
        {
            "tweet_id": "1392763601195126784",
            "tweet": "@ImranHussaain \u0932\u0917\u0947 \u0930\u0939\u093f\u092f\u0947\u0964\u0964\n\n\u0914\u0930 ani \u091f\u093e\u0907\u092a \u0938\u0947 \u092c\u091a\u0924\u0947 \u0930\u0939\u093f\u092f\u0947\u0964\u0964"
        },
        {
            "tweet_id": "1392764311504752642",
            "tweet": "@ImranHussaain Court bhi manage hota hai miyan."
        },
        {
            "tweet_id": "1392764380907905026",
            "tweet": "@ImranHussaain \u0906\u092a \u0935\u093e\u0915\u0908 \u091c\u0928\u0924\u093e \u0915\u0947 \u0938\u0947\u0935\u093e \u0915\u0930 \u0930\u0939\u0947 \u0939\u0948 \u0926\u0941\u0928\u093f\u092f\u093e \u091c\u093e\u0928\u0924\u0940 \u0939\u0948 \u091d\u0942\u0920\u0947 \u0906\u0930\u094b\u092a \u0932\u0917\u093e\u0928\u0947 \u0938\u0947 \u0915\u0941\u091b \u0928\u0939\u0940 \u0939\u094b\u0924\u093e,\u092d\u093e\u091c\u092a\u093e \u0935\u093e\u0932\u0947 \u091d\u0942\u0920\u0947 \u0906\u0930\u094b\u092a \u0915\u093f\u0924\u0928\u093e \u092d\u0940 \u0932\u0917\u093e \u0932\u0947 \u0915\u093e\u092e\u093f\u092f\u093e\u092c \u0928\u0939\u0940 \u0939\u094b \u092a\u093e\u090f\u0902\u0917\u0947, \u0906\u092a\u0938\u0947 \u0926\u0930\u0916\u093e\u0938\u094d\u0924 \u0939\u0948 \u090f\u0915\u094d\u091f\u093f\u0935 \u0939\u094b\u0915\u0930 \u0915\u093e\u092e \u0915\u0930\u0947"
        },
        {
            "tweet_id": "1392764496263860231",
            "tweet": "@ImranHussaain \u0907\u092e\u0930\u093e\u0928 \u092d\u093e\u0908,\u0906\u092a\u0928\u0947 \u0907\u0938\u092c\u093e\u0930 \u0930\u092e\u091c\u093e\u0928 \u0915\u0947 \u092a\u0935\u093f\u0924\u094d\u0930 \u092e\u093e\u0939 \u092e\u0947\u0902 \u091c\u094b \u092a\u0941\u0923\u094d\u092f \u0915\u092e\u093e\u092f\u093e \u0939\u0948,\u0909\u0938\u0947 \u0915\u092e\u093e\u0928\u0947 \u0915\u0947 \u0932\u093f\u090f \u0918\u0928\u0918\u094b\u0930 \u0924\u092a\u0938\u094d\u092f\u093e \u0915\u0930\u0928\u093e \u092a\u0921\u093c\u0924\u0940 \u0939\u0948\u0964\n\u0908\u0936\u094d\u0935\u0930,\u0905\u0932\u094d\u0932\u093e\u0939 \u0906\u092a\u0915\u094b \u0906\u092a\u0915\u0947 \u0907\u0938 \u092e\u093e\u0928\u0935\u0940\u092f \u0915\u093e\u092e \u0915\u0947 \u092a\u094d\u0930\u0924\u093f\u092b\u0932 \u0915\u0947 \u0930\u0941\u092a \u092e\u0947 \u0926\u093f\u0928 \u0926\u094b\u0917\u0941\u0928\u0940 \u0930\u093e\u0924 \u091a\u094c\u0917\u0941\u0928\u0940 \u092c\u0930\u0915\u0924 \u0926\u0947\u0917\u093e\u0964\n\u0906\u092a \u0907\u0938 \u0928\u0947\u0915 \u0930\u093e\u0939 \u092a\u0930 \u0938\u0926\u093e \u091a\u0932\u0924\u0947 \u091a\u0932\u093f\u092f\u0947,\u0907\u0928\u0915\u093e \u092a\u093e\u092a \u0915\u093e \u0918\u0921\u093c\u093e \u0905\u0935\u0936\u094d\u092f \u092d\u0930\u0947\u0917\u093e\u0964"
        },
        {
            "tweet_id": "1392764813051252737",
            "tweet": "@ImranHussaain \u0938\u0924\u094d\u092f \u0915\u0940 \u091c\u0940\u0924 \u0928\u093f\u0936\u094d\u091a\u093f\u0924 \u0939\u0948 \u0938\u0930, \u0938\u0930 \u0909\u0928\u0915\u0947 \u0926\u094d\u0935\u093e\u0930\u093e \u091c\u094b \u091d\u0942\u091f \u092b\u0948\u0932\u093e\u092f\u093e \u0917\u092f\u093e, \u0935\u094b \u0906\u091c \u0939\u093e\u0930 \u0917\u092f\u093e \u0939\u0948, \u092b\u093f\u0930 \u090f\u0915 \u092c\u093e\u0930 \u0908\u092e\u0902\u0926\u093e\u0930 \u0906\u0926\u092e\u0940 \u0915\u093f \u091c\u0940\u0924 \u0939\u0941\u0908 \u0914\u0930 \u0906\u092a\u0915\u0940 \u0907\u092e\u0947\u091c \u092a\u0942\u0930\u0947 \u092d\u093e\u0930\u0924 \u092e\u0947 \u090f\u0915 \u0908\u092e\u0902\u0926\u093e\u0930 \u0907\u0902\u0938\u093e\u0928 \u0915\u0947 \u0930\u0942\u092a \u092e\u0947 \u092c\u0928 \u0917\u092f\u0940 \u0939, \u091c\u094b \u0906\u092a\u0915\u094b \u0915\u093e\u092b\u0940 \u0938\u092e\u0943\u0926\u094d\u0927\u093f \u0914\u0930 \u092a\u094d\u0930\u0936\u093f\u0926\u094d\u0927\u093f \u0926\u093f\u0932\u092f\u0917\u0940"
        },
        {
            "tweet_id": "1392764849373925377",
            "tweet": "@ImranHussaain \u091c\u092c \u0939\u0949\u0938\u094d\u092a\u093f\u091f\u0932 \u092e\u0947\u0902 \u092e\u0930\u0940\u091c \u092c\u093f\u0928\u093e \u0911\u0915\u094d\u0938\u0940\u091c\u0928 \u0915\u0947 \u092e\u0930 \u0930\u0939\u0947 \u0925\u0947 \u0939\u0949\u0938\u094d\u092a\u093f\u091f\u0932 \u0915\u094b \u0911\u0915\u094d\u0938\u0940\u091c\u0928 \u0928\u0939\u0940 \u092e\u093f\u0932 \u0930\u0939\u093e \u0925\u093e \u0924\u092c \u0924\u0941\u091d\u0947 \u0938\u092e\u093e\u091c\u0938\u0947\u0935\u093e \u0915\u0930\u0928\u0947 \u0915\u0947 \u0932\u093f\u090f \u0915\u094c\u0928 \u0911\u0915\u094d\u0938\u0940\u091c\u0928 \u0926\u0947 \u0930\u0939\u093e \u0925\u093e\u0964"
        },
        {
            "tweet_id": "1392765155990118406",
            "tweet": "@ImranHussaain @rishikeshlaw \u0938\u0924\u094d\u092f\u092e\u0947\u0935 \u091c\u092f\u0924\u0947\u0964"
        },
        {
            "tweet_id": "1392765301582749698",
            "tweet": "@ImranHussaain \ud83d\ude4f"
        },
        {
            "tweet_id": "1392765428192014338",
            "tweet": "@ImranHussaain @AamAadmiParty Ye Duniya badi Zalim Hai. Eid Mubarak"
        },
        {
            "tweet_id": "1392765570462801921",
            "tweet": "@ImranHussaain \u091c\u0932\u0928\u0947 \u0935\u093e\u0932\u094b\u0902 \u0915\u0940 \u092a\u0930\u0935\u093e\u0939 \u0928 \u0915\u0930\u093f\u090f,\n\u0938\u0924\u094d\u092f \u0915\u0940 \u0930\u093e\u0939 \u092a\u0930 \u091a\u0932\u0928\u0947 \u0938\u0947 \u0928 \u0921\u0930\u093f\u090f,\n\u0916\u0941\u0926\u093e \u0906\u092a\u0915\u0947 \u0938\u093e\u0925 \u0939\u0948 \u0906\u0938\u093e\u0902 \u0915\u0930\u0947\u0917\u093e \u0938\u0947\u0935\u093e \u0915\u0947 \u091c\u093c\u0930\u093f\u090f \u0964\u0964"
        },
        {
            "tweet_id": "1392765963217506304",
            "tweet": "@ImranHussaain \u0906\u091c \u0939\u0930 \u0939\u0930 \u091d\u0942\u0920\u093e \u091c\u0941\u092e\u0932\u0947\u092c\u093e\u091c \u0938\u091a \u0938\u0947 \u0939\u093f\u0938\u093e\u092c \u092e\u093e\u0902\u0917\u0924\u093e \u0926\u093f\u0916 \u0930\u0939\u093e \u0939\u0948?\n\u091d\u0942\u0920\u094b\u0902 \u0915\u093e \u0939\u0930 \u092c\u093e\u0930 \u092e\u0941\u0902\u0939 \u0915\u093e\u0932\u093e \u0939\u0941\u0906 \u0939\u0948\u0964"
        },
        {
            "tweet_id": "1392766044566032384",
            "tweet": "@ImranHussaain \u0906\u092a \u0932\u0917\u0947 \u0930\u0939\u094b \u092d\u093e\u0908 \u091c\u093e\u0928 \u0905\u0932\u094d\u0932\u093e\u0939 \u0915\u0940 \u092a\u0928\u093e\u0939 \u092e\u0947\u0902 \u0939\u094b \u0906\u092a \u0906\u092a\u0915\u093e \u0915\u094b\u0908 \u092c\u0949\u0932 \u092c\u093e\u0915\u093e \u0928\u0939\u0940 \u0915\u0930 \u092a\u092f\u0947\u0917\u093e , \u0905\u091a\u094d\u091b\u0947 \u0915\u093e\u092e \u0915\u0930\u0928\u0947 \u0935\u093e\u0932\u094b \u0915\u093e \u0905\u0932\u094d\u0932\u093e\u0939 \u0939\u092e\u0947\u0938\u093e\u0939 \u0938\u093e\u0925 \u0926\u0947\u0924\u093e\u0939 \u0939\u0948"
        },
        {
            "tweet_id": "1392766345477906434",
            "tweet": "@ImranHussaain \u0916\u093f\u0926\u092e\u0924 \u0910 \u0916\u0932\u094d\u0915 \u090f\u0915 \u092c\u0947\u0939\u0924\u0930\u0940\u0928 \u0928\u0948\u0915\u0940 \u0939\u0948, \u0915\u0930\u0924\u0947 \u091c\u093e\u0913 \u092a\u0940\u091b\u0947 \u092e\u0924 \u0939\u091f\u0928\u093e,,\n\u0905\u0917\u0930 \u0907\u0938 \u0915\u094b \u092e\u0926\u0926 \u0915\u0940 \u0928\u0940\u092f\u0924 \u0938\u0947 \u0915\u093f\u092f\u093e \u0939\u0948 \u0924\u094b \u0907\u0938\u0915\u093e \u0905\u091c\u0930 \u091c\u093c\u0930\u0942\u0930 \u092e\u093f\u0932\u0947\u0917\u093e,,,"
        },
        {
            "tweet_id": "1392766457046437892",
            "tweet": "@ImranHussaain Congratulations"
        },
        {
            "tweet_id": "1392767455597142016",
            "tweet": "@ImranHussaain Kya ab yeh godi media wale channels @aajtak @ZeeNews @TimesNow @republic @IndiaToday @ABPNews yeh kahabar chalayenge?! Ya abhi permission nahi mili Mota Bhai,feku aur Amit malware se?!\ud83d\ude44\nSHOW THE TRUTH!\ud83d\udcaa\ud83c\udffc\nUr selective, biased coverage can dent genuine ppl\u2019s reputations &amp; hardwork"
        },
        {
            "tweet_id": "1392767621854949378",
            "tweet": "@ImranHussaain \u0905\u092a\u0928\u0947 \u0915\u094d\u0937\u0947\u0924\u094d\u0930\u0935\u093e\u0938\u0940 \u0928\u0940 \u0915\u0939\u0924\u0947 \u0909\u0938\u0915\u094b, \u0926\u0932\u093e\u0932\u0940 \u0915\u0939\u0924\u0947 \u0939\u0948 \u091c\u094b \u0926\u093f\u0932\u094d\u0932\u0940 \u092e\u0947\u0902 \u091c\u092c \u0915\u092e \u0911\u0915\u094d\u0938\u0940\u091c\u0928 \u0915\u093e \u0930\u094b\u0928\u093e \u0930\u094b \u0930\u0939\u0947 \u0925\u0947 \u0915\u0947\u091c\u0930\u0940\u0935\u093e\u0932 \u0924\u092c \u0910\u0938\u0947 \u0939\u0940 \u0911\u0915\u094d\u0938\u0940\u091c\u0928 \u0917\u093e\u092f\u092c \u0915\u0930\u0915\u0947 \u0905\u092a\u0928\u0947 \u0930\u093f\u0936\u094d\u0924\u0947\u0926\u093e\u0930\u094b\u0902 \u092e\u0947\u0902 \u092c\u093e\u091f \u0930\u0939\u0947 \u0925\u0947 \u0906\u092a"
        },
        {
            "tweet_id": "1392767871915229186",
            "tweet": "@ImranHussaain @TajinderBagga @p_sahibsingh \u0907\u0928 \u0932\u094b\u0917\u094b \u092a\u0947 FIR \u0926\u0930\u094d\u091c \u0915\u0930\u0935\u093e\u092f\u0947"
        },
        {
            "tweet_id": "1392767911249399809",
            "tweet": "@ImranHussaain \u091c\u094b \u0932\u094b\u0917 \u0915\u093e\u092e \u0928\u0939\u0940\u0902 \u0915\u0930\u0924\u0947 \u0935\u094b \u0926\u0942\u0938\u0930\u094b\u0902 \u0915\u0947 \u0916\u093f\u0932\u093e\u092b \u091a\u093e\u0932 \u091a\u0932\u0924\u0947 \u0939\u0948\u0902 \u0906\u092a\u0928\u0947 \u0938\u0947\u0935\u093e \u0915\u0940 \u0914\u0930 \u0906\u092a\u0915\u094b cleanchit \u092e\u093f\u0932\u0940"
        },
        {
            "tweet_id": "1392768108339744772",
            "tweet": "@ImranHussaain Madad karte raho imran bhai Allah paak  jaza dega tumhe !"
        },
        {
            "tweet_id": "1392768137884430338",
            "tweet": "@ImranHussaain Apne bhoot help kiya hm logo ko pta hi....ap krte rhe..."
        },
        {
            "tweet_id": "1392769146782306306",
            "tweet": "@ImranHussaain Ab isliye Delhi ko 730  nahi 582 ton hi Oxygen chahiye... kyunki Ek Hoarder to pakda Gaya..."
        },
        {
            "tweet_id": "1392769304425164805",
            "tweet": "@ImranHussaain \u092d\u093e\u0908 \u091c\u0940 \u0906\u092a \u0917\u0948\u0938 \u092e\u0941\u092b\u094d\u0924 \u092c\u0902\u091f \u0915\u0930 \u0938\u0947\u0935\u093e \u0915\u0930 \u0930\u0939\u0947, \u0909\u0927\u0930 \u0906\u092a\u0915\u093e \u0915\u0947\u091c\u0942 \u092d\u0948\u092f\u093e \u0917\u0948\u0938 \u0928\u0939\u0940 \u092e\u093f\u0932 \u0930\u0939\u0940 \u091a\u093f\u0932\u094d\u0932\u093e \u0930\u0939\u093e \u0925\u093e\u0964 \u0925\u094b\u0921\u093c\u0940 \u0909\u0938\u0915\u094b \u092d\u0940 \u0926\u0947 \u0926\u0947\u0924\u0947 \u0906\u0916\u093f\u0930 \u0906\u092a\u0915\u0947 \u092a\u093e\u0938 \u0924\u094b \u092d\u0902\u0921\u093e\u0930 \u0925\u093e \u0914\u0930 \u0935\u0939 \u092c\u0949\u0938 \u092d\u0940 \u0925\u093e\u0964"
        },
        {
            "tweet_id": "1392769382313447428",
            "tweet": "@ImranHussaain Keep doing good work sir @ImranHussaain"
        },
        {
            "tweet_id": "1392770023190458373",
            "tweet": "@ImranHussaain \u092d\u093e\u0908 \u0938\u091a \u0915\u0940 \u0939\u092e\u0947\u0936\u093e \u091c\u0940\u0924 \u0939\u094b\u0924\u0940 \u0939\u0948"
        },
        {
            "tweet_id": "1392770364401283084",
            "tweet": "@ImranHussaain Kitna lodu h ye tu...\ud83d\ude02"
        },
        {
            "tweet_id": "1392770652524847112",
            "tweet": "@ImranHussaain \u0905\u092c\u0947\u092f \u091a\u094b\u0930 \u0909\u0938\u0947 \u0938\u0947\u0935\u093e \u0928\u0939\u093f \u0915\u093e\u0932\u093e\u092c\u093e\u091c\u093c\u093e\u0930\u0940\ud83d\ude02 \u0915\u0939\u0924\u0947 \u0939\u0948\u0964"
        },
        {
            "tweet_id": "1392770706321022976",
            "tweet": "@ImranHussaain \u0938\u0924\u094d\u092f \u092e\u0947\u0935 \u091c\u092f\u0924\u0947"
        },
        {
            "tweet_id": "1392770737077833731",
            "tweet": "@ImranHussaain \u0905\u0930\u0947 \u0913 \u091d\u094b\u0932\u093e \u0921\u093e\u0915\u094d\u091f\u0930 @sambitswaraj \u0915\u0941\u091b \u0939\u0917 \u0905\u092c."
        },
        {
            "tweet_id": "1392771204700770304",
            "tweet": "@ImranHussaain Sahi bt h...!! Tahir Hussain bhi.. seva kr rhe the..  in pr aarop na lgaye.. aarop lgane k liye...c.m or Dy c.m betha rakhe h...TV pr."
        },
        {
            "tweet_id": "1392771346216624129",
            "tweet": "@ImranHussaain \u091c\u093f\u0938 \u0924\u0930\u0939 \u0938\u0947 \u0905\u0902\u0927 \u092d\u0915\u094d\u0924 \u091c\u0947\u0932 \u091c\u093e\u0928\u0947 \u0935\u093e\u0932\u0940 \u092a\u094b\u0938\u094d\u091f \u0915\u094b \u0936\u0947\u092f\u0930 \u0915\u0930 \u0930\u0939\u0947 \u0925\u0947 \u0915\u094d\u092f\u093e \u0909\u0938\u0940 \u0924\u0930\u0939 \u092f\u0947 \u092a\u094b\u0938\u094d\u091f \u0936\u0947\u092f\u0930 \u0915\u0930 \u0938\u0915\u0947\u0902\u0917\u0947"
        },
        {
            "tweet_id": "1392772732039831553",
            "tweet": "@ImranHussaain @AamAadmiParty Delhi mei BJP abni jagah talash rahi hai aur kuchh nahi. Waise is aapda wo kahan hai pata nahi chal raha ."
        },
        {
            "tweet_id": "1392772899967229953",
            "tweet": "@ImranHussaain \u0905\u0932\u094d\u0932\u093e\u0939 \u0928\u0947 \u0906\u092a\u0915\u094b \u0908\u0926 \u0915\u093e \u0924\u094b\u0939\u092b\u093c\u093e \u0926\u093f\u092f\u093e \u0939\u0948, \u0928\u093f\u0903\u0938\u094d\u0935\u093e\u0930\u094d\u0925 \u092d\u093e\u0935 \u0938\u0947 \u0938\u0947\u0935\u093e \u0915\u0930\u0924\u0947 \u0930\u0939\u093f\u090f, \u091a\u0921\u094d\u0922\u0940 \u0917\u0948\u0902\u0917 \u0915\u093e \u0924\u094b \u0915\u093e\u092e \u0939\u0940 \u0939\u0948 \u0926\u0947\u0936 \u0938\u0947 \u0917\u0926\u094d\u0926\u093e\u0930\u0940, \u0915\u0939\u0940\u0902 \u0938\u0947\u0935\u093e \u0915\u0930\u0924\u0947 \u0928\u0939\u0940\u0902 \u0926\u0947\u0916\u093e \u0917\u092f\u093e"
        },
        {
            "tweet_id": "1392773055244431361",
            "tweet": "@ImranHussaain \u0906\u092a \u0914\u0930 \u0906\u092a\u0915\u093e \u0928\u094d\u092f\u093e\u092f\u093e\u0932\u092f\u0964\n\u0927\u0928\u094d\u092f \u0939\u0948\u0902 \u0926\u094b\u0928\u094b\u0902\u0964\n\u0905\u092a\u0928\u0947 \u0939\u0940 \u0938\u0930\u0915\u093e\u0930 \u0915\u0947 \u0905\u0938\u094d\u092a\u0924\u093e\u0932\u094b\u0902 \u092a\u0930 \u0915\u094d\u092f\u093e \u092d\u0930\u094b\u0938\u093e \u0928\u0939\u0940\u0902 \u0925\u093e \u091c\u094b \u0918\u0930 \u0938\u0947 \u092c\u093e\u0902\u091f \u0930\u0939\u0947 \u0925\u0947?\n\u092f\u093e \u0905\u0938\u094d\u092a\u0924\u093e\u0932 \u0938\u092d\u0940 \u0938\u092e\u0941\u0926\u093e\u092f, \u0938\u092c\u0915\u0947 \u0935\u094b\u091f\u0930\u094b\u0902 \u0915\u094b \u0926\u0947 \u0926\u0947\u0924\u0947, \u0907\u0938\u0915\u093e \u0921\u0930 \u0925\u093e?"
        },
        {
            "tweet_id": "1392773560456728576",
            "tweet": "@ImranHussaain \u0938\u0924\u094d\u092f \u092e\u0947\u0935 \u091c\u092f\u0924\u0947"
        },
        {
            "tweet_id": "1392773948643844097",
            "tweet": "@ImranHussaain \u092c\u0947\u0936\u0930\u094d\u092e \u092d\u093e\u091c\u092a\u093e\u0907\u092f\u094b\u0902 \u0915\u0947 \u092e\u0941\u0902\u0939 \u092a\u0930 \u0928\u094d\u092f\u093e\u092f\u092a\u093e\u0932\u093f\u0915\u093e \u0915\u093e \u091c\u094b\u0930\u0926\u093e\u0930 \u0924\u092e\u093e\u091a\u093e \u0939\u0948 \u0906\u092a\u0915\u093e \u092c\u0930\u0940 \u0939\u094b\u0928\u093e\u0964"
        },
        {
            "tweet_id": "1392774199664467968",
            "tweet": "@ImranHussaain @priyankaaap23 \u092f\u0939 \u0907\u0932\u094d\u091c\u093e\u092e \u0932\u0917\u093e\u0928\u0947 \u0935\u093e\u0932\u0947 \u092c\u0939\u094b\u0924 \u0939\u0948 \u0932\u0947\u0915\u093f\u0928 , \u0907\u0928\u0915\u094b \u0915\u094b\u0930\u094d\u091f \u0938\u0947 \u092c\u0930\u0940 \u0915\u093f\u092f\u093e \u0917\u092f\u093e \u0939\u0948 \u092f\u0947 \u092d\u0940 \u091c\u093e\u0928 \u0932\u0947 \u0915\u094b\u0908 \u0905\u092a\u0930\u093e\u0927\u0940 \u0915\u093e  \u0915\u093e\u092e \u0928\u0939\u0940 \u0915\u093f\u092f\u093e \u0939\u0948  , \u0916\u0941\u0926 \u092b\u0948\u0938\u0932\u093e \u0938\u0941\u0928\u093e\u0928\u0947 \u092e\u0924 \u0932\u0917 \u091c\u093e\u0907\u092f\u0947"
        },
        {
            "tweet_id": "1392774532314718211",
            "tweet": "@ImranHussaain Badhai ho Imraan bhai, keep it up"
        },
        {
            "tweet_id": "1392774727899381763",
            "tweet": "@ImranHussaain Good work on social work but delhi ki janta ko free ration kab milega abi tak koyi sa bi ration nhi mil raha h na free na paisa wala jut bol rahi aap sarakr na driver ko mila kuc bi abi tak bol hi rahe h de kuc nhi rahe h kab hoga sach Ghonda m nhi mila ration"
        },
        {
            "tweet_id": "1392775130166796289",
            "tweet": "@ImranHussaain Masha Allah bhai bahut hi \u0928\u0947\u0915 kaam"
        },
        {
            "tweet_id": "1392776318555545601",
            "tweet": "@ImranHussaain \u0938\u093e\u0902\u091a \u0915\u094b \u0906\u0902\u091a \u0915\u094b \u0915\u0948\u0938\u0940\n\u091c\u0928\u0938\u0947\u0935\u093e \u0915\u0930\u0924\u0947 \u0925\u0947, \n\u091c\u0928\u0938\u0947\u0935\u093e \u0915\u0930\u0924\u0947 \u0939\u0948\u0902,\n\u091c\u0928\u0938\u0947\u0935\u093e \u0915\u0930\u0924\u0947 \u0930\u0939\u0947\u0902\u0917\u0947\n\u091c\u093f\u0902\u0926\u093e\u092c\u093e\u0926 \u091c\u093f\u0902\u0926\u093e\u092c\u093e\u0926 \u0905\u0930\u0935\u093f\u0902\u0926 \u0915\u0947\u091c\u0930\u0940\u0935\u093e\u0932 \u091c\u0940 \u091c\u093f\u0902\u0926\u093e\u092c\u093e\u0926 ,\n\u091c\u093f\u0902\u0926\u093e\u092c\u093e\u0926 \u091c\u093f\u0902\u0926\u093e\u092c\u093e\u0926 \u0906\u092e \u0906\u0926\u092e\u0940 \u092a\u093e\u0930\u094d\u091f\u0940 \u091c\u093f\u0902\u0926\u093e\u092c\u093e\u0926 ,\n\u0932\u0921\u093c\u0947\u0902\u0917\u0947 \u091c\u0940\u0924\u0947\u0902\u0917\u0947 \n\u270c\ufe0f\u270c\ufe0f\u270c\ufe0f"
        },
        {
            "tweet_id": "1392776756147281923",
            "tweet": "@ImranHussaain \u0938\u0924\u094d\u092f \u092a\u0930\u0947\u0936\u093e\u0928 \u0939\u094b \u0938\u0915\u0924\u093e \u0939\u0948\u0902 \u092a\u0930\u0928\u094d\u0924\u0941 \u092a\u0930\u093e\u091c\u093f\u0924 \u0928\u0939\u0940 \u0939\u094b \u0938\u0915\u0924\u093e\n\u091c\u092f \u0939\u093f\u0902\u0926"
        },
        {
            "tweet_id": "1392777282624778241",
            "tweet": "@ImranHussaain Love you @ImranHussaain bhai"
        },
        {
            "tweet_id": "1392777289104953346",
            "tweet": "@ImranHussaain \u0915\u094d\u092f\u093e \u0928\u094d\u092f\u093e\u092f\u093e\u0932\u092f \u0915\u0947 \u0938\u092d\u0940 \u092b\u0948\u0938\u0932\u0947 \u091a\u093e\u0939\u0947 \u0935\u0939 \u0930\u093e\u092e \u092e\u0902\u0926\u093f\u0930 \u0939\u094b \u092f\u093e \u0938\u0940\u090f\u090f \u092f\u093e \u0924\u0940\u0928 \u0924\u0932\u093e\u0915\u093c \u0939\u094b \u0909\u0928\u094d\u0939\u0947\u0902 \u092d\u0940 \u0907\u0938\u0940 \u092a\u094d\u0930\u0915\u093e\u0930 \u092e\u093e\u0928\u094b \u0921\u0947?"
        },
        {
            "tweet_id": "1392778098123231239",
            "tweet": "@ImranHussaain Ramzan me bhi jhooth"
        },
        {
            "tweet_id": "1392778222903840769",
            "tweet": "@ImranHussaain @naeemshafique_ God bless you . \nWell done \ud83d\udc4d Sir.."
        },
        {
            "tweet_id": "1392778764380033026",
            "tweet": "@ImranHussaain \u091a\u094b\u0930"
        },
        {
            "tweet_id": "1392779419924660225",
            "tweet": "@ImranHussaain Good job bhai"
        },
        {
            "tweet_id": "1392779499473805317",
            "tweet": "@ImranHussaain Tumhare pass Aaya Kahan se"
        },
        {
            "tweet_id": "1392779647960551426",
            "tweet": "@ImranHussaain You deserve an Oscar."
        },
        {
            "tweet_id": "1392779785726611457",
            "tweet": "@ImranHussaain \u0905\u091a\u094d\u091b\u093e \u0915\u093e\u092e \u0915\u0930\u0924\u0947 \u0930\u0939\u094b \u0938\u0930 \ud83d\udc4f\ud83d\udc4f\ud83d\udc4f https://t.co/n0CubHmQ5h"
        },
        {
            "tweet_id": "1392779835466862600",
            "tweet": "@ImranHussaain @pujagupta23781 \u0915\u0939\u0940\u0902 \u0928\u093e \u0915\u0939\u0940\u0902 \u0928\u094d\u092f\u093e\u092f \u0935\u094d\u092f\u0935\u0938\u094d\u0925\u093e \u092d\u0940 \u091c\u093e\u0917 \u0930\u0939\u0940 \u0939\u0948,"
        },
        {
            "tweet_id": "1392780502499610624",
            "tweet": "@ImranHussaain \u0932\u094b\u0917\u094b\u0902 \u0915\u094b Subjudice \u092e\u093e\u092e\u0932\u0947 \u092e\u0947\u0902 \u091f\u094d\u0935\u0940\u091f \u0915\u0930\u0928\u0947 \u0938\u0947 \u092a\u0939\u0932\u0947 \u0915\u094b\u0930\u094d\u091f \u0915\u0947 \u0911\u0930\u094d\u0921\u0930 \u0915\u093e \u0907\u0902\u0924\u091c\u093e\u0930 \u0915\u0930\u0928\u093e \u091a\u093e\u0939\u093f\u090f."
        },
        {
            "tweet_id": "1392783618028630016",
            "tweet": "@ImranHussaain Dirty mind"
        },
        {
            "tweet_id": "1392784366418350088",
            "tweet": "@ImranHussaain \u0911\u0921\u093f\u091f\u0964"
        },
        {
            "tweet_id": "1392784621650124805",
            "tweet": "@ImranHussaain \u091a\u0932 \u0920\u0940\u0915 \u0939\u0948\u0964 \n\u0935\u091c\u093c\u0928 \u0915\u092e \u0915\u0930 \u0925\u094b\u0921\u093c\u093e\u0964"
        },
        {
            "tweet_id": "1392785040153538560",
            "tweet": "@ImranHussaain \ud83e\udd23\ud83e\udd23\ud83e\udd23Apne muh miya mithu....."
        },
        {
            "tweet_id": "1393091663870889987",
            "tweet": "@Jay98986792 @ImranHussaain Bhai me kisi party ka supoorter ni hu, but itna pata hai ki is samay sari party janta ki dusman bani hui hai, vaise sabi party bhik mang ke hi chalti hai, koi offline bhik leta hai koi online, kisi ko chota amount milta hai kisi ko lakho carodo me,"
        },
        {
            "tweet_id": "1392786801555697669",
            "tweet": "@ImranHussaain From where did he get oxygen in personal capacity when AAP govt. was crying shortage? Pidi media will never question. @ani @PTI_News @ndtv @TimesNow @republic @BBCHindi @indiatvnews @IndiaToday @BJP4India @INCIndia @the_hindu @ThePrintIndia @htTweets @Sanjay_Dixit @DrManishKumar1"
        },
        {
            "tweet_id": "1392787953575890958",
            "tweet": "@ImranHussaain \u0911\u0915\u094d\u0938\u0940\u091c\u0928 \u091a\u094b\u0930"
        },
        {
            "tweet_id": "1392788114138046469",
            "tweet": "@ImranHussaain Wah, sahab,,\nApni dhyan do tikaye rkhe"
        },
        {
            "tweet_id": "1392788152255799306",
            "tweet": "@ImranHussaain \u091c\u093f\u0924\u0928\u0947 \u0932\u094b\u0917 \u0906\u092a\u0915\u0947 \u0916\u093f\u0932\u093e\u092b \u0925\u0947 \u0906\u092a \u092a\u0930 \u091d\u0942\u0920\u0947 \u092a\u094d\u0930\u094b\u092a\u094b\u0917\u0902\u0921\u093e \u091a\u0932\u093e\u090f \u0935\u0947 \u0938\u093e\u0930\u0947 \u0907\u091c\u0930\u093e\u0907\u0932 \u0915\u0947 \u0938\u093e\u0925 \u0916\u0921\u093c\u0947 \u0939\u0948\u0902"
        },
        {
            "tweet_id": "1392790300339232771",
            "tweet": "@ImranHussaain @AapHonest \u0938\u0924\u094d\u092f \u0915\u0940 \u091c\u0940\u0924 \u0939\u0941\u0908"
        },
        {
            "tweet_id": "1392791006525808640",
            "tweet": "@ImranHussaain \u0936\u0930\u094d\u092e \u092d\u0940 \u0928\u0939\u0940\u0902 \u0906\u0924\u0940 \u0939\u0948\n\u092a\u092c\u094d\u0932\u093f\u0915 \u0915\u0940 \u0907\u0924\u0928\u0940 \u0938\u0947\u0935\u093e \u0909\u092a\u0930 \u0935\u093e\u0932\u093e \u092e\u093e\u092b \u0928\u0939\u0940\u0902 \u0915\u0930\u0947\u0917\u093e\n\u0939\u093e\u0938\u094d\u092a\u093f\u091f\u0932 \u092e\u0947\u0902 \u092c\u0928\u094d\u0926\u0947 \u092e\u0930 \u0930\u0939\u0947 \u0939\u0948\u0902 \u0924\u0941\u092e \u0905\u092a\u0928\u094b \u0915\u0940 \u092e\u0926\u0926 \u0915\u0930 \u0930\u0939\u0947 \u0939\u094b"
        },
        {
            "tweet_id": "1392791797764550659",
            "tweet": "@ImranHussaain @AapHonest \u0906\u092a \u0915\u093e \u0915\u093e\u0930\u094d\u092f \u0936\u0948\u0932\u0940 \u092e\u0948\u0902\u0928\u0947 \u0926\u0947\u0916\u093e \u0939\u0948 \u0907\u092e\u0930\u093e\u0928 \u092d\u093e\u0908...\u0906\u092a \u0936\u093e\u0928\u0926\u093e\u0930 \u0928\u0947\u0924\u093e \u0939\u094b...\ud83d\udc90\ud83d\udc90\ud83d\udc4d\ud83d\udc4d"
        },
        {
            "tweet_id": "1392792895137075215",
            "tweet": "@ImranHussaain \u0917\u094d\u0930\u0947\u091f \u0907\u092e\u0930\u093e\u0928 \u0935\u093f\u0927\u093e\u092f\u0915 \u0938\u093e\u092c"
        },
        {
            "tweet_id": "1392793301409882115",
            "tweet": "@ImranHussaain Lage rho bhi Allah or tofiqe dega aap ko"
        },
        {
            "tweet_id": "1392793489377619973",
            "tweet": "@ImranHussaain @AapHonest Aise hee achha kaam karte rahiye. Sach ko kab tak chhupayenge ye log."
        },
        {
            "tweet_id": "1392794095697874952",
            "tweet": "@ImranHussaain Ap nek insan hai"
        },
        {
            "tweet_id": "1392796613383360519",
            "tweet": "@ImranHussaain Jese tere bhai ne Delhi k janta k sath kiya tha bilkul yese hi"
        },
        {
            "tweet_id": "1392796900538011659",
            "tweet": "@ImranHussaain \u0936\u0930\u094d\u092e \u0915\u0930\u094b \u092c\u0947\u0936\u0930\u094d\u092e\u094b \u0936\u0930\u094d\u092e \u0915\u0930\u094b ! \u0930\u094b\u091c\u093e \u092e\u0947\u0902 \u0910\u0938\u0940 \u0939\u0930\u0915\u0924\u0947\u0902 ?"
        },
        {
            "tweet_id": "1392797516207329280",
            "tweet": "@ImranHussaain God bless you"
        },
        {
            "tweet_id": "1392798776545353731",
            "tweet": "@ImranHussaain Wo kuch log yakinan GOBER khate honge bhai.. Aap lage raho sewa me. Jazak Allah khair"
        },
        {
            "tweet_id": "1392799094762967041",
            "tweet": "@ImranHussaain \u0906\u092a \u092c\u0947\u091a\u0924\u0947 \u0930\u0939\u093f\u092f\u0947 \u091c\u0928\u093e\u092c, \u0906\u092a \u0915\u0947 \u092a\u0915\u0921\u093c\u0947 \u091c\u093e\u0928\u0947 \u0915\u0947 \u092c\u093e\u0926 \u0938\u0947 \u0939\u0940 \u0915\u0947\u091c\u0930\u0940\u0935\u093e\u0932 \u091c\u0940 \u0928\u0947 \u0926\u093f\u0932\u094d\u0932\u0940 \u092e\u0947\u0902 \u0911\u0915\u094d\u0938\u093f\u091c\u0928 \u0915\u0940 \u0915\u092e\u0940 \u0915\u093e \u0930\u094c\u0928\u093e \u092c\u0902\u0926 \u0915\u093f\u092f\u093e \u0925\u093e"
        },
        {
            "tweet_id": "1392799451241062404",
            "tweet": "@ImranHussaain @AzadHus57210542 follow"
        },
        {
            "tweet_id": "1392799619629780992",
            "tweet": "@ImranHussaain Satymev jayte"
        },
        {
            "tweet_id": "1392800309689282567",
            "tweet": "@ImranHussaain Na khud karenge, na karne denge..\nAshayo ko yuhi marne denge..",
            "replies": [
                {
                    "tweet_id": "1392801017394171904",
                    "tweet": "@ImranHussaain Sharam to inhe aati nahi sir..\nBas rajneeti se matlab. Aam aadmi party..\nbest party."
                }
            ]
        },
        {
            "tweet_id": "1392801805763977218",
            "tweet": "@ImranHussaain Delhi high court zindabad"
        },
        {
            "tweet_id": "1392802377497862144",
            "tweet": "@ImranHussaain \u091c\u0928\u0924\u093e \u092c\u0939\u0942\u0924 \u0939\u094b\u0936\u093f\u092f\u093e\u0930 \u0939\u0948 \u0938\u092c \u091c\u093e\u0928\u0924\u0940 \u0939\u0948 \u0905\u0926\u093e\u0932\u0924 \u0938\u0947 \u092c\u091a \u0917\u090f \u092a\u0930 \u091c\u0928\u0924\u093e \u0915\u0940 \u0928\u091c\u093c\u0930\u094b\u0902 \u0938\u0947 \u0915\u0948\u0938\u0947 \u092c\u091a\u094b\u0917\u0947 \u091c\u094b \u0932\u094b\u0917 \u0911\u0915\u094d\u0938\u093f\u091c\u0928 \u0915\u0940 \u091c\u092e\u093e\u0916\u094b\u0930\u0940 \u0938\u0947 \u092e\u0930\u0947 \u0939\u0948 \u0935\u094b \u0915\u0947\u091c\u0930\u0940\u0935\u093e\u0932 \u0938\u0930\u0915\u093e\u0930 \u0915\u094b \u0915\u092d\u0940 \u092e\u093e\u092b \u0928\u0939\u0940 \u0915\u0930\u0947\u0902\u0917\u0947"
        },
        {
            "tweet_id": "1392802664598040581",
            "tweet": "@ImranHussaain @BJP4Delhi \u0924\u0941\u092e \u0932\u094b\u0917 \u0928\u0940\u091a\u0924\u093e \u0915\u0930\u0924\u0947 \u0930\u0939\u094b @AamAadmiParty \u0932\u094b\u0917\u094b\u0902 \u0915\u0947 \u0932\u093f\u090f \u0915\u093e\u092e \u0915\u0930\u0924\u0940 \u0930\u0939\u0947\u0917\u0940"
        },
        {
            "tweet_id": "1392805900457373696",
            "tweet": "@ImranHussaain @Aktiwari0003 \ud83d\udc4d \u091c\u092f \u0939\u094b"
        },
        {
            "tweet_id": "1392807192336633856",
            "tweet": "@ImranHussaain Itna o ygen kaha se laye."
        },
        {
            "tweet_id": "1392808349373063169",
            "tweet": "@ImranHussaain @AamAadmiParty \ud83d\udc4d\ud83d\udc4d\ud83d\udc4d\u2764"
        },
        {
            "tweet_id": "1392809289983533061",
            "tweet": "@ImranHussaain Good job \ud83d\udc4d\ud83d\udc4d\ud83d\udc4d\ud83d\udcaf"
        },
        {
            "tweet_id": "1392810814734692352",
            "tweet": "@ImranHussaain Proud of you sir"
        },
        {
            "tweet_id": "1392812265854836738",
            "tweet": "@ImranHussaain Keep it up"
        },
        {
            "tweet_id": "1392812738741641222",
            "tweet": "@ImranHussaain \u091a\u091a\u093e, \u0926\u093f\u0932\u094d\u0932\u0940 \u0938\u0930\u0915\u093e\u0930 \u0915\u0947 \u092a\u093e\u0938 \u0928\u0939\u0940, \u0906\u092a\u0915\u0947 \u092a\u093e\u0938 \u0938\u093f\u0932\u0947\u0902\u0921\u0930 \u0925\u0947\u0964\u092f\u0947 \u0915\u0948\u0938\u0947 \u0939\u0941\u0906\u0964"
        },
        {
            "tweet_id": "1392814834442391552",
            "tweet": "@ImranHussaain as the whole @AamAadmiParty has been exposed ,people know who is going what ??"
        },
        {
            "tweet_id": "1392816289056378882",
            "tweet": "@ImranHussaain @AamAadmiParty Terai pass itna Cylinder aaya kaha sai....bhai jara KEJRIBAWAL ko bata detai"
        },
        {
            "tweet_id": "1392817496567078919",
            "tweet": "@ImranHussaain \u092d\u093e\u091c\u092a\u093e \u0915\u0947 \u090f\u0915 \u0914\u0930 \u091d\u0942\u0920 \u0915\u093e \u0939\u0941\u0906 \u0915\u094b\u0930\u094d\u091f \u092e\u0947\u0902 \u092a\u0930\u094d\u0926\u093e\u092b\u093e\u0936\u0964\n\u0906\u092e \u0906\u0926\u092e\u0940 \u092a\u093e\u0930\u094d\u091f\u0940 \u0915\u0947 \u0915\u093e\u092e\u094b\u0902 \u092a\u0930 \u0915\u0949\u092e\u094d\u092a\u093f\u091f\u093f\u0936\u0928 \u0915\u0930\u094b \u092d\u093e\u091c\u092a\u093e \u0935\u093e\u0932\u094b\u0902, \u091d\u0942\u0920\u0947 \u0906\u0930\u094b\u092a\u094b\u0902 \u0938\u0947 \"\u091f\u0940\u092e \u0915\u0947\u091c\u0930\u0940\u0935\u093e\u0932\" \u0907\u092e\u0930\u093e\u0928 \u0939\u0941\u0938\u0948\u0928 \u0915\u0947 \u0926\u094d\u0935\u093e\u0930\u093e \u091c\u0928\u0924\u093e \u0915\u0947 \u0932\u093f\u090f \u0915\u093f\u090f \u091c\u093e \u0930\u0939\u0947 \u0915\u093e\u092e\u094b\u0902 \u0915\u094b \u0928\u0939\u0940\u0902 \u0930\u094b\u0915 \u092a\u093e\u0913\u0902\u0917\u0947\u0964"
        },
        {
            "tweet_id": "1392818370416844801",
            "tweet": "@ImranHussaain Imran husain zinda bad sachche ka bol bala jhothe ka monh kala"
        },
        {
            "tweet_id": "1392818788429488133",
            "tweet": "@ImranHussaain Yeh bhi bato do ye oxygen kahan se laye..."
        },
        {
            "tweet_id": "1392819639332184068",
            "tweet": "@ImranHussaain \u0905\u092a\u0928\u0940 \u0935\u092b\u093e\u0926\u093e\u0930\u0940 \u0915\u093e \u0938\u092c\u0942\u0924 \u0926\u0947\u0928\u0947 \u0915\u0947 \u0932\u093f\u090f \u0915\u0941\u0924\u094d\u0924\u0947 \u092d\u094c\u0902\u0915 \u0930\u0939\u0947 \u0939\u0948\u0902"
        },
        {
            "tweet_id": "1392820358231646214",
            "tweet": "@ImranHussaain \u092e\u093e\u0928\u0928\u0940\u092f \u0928\u094d\u092f\u093e\u092f\u093e\u0932\u092f \u092d\u0940 \u0928\u093e \u091c\u093e\u0928\u0947 \u0915\u0948\u0938\u093e \u0939\u0948 \u091c\u094b \u0906\u092a \u091c\u0948\u0938\u0947 \u0932\u094b\u0917\u094b\u0902 \u0915\u094b \u092c\u091a\u093e \u0926\u0947\u0924\u093e \u0939\u0948\u0964 \u0906\u092a \u0909\u0938 \u092a\u093e\u0930\u094d\u091f\u0940 \u0938\u0947 \u0939\u094b \u091c\u093f\u0938\u0928\u0947 \u0926\u093f\u0932\u094d\u0932\u0940 \u092e\u0947\u0902 \u0926\u0902\u0917\u0947 \u0915\u0930\u093e\u090f, \u0905\u092a\u0928\u0947 \u092c\u091a\u094d\u091a\u094b\u0902 \u0915\u0940 \u091d\u0942\u0920\u0940 \u0915\u0938\u092e \u0916\u093e \u0915\u0930 \u0938\u0924\u094d\u0924\u093e \u0939\u0925\u093f\u092f\u093e\u0908, \u0905\u0923\u094d\u0923\u093e \u0939\u091c\u093e\u0930\u0947 \u0915\u094b \u0927\u094b\u0916\u093e \u0926\u093f\u092f\u093e, \u0915\u093e\u092e \u0915\u0941\u091b \u0928\u0939\u0940\u0902 \u0935\u093f\u091c\u094d\u091e\u093e\u092a\u0928 \u092e\u0947\u0902 \u0926\u093f\u0932\u094d\u0932\u0940 \u0915\u093e \u092a\u0948\u0938\u093e \u092c\u0930\u092c\u093e\u0926 \u0915\u093f\u092f\u093e\u0964 \u0928\u094d\u092f\u093e\u092f\u0932\u092f \u092c\u0930\u0940 \u092d\u0940 \u0915\u0930 \u0926\u0947\u0924\u093e \u0939\u0948 \u0905\u0902\u0927\u093e \u0915\u093e\u0928\u0942\u0928\u0964"
        },
        {
            "tweet_id": "1392821139219521540",
            "tweet": "@ImranHussaain \u091c\u0940 \u0939\u093e\u0902 \u092c\u094d\u0932\u0948\u0915 \u092e\u0947\u0902 \u092c\u0947\u091a\u0915\u0930"
        }
    ]
}