{
    "tweet_id": "1397923242938015749",
    "tweet": "Pig! Remember when you got caught up in the Mysore Pak controversy and literally begged @Tejasvi_Surya to bail you out \u2014 the one in which you morphed a parliament question as a joke. I am going to reignite that controversy and let loose all Kannadigas against you",
    "comments": [
        {
            "tweet_id": "1397933548087119875",
            "tweet": "@sushantsareen @Tejasvi_Surya Jali budde ki.. \ud83d\ude06"
        },
        {
            "tweet_id": "1397940004953886731",
            "tweet": "@sushantsareen @Tejasvi_Surya Sir, plz start, I have brought popcorn, samosa n cold drink also.....\n\n\ud83d\ude04\ud83d\ude04\ud83d\ude04\ud83d\ude04"
        },
        {
            "tweet_id": "1397931331615555587",
            "tweet": "@sushantsareen @ARanganathan72 @Tejasvi_Surya Hello sir @sushantsareen I request you to use decent language, ohh sorry u r not educated enough to speak properly, I m it's not ur fault,it's the fault of someone else u didn't study, I m sorry u can't do anything against @ARanganathan72 sir, millions n millions r behind him."
        }
    ]
}