{
    "tweet_id": "1392377122065289216",
    "tweet": "You Fucked Them &amp; That Was The Worst Thing You Ever Did !!! #Isreal https://t.co/dOdnN377u5",
    "comments": [
        {
            "tweet_id": "1392377370745532417",
            "tweet": "@thakkar_sameet Aukaat...pata chal gaya"
        },
        {
            "tweet_id": "1392377630658338816",
            "tweet": "@thakkar_sameet Israel is gonna screw them really bad 'Ab K2Vo Ka Kat Dalega Israel' \ud83d\ude02\ud83d\ude02"
        },
        {
            "tweet_id": "1392377635578122245",
            "tweet": "@thakkar_sameet Kabooom \ud83d\udca5 https://t.co/pRmYy053Mg",
            "replies": [
                {
                    "tweet_id": "1392382820094341121",
                    "tweet": "@i_am_anmol_p @thakkar_sameet Wah maza aa gaya"
                }
            ]
        },
        {
            "tweet_id": "1392378042123620353",
            "tweet": "@thakkar_sameet \ud83d\ude02\ud83d\ude02"
        },
        {
            "tweet_id": "1392379092045946885",
            "tweet": "@thakkar_sameet What cheek !!\nHamas is not a country that it can ask for ceasefire.\nIt is a terrorist organization...."
        },
        {
            "tweet_id": "1392379221100568576",
            "tweet": "@thakkar_sameet Israel army and Benjamin Netanyahu: https://t.co/YhBRl8OjEo",
            "replies": [
                {
                    "tweet_id": "1392496444553138176",
                    "tweet": "@aries2ad @thakkar_sameet Gaand ko aag lagi hui hai aur \ud83e\udd23\ud83e\udd23\ud83e\udd23"
                }
            ]
        },
        {
            "tweet_id": "1392385647642615808",
            "tweet": "@thakkar_sameet We hate India! \ud83d\udd95#FuckIndia #FreePalestine"
        },
        {
            "tweet_id": "1392387924872679427",
            "tweet": "@thakkar_sameet Took kit gang lead by Sitaram Yechury and co. Will be active immediately"
        },
        {
            "tweet_id": "1392400869350592512",
            "tweet": "@thakkar_sameet \u0907\u091c\u0930\u093e\u0907\u0932\u0940 \u092b\u0902\u0921\u093e -\"\u092c\u0947\u091f\u093e, \u0936\u0941\u0930\u0942 \u0924\u0941\u092e \u0915\u0930\u094b\u0917\u0947 \u092a\u0930 \u0916\u0924\u092e \u0939\u092e \u0915\u0930\u0947\u0902\u0917\u0947 \"...\n#IndiaStandsWithIsrael"
        },
        {
            "tweet_id": "1392421363390971906",
            "tweet": "@thakkar_sameet Not sure the reason why Gaza is attacking Israel in such intensity? Any powerful country backing them?",
            "replies": [
                {
                    "tweet_id": "1392480445418205184",
                    "tweet": "@Jitsamin @thakkar_sameet They make their own rockets by melting scrap metal"
                },
                {
                    "tweet_id": "1392453818156208130",
                    "tweet": "@Jitsamin @thakkar_sameet Israel was opening its economy after successful vaccination campaign. One good reason for this violent attack."
                },
                {
                    "tweet_id": "1392528137427226626",
                    "tweet": "@Jitsamin @thakkar_sameet Iran backs Hamas with rockets, one terrorist organization backs the other, entirely typical."
                }
            ]
        },
        {
            "tweet_id": "1392432882740723713",
            "tweet": "@thakkar_sameet They should go after last Hamas terrorist and totally get them out of the way. This barrage of rocket \ud83d\ude80 fire is act of war and anyone coming between will also bear the brunt. There\u2019s no innocence here."
        },
        {
            "tweet_id": "1392493754993414145",
            "tweet": "@thakkar_sameet Ab pitai.....sry party* shuru hogi\ud83c\udf7a"
        },
        {
            "tweet_id": "1392378099698855937",
            "tweet": "@thakkar_sameet Great Slap of Face of Anti Nationals like Failed Actress @ReallySwara\u2026"
        },
        {
            "tweet_id": "1392380606521151491",
            "tweet": "@thakkar_sameet Palestine attack on Israel is like '\u0906 \u092c\u0948\u0932 \u092e\u0941\u091d\u0947 \u092e\u093e\u0930'. \u0907\u0928\u0915\u0940 \u0920\u0941\u0915\u093e\u0908 \u0930\u0941\u0915\u0928\u0940 \u0928\u0939\u0940\u0902 \u091a\u093e\u0939\u093f\u090f\u0964 \ud83d\ude02\n\u0936\u0941\u0930\u0942 \u092e\u091c\u092c\u0942\u0930\u0940 \u092e\u0947\u0902 \u0915\u093f\u092f\u093e \u0925\u093e \u0932\u0947\u0915\u093f\u0928 \u0905\u092c \u092e\u091c\u093c\u093e \u0906 \u0930\u0939\u093e \u0939\u0948\u0964 \u091c\u092f \u0939\u094b Israel \u0926\u0947\u0936\u0964\nProud of Israel\n#IndiaStandsWithIsrael \n#IndiaStandWithIsrael"
        },
        {
            "tweet_id": "1392382634727149574",
            "tweet": "@thakkar_sameet Pelo bc dhang se....."
        },
        {
            "tweet_id": "1392383385486626820",
            "tweet": "@thakkar_sameet Ma cho do hamas ki"
        },
        {
            "tweet_id": "1392384392396300295",
            "tweet": "@thakkar_sameet \u0905\u092c \u091c\u094b \u0939\u092e\u0938 \u0915\u0947 \u092a\u093f\u091b\u0935\u093e\u0921\u093c\u0947 \u092e\u0947\u0902 \u092c\u093e\u0902\u0938 \u0918\u0941\u0938\u093e\u092f\u093e \u0939\u0948, \u0924\u094b \u092e\u0941\u0902\u0939 \u0938\u0947 \u0928\u093f\u0915\u093e\u0932 \u0915\u0947 \u0939\u0940 \u091b\u094b\u0921\u093c\u0947\u0917\u0940 IDF.\n#IndiaStandsWithIsrael \n#IndiaWithIsrael"
        },
        {
            "tweet_id": "1392401760413618176",
            "tweet": "@thakkar_sameet \u0907\u0938\u094d\u0930\u093e\u0907\u0932 \u092f\u0939\u0942\u0926\u0940 \u0926\u0947\u0936 \u0917\u093e\u092f \u092d\u0940 \u0916\u093e\u0924\u093e \u0939\u0948, \u092e\u0942\u0930\u094d\u0924\u0940 \u0935\u093f\u0930\u094b\u0927\u0940 \u092d\u0940 \u0939\u0948, \u0916\u0924\u0928\u093e \u092d\u0940 \u0915\u0930\u0935\u093e\u0924\u093e \u0939\u0948\u0964 \n\u092b\u093f\u0930 \u0910\u0938\u0940 \u0915\u094d\u092f\u093e \u092c\u093e\u0924 \u0939\u0948 \u0915\u093f \u0905\u0902\u0921\u092d\u0915\u094d\u0924 \u0909\u0938\u0915\u094b \u0905\u092a\u0928\u093e \u092c\u093e\u092a \u092e\u093e\u0928\u0924\u0947 \u0939\u0948\u0902!"
        },
        {
            "tweet_id": "1392454088604807173",
            "tweet": "@thakkar_sameet Isko kehtein hai \"Ab Tandav hoga\".\nNext time yaad rakhna ki Maulana ki aukaat nahi hai Aisa karne ki"
        },
        {
            "tweet_id": "1392466884184920066",
            "tweet": "@thakkar_sameet This is a fake title"
        },
        {
            "tweet_id": "1392407850807300099",
            "tweet": "@thakkar_sameet @ReallySwara please talk to Israel on behalf of Terrorist hamas \ud83e\udd23"
        },
        {
            "tweet_id": "1392438637250318337",
            "tweet": "@thakkar_sameet Israel will cease to exist when\n\n1. Pigs start flying \n2. Fishes start walking on roads\n3. Rats start eating cats\n4. Color of rose turns black\n5. Men have uterus \n6. Giraffe's height becomes 1 feet\n\nOnce these 6 conditions are satisfied , Israel will be wiped off the earth."
        },
        {
            "tweet_id": "1392450717537824772",
            "tweet": "@thakkar_sameet There should be no mercy for terrorist organisation like Hamas teach a lesson they do not forget in hurry"
        },
        {
            "tweet_id": "1392391307474006021",
            "tweet": "@thakkar_sameet In Mumbai, \nI am trying to get a vaccination slot for weeks now, but always it says \u201c Booked \u201c  I Log in exactly at the time when the vaccine slots open but never manage to book the appointment, whereas celebrities are getting vaccinated everyday !!!!!",
            "replies": [
                {
                    "tweet_id": "1392408704704684033",
                    "tweet": "@oneelife @thakkar_sameet What time it open slot dear..I want tell one of my relative"
                }
            ]
        }
    ]
}