{
    "tweet_id": "1392421466243837954",
    "tweet": "Rationality is against the country... https://t.co/96Xf4QqpQQ",
    "comments": [
        {
            "tweet_id": "1392421541099360257",
            "tweet": "@kunalkamra88 First Comment"
        },
        {
            "tweet_id": "1392421614399090694",
            "tweet": "@kunalkamra88 \u0907\u0938 \u092b\u093c\u094b\u091f\u094b \u0915\u0947 \u092e\u093e\u0926\u094d\u092f\u092e \u0938\u0947 \u092c\u0924\u093e\u0908 \u0906\u0926\u0930\u093f\u0923\u092f\u0947 \u092a\u0930\u0927\u093e\u0928\u092e\u0902\u0924\u094d\u0930\u093f \u091c\u0940 \u0915\u094d\u092f\u093e \u0938\u094b\u091a \u0930\u0939\u092f\u0947 \u0939\u094b\u0902\u0917\u0947 ? \u0915\u0943\u092a\u093e \u0938\u093f\u0930\u094d\u092b\u093c \u092d\u0917\u0924 \u0915\u0940 \u091c\u0935\u093e\u092c \u0926\u0947 https://t.co/xc4A46zOIm",
            "replies": [
                {
                    "tweet_id": "1392425153745674240",
                    "tweet": "@hemantlatawa @kunalkamra88 So cute Modi ji \ud83e\udd29\ud83d\udc4c phir ye  shaitaani dimag kyu rkhe hai \ud83d\ude0f"
                },
                {
                    "tweet_id": "1392434578585915394",
                    "tweet": "@hemantlatawa @kunalkamra88 \u092e\u0948 \u0928\u0947 \u0915\u093f\u0938\u0940 \u0915\u094b \u091a\u0941\u091f\u093f\u092f\u093e \u0928\u0939\u0940 \u092c\u0928\u093e\u092f\u093e\n\u092c\u0932\u094d\u0915\u0947 \u091a\u0942\u0924\u093f\u092f\u094b\u0902 \u0928\u0947 \u092e\u0941\u091d\u0947 \u092a\u094d\u0930\u0927\u093e\u0928\u092e\u0902\u0924\u094d\u0930\u0940 \u092c\u0928\u093e\u092f\u093e"
                }
            ]
        },
        {
            "tweet_id": "1392421648586862594",
            "tweet": "@kunalkamra88 Burger king me kya milta hai ? Wrong answers only \ud83c\udf1a"
        },
        {
            "tweet_id": "1392421660553138176",
            "tweet": "@kunalkamra88 The 'Gujarat Model'"
        },
        {
            "tweet_id": "1392421682506190852",
            "tweet": "@kunalkamra88 Bhakts applying Kamra on the body."
        },
        {
            "tweet_id": "1392421719051173891",
            "tweet": "@kunalkamra88 Bhakts be like .. Gobar Party !! \ud83e\udd23"
        },
        {
            "tweet_id": "1392421721072865280",
            "tweet": "@kunalkamra88 \u0915\u094b\u0930\u094b\u0928\u093e \u092a\u094d\u0930\u092c\u0902\u0927\u0928 \u0915\u0947 \u092e\u093e\u092e\u0932\u0947 \u092e\u0947\u0902 \n\u092e\u094b\u0926\u0940 \u0938\u0930\u0915\u093e\u0930 \u092a\u0942\u0930\u0940 \u0924\u0930\u0939 \u092b\u0947\u0932, \n\u0935\u093f\u0926\u0947\u0936\u0940 \u201c\u092e\u0940\u0921\u093f\u092f\u093e\u2019 \u0909\u0921\u093c\u093e \u0930\u0939\u0940 \u0939\u0948\u0902 \n\u0916\u093f\u0932\u094d\u0932\u093f\u092f\u093e\u0902..???"
        },
        {
            "tweet_id": "1392421736063275011",
            "tweet": "@kunalkamra88 Mein ek Balti sponsor karta hu tu bhi try karliyo\ud83d\ude02\ud83d\ude02\ud83d\ude02\ud83d\ude02\ud83d\ude02"
        },
        {
            "tweet_id": "1392421830552547330",
            "tweet": "@kunalkamra88 Gujrat model              actual Gujrat model\nThey show us https://t.co/JVZDcdAXCW",
            "replies": [
                {
                    "tweet_id": "1392422766146686976",
                    "tweet": "@Majbootladka @kunalkamra88 \ud83e\udd23\ud83e\udd23\ud83e\udd23 .. Flat screen"
                }
            ]
        },
        {
            "tweet_id": "1392421855336681476",
            "tweet": "@kunalkamra88 \u0936\u0941\u0915\u094d\u0930 \u0939\u0948 \u0935\u093f\u0926\u0947\u0936 \u0935\u093e\u0932\u094b \u0928\u0947 BJP \u0928\u0947\u0924\u093e \u0914\u0930 \u0905\u0902\u0927 \u092d\u0915\u094d\u0924\u094b\u0902 \u0915\u0940 \u092c\u093e\u0924\u094b \u0915\u094b serious \u0928\u0939\u0940 \u0932\u093f\u092f\u093e \u0928\u0939\u0940 \u0924\u094b \u0906\u091c liquid oxygen \u0915\u0940 \u091c\u0917\u0939 \u0917\u094c \u092e\u0942\u0924\u094d\u0930  \u0914\u0930 vaccine \u0915\u0940 \u091c\u0917\u0939 \u0917\u094b\u092c\u0930 \u092d\u0947\u091c \u0926\u0947\u0924\u0947...\n\n#StayHomeStaySafe"
        },
        {
            "tweet_id": "1392421855659626496",
            "tweet": "@kunalkamra88 \ud83d\ude00\ud83d\ude00\ud83d\ude00"
        },
        {
            "tweet_id": "1392421863230345218",
            "tweet": "@kunalkamra88 Waah Modi ji waah \ud83c\uddee\ud83c\uddf3"
        },
        {
            "tweet_id": "1392421887578312711",
            "tweet": "@kunalkamra88 Bhakton mooh chupao sharm se\ud83d\ude02\ud83d\ude02\ud83d\ude02 \nBaklol sab\ud83e\udd23\ud83e\udd23\n #IndiaWithPalestine #BharatWithIsrael_Irfan https://t.co/GXh53YdodC",
            "replies": [
                {
                    "tweet_id": "1392509279018516480",
                    "tweet": "@HayatTarique79 @kunalkamra88 3yr old stand. Diplomatic advocacy changes very rapidly"
                },
                {
                    "tweet_id": "1392730558405304323",
                    "tweet": "@HayatTarique79 @kunalkamra88 Abdul 5 puncture ka kitna loge ??"
                },
                {
                    "tweet_id": "1392899013171503104",
                    "tweet": "@HayatTarique79 @kunalkamra88 I think india should stand with palestine in matter of development but india need to learn from Israel how to counter terrorism."
                },
                {
                    "tweet_id": "1393099631467274243",
                    "tweet": "@HayatTarique79 @kunalkamra88 The Indians supporting Israel on twitter aren't for Israel they're just celebrating the deaths of muslims in Palestine. They have no knowledge no idea about the history they just stand with whoever is against Islam"
                },
                {
                    "tweet_id": "1392635415996293120",
                    "tweet": "@HayatTarique79 @kunalkamra88 Kya ye such hai?"
                },
                {
                    "tweet_id": "1392656616617439237",
                    "tweet": "@HayatTarique79 @kunalkamra88 Modi ji ke joke pe khush ho rha hai sulla... \ud83e\udd23 \ud83e\udd23 \ud83e\udd23 \ud83e\udd23\nKhush reh beta \ud83d\ude02 \ud83d\ude02 \ud83d\ude02"
                },
                {
                    "tweet_id": "1392710165229719552",
                    "tweet": "@HayatTarique79 @kunalkamra88 Abey Jihadi khudka munh chhupa, saale pehle quran se bahar duniya ko aa thoda.. duniya bahot age nikalgyi"
                },
                {
                    "tweet_id": "1392732478083719170",
                    "tweet": "@HayatTarique79 @kunalkamra88 Yeh kya bol raha hai.ab Israel  se bhi relation bigade ga"
                },
                {
                    "tweet_id": "1392774156832313345",
                    "tweet": "@HayatTarique79 @kunalkamra88 ab support ktr de tab bhi dard hota\nna kre to modi to vaise hi badnam hai kaum me"
                },
                {
                    "tweet_id": "1393114905767645191",
                    "tweet": "@HayatTarique79 @kunalkamra88 Tere Palestine ki maa chud rhee hai bsdk\ud83e\udd23\ud83e\udd23"
                },
                {
                    "tweet_id": "1393252014327439362",
                    "tweet": "@HayatTarique79 @kunalkamra88 Jaise halala ke baad mulle chupate hain"
                },
                {
                    "tweet_id": "1392512731702382597",
                    "tweet": "@HayatTarique79 @kunalkamra88 Wah chamcho wah.."
                },
                {
                    "tweet_id": "1392818687774650368",
                    "tweet": "@HayatTarique79 @kunalkamra88 You idiot.. in journey of development not in terrorism.."
                }
            ]
        },
        {
            "tweet_id": "1392421895669125127",
            "tweet": "@kunalkamra88 COVID-19 vaccination story covered by :\n\nThe Guardian.                Daily Guardian https://t.co/fFffCyjgKX",
            "replies": [
                {
                    "tweet_id": "1392423505220694021",
                    "tweet": "@Nero_Modi @kunalkamra88 \ud83c\uddee\ud83c\uddf3\ud83c\uddee\ud83c\uddf3\ud83c\uddee\ud83c\uddf3\ud83e\udd32\ud83c\udffb\ud83e\udd32\ud83c\udffb\ud83e\udd32\ud83c\udffb https://t.co/h7hOhYg4Y7"
                },
                {
                    "tweet_id": "1392427045624238080",
                    "tweet": "@Nero_Modi @kunalkamra88 Is he from RSS minority cell?\ud83d\ude02 https://t.co/xJxaNti2Av"
                }
            ]
        },
        {
            "tweet_id": "1392421911842328589",
            "tweet": "@kunalkamra88 Bhkts to moiiii g https://t.co/uXV4qe6WyO"
        },
        {
            "tweet_id": "1392422001441075202",
            "tweet": "@kunalkamra88 \ud83e\udd23\ud83d\ude02\ud83e\udd23\ud83d\ude02"
        },
        {
            "tweet_id": "1392422065173499912",
            "tweet": "@kunalkamra88 \ud83d\ude02\ud83d\ude02\ud83d\ude02\ud83d\ude02\nKya chutiya log hai yeh log"
        },
        {
            "tweet_id": "1392422072672874507",
            "tweet": "@kunalkamra88 \u0925\u094b\u0921\u093c\u0940 \u0924\u094b \u092e\u0930\u094d\u092f\u093e\u0926\u093e \u0930\u0916\u093f\u090f \ud83e\udd23\ud83e\udd23"
        },
        {
            "tweet_id": "1392422189018669057",
            "tweet": "@kunalkamra88 Let them enjoy."
        },
        {
            "tweet_id": "1392422196652351491",
            "tweet": "@kunalkamra88 Anti- Rational"
        },
        {
            "tweet_id": "1392422204768276481",
            "tweet": "@kunalkamra88 \ud83d\ude02\ud83d\ude02\ud83d\ude02\ud83d\ude02 https://t.co/epRd4hdVgd"
        },
        {
            "tweet_id": "1392422247692783621",
            "tweet": "@kunalkamra88 Ye toh kacchadhari sanghwale lag rhe hai.",
            "replies": [
                {
                    "tweet_id": "1392513049399939076",
                    "tweet": "@RcUpamanyu @kunalkamra88 Ha bhai wahi he.. Madarsachaap walo ka chutiyapa alag hi hota he"
                }
            ]
        },
        {
            "tweet_id": "1392422344988241923",
            "tweet": "@kunalkamra88 Now Who did this \ud83d\udc47\ud83e\udd23\ud83e\udd23 https://t.co/8vi0quR8O0",
            "replies": [
                {
                    "tweet_id": "1392422803610103809",
                    "tweet": "@GaddaJP @kunalkamra88 \ud83d\ude05\ud83e\udd23\ud83e\udd23\ud83e\udd23\ud83e\udd23"
                },
                {
                    "tweet_id": "1392571344332726272",
                    "tweet": "@GaddaJP @kunalkamra88 Someone tell them they need to eat it, not apply it"
                },
                {
                    "tweet_id": "1392436304848199682",
                    "tweet": "@GaddaJP @kunalkamra88 Kitna kachra kar k rakhkha hai ghar mein B&amp; D ne"
                },
                {
                    "tweet_id": "1392512140209131520",
                    "tweet": "@GaddaJP @kunalkamra88 \ud83d\ude06\ud83d\ude06\ud83d\ude06"
                },
                {
                    "tweet_id": "1392553140843687943",
                    "tweet": "@GaddaJP @kunalkamra88 B and D https://t.co/zsGVJdVGxX"
                },
                {
                    "tweet_id": "1393153286040035333",
                    "tweet": "@GaddaJP @kunalkamra88 Ya ek baat samajh nhi aaati hai ye log itne highly qualified ho ne k saath saath itne achche hunar k maalik bhi hain sb kuchh hai lekin phir bhi Mehnat ki nhi haram ki khaate hain!!! Sach k saath khade nhi hote logo ki aankho pr prda daalte hain!! #GodblessIndia"
                },
                {
                    "tweet_id": "1392532603299827712",
                    "tweet": "@GaddaJP @kunalkamra88 You are Marasi and bhand only .History cheater and most cunning man in history.Stabbed who so ever helped https://t.co/LD8m19dfYb simply jobless joker"
                }
            ]
        },
        {
            "tweet_id": "1392422348645560325",
            "tweet": "@kunalkamra88 Do u agree with this?? \n\nIf yes then do like.\u261d https://t.co/SNVtHwm8F6",
            "replies": [
                {
                    "tweet_id": "1392478759991889920",
                    "tweet": "@TanmoyBiswasI @kunalkamra88 101%\ud83e\udd23"
                },
                {
                    "tweet_id": "1392578253290975237",
                    "tweet": "@TanmoyBiswasI @kunalkamra88 40% who voted for Modi/ BJP for sure. If we make that 20% we can remove BJP."
                },
                {
                    "tweet_id": "1392711854602866689",
                    "tweet": "@TanmoyBiswasI @kunalkamra88 Biswas...a Bengali who voted for Didi is telling this lol.....\ud83d\ude02"
                },
                {
                    "tweet_id": "1393195995735805955",
                    "tweet": "@TanmoyBiswasI @kunalkamra88 Dad how do we make bombs?\nAsk a TMC supporter"
                },
                {
                    "tweet_id": "1392448091878346754",
                    "tweet": "@TanmoyBiswasI @kunalkamra88 \u0967\u0966\u0966%"
                },
                {
                    "tweet_id": "1393042205913321484",
                    "tweet": "@TanmoyBiswasI @kunalkamra88 Chuslaman \ud83d\ude02\ud83d\ude02\ud83d\ude02\ud83d\ude02\ud83d\ude02 brain ki baat bhi na krr muhmmad toh sbse bada rapist aur usko follow krte ho \ud83d\ude02\ud83d\ude02\ud83d\ude02\ud83d\ude02 muhmmad m dimag ki bhut kami thi tbhi camel ka moot pita tha \ud83d\ude02\ud83d\ude02\ud83d\ude02\ud83d\ude02\ud83d\ude02 #muhmmadchutiya"
                }
            ]
        },
        {
            "tweet_id": "1392422427720699908",
            "tweet": "@kunalkamra88 And we missed Ranaut here\ud83d\ude2d\ud83d\ude2d"
        },
        {
            "tweet_id": "1392422451645063171",
            "tweet": "@kunalkamra88 I urge @PMOIndia to give Covid vaccines for Cows too immediately.. Then u can vaccinate others .. Do it \ud83d\ude1c\ud83d\ude1c https://t.co/jRX7O9zb15"
        },
        {
            "tweet_id": "1392422466169970693",
            "tweet": "@kunalkamra88 I also tried my hand on Satire\ud83d\ude02\nhttps://t.co/mOi79jAHR8",
            "replies": [
                {
                    "tweet_id": "1392435029427597312",
                    "tweet": "@bindasbarkha @kunalkamra88 That was awesome Barkha, keep it up."
                }
            ]
        },
        {
            "tweet_id": "1392422555370233861",
            "tweet": "@kunalkamra88 Thodi to maryada rakhiye \ud83d\ude2d\ud83d\ude2d\ud83d\ude2d https://t.co/HnwT2pJ1pU",
            "replies": [
                {
                    "tweet_id": "1392432707687251974",
                    "tweet": "@asrarahmed907 @kunalkamra88 B&amp;D kabhi nahin sudhregaa"
                }
            ]
        },
        {
            "tweet_id": "1392422556775313413",
            "tweet": "@kunalkamra88 That's what we believe..\n\nEDUCATION matters .."
        },
        {
            "tweet_id": "1392422571023364101",
            "tweet": "@kunalkamra88 Is Covid some skin disease to apply cow dung on skins? Why don't they inhale it?"
        },
        {
            "tweet_id": "1392422677596413952",
            "tweet": "@kunalkamra88 AN ANDHBHAKT WAS TROLLING ME SAYING MY ANCESTORS WERE\"HINDUS\"\nI EDUCATED HIM AND MAKE HIM UNDERSTAND THAT DONT BE HINDU JUST BECAUSE UR FOREFATHERS WERE AND ALSO WORD HINDU AND HINDOSTAAN ARE NOT SANSKRIT WORDS THEMSELVES BUT PERSIAN.HISTORICALLY HINDU HAS BEEN USED TO DEFINE GEO",
            "replies": [
                {
                    "tweet_id": "1392423118711529473",
                    "tweet": "@kunalkamra88 HOW SANSKRIT MINGLED WITH DRAVIDIAN LANGUAGES SIMILARLY PERSIAN MIXED WITH INDO ARYAN LANGUAGES"
                }
            ]
        },
        {
            "tweet_id": "1392422797339545606",
            "tweet": "@kunalkamra88 \u0915\u093e\u0902\u091f\u093e \u0932\u0917\u093e \u0939\u093e\u092f \u0932\u0917\u093e\ud83d\ude02\ud83d\ude02\ud83e\udd23\ud83e\udd23 https://t.co/acztcKUTjp",
            "replies": [
                {
                    "tweet_id": "1392483355665453059",
                    "tweet": "@sardar_jassingh @kunalkamra88 Hahahha.. this one is awesome\ud83e\udd23\ud83e\udd23\ud83e\udd23\ud83e\udd23\ud83e\udd23lol"
                },
                {
                    "tweet_id": "1392504986773254146",
                    "tweet": "@sardar_jassingh @kunalkamra88 Abe abe\ud83e\udd23\ud83e\udd23\ud83e\udd23\ud83e\udd23\ud83e\udd23\ud83e\udd23\ud83e\udd23\ud83e\udd23\ud83e\udd23\ud83e\udd23\ud83e\udd23\ud83e\udd23\ud83e\udd23\ud83e\udd23\ud83e\udd23\ud83e\udd23\ud83e\udd23\ud83e\udd23\ud83e\udd23\ud83e\udd23\ud83e\udd23\ud83e\udd23\ud83e\udd23\ud83e\udd23\ud83e\udd23\ud83e\udd23\ud83e\udd23\ud83e\udd23\ud83e\udd23\ud83e\udd23\ud83e\udd23\ud83e\udd23"
                },
                {
                    "tweet_id": "1392510853073686528",
                    "tweet": "@sardar_jassingh @kunalkamra88 Ye kuchh zyda hai \n\ud83d\ude02\ud83d\ude02\ud83d\ude02\ud83d\ude02\ud83d\ude44\ud83d\ude44"
                }
            ]
        },
        {
            "tweet_id": "1392423250202816512",
            "tweet": "@kunalkamra88 \u0926\u0947\u0916\u094b \u0907\u0928\u094d\u0939\u0947\u0902 \u092f\u0947 \u0939\u0948\u0902 \u092e\u0942\u0924 \u0915\u0940 \u092c\u0942\u0901\u0926\u0947..",
            "replies": [
                {
                    "tweet_id": "1392792028430274562",
                    "tweet": "@Siddiiqui_says @kunalkamra88 Potential terr0ri$t spotted."
                }
            ]
        },
        {
            "tweet_id": "1392423270314438656",
            "tweet": "@kunalkamra88 If they eat one kg of cow dung then it will be more effective.........",
            "replies": [
                {
                    "tweet_id": "1392707607211638784",
                    "tweet": "@BabitaKri @kunalkamra88 glasses of cow urine too ! Vitamins supplement.."
                }
            ]
        },
        {
            "tweet_id": "1392423845349367809",
            "tweet": "@kunalkamra88 37 lakh+ active patients in India r currently getting treated with modern science medicine. I see only 10-15 people(0.0000004%) here who r trying such things which they think is 'alternate medicine'. Most of d India is rational, but u only want to give attention to such people!",
            "replies": [
                {
                    "tweet_id": "1392472125504589826",
                    "tweet": "@aakashski_ @kunalkamra88 Bruh this is backed by our govt and their supporters."
                },
                {
                    "tweet_id": "1392504079235129344",
                    "tweet": "@aakashski_ @kunalkamra88 Ya but even government party support it. Or yeh esi bimari hai jiska koi ilaj nhin. 10 logon ke liye to koi bjp mantri mla ya mp support nhin karta. Apni kamian pehchan kar use door karne main koi sharm nhin hoti or na iska parmatma or dharm se koi lena dena hai. Samjho bhai"
                },
                {
                    "tweet_id": "1392506223828914178",
                    "tweet": "@aakashski_ @kunalkamra88 Bhai india main bhed  chaal hai. Yeh jhoothe ilaj hain jo false security ka \u0915\u093e\u0930\u0923 \u092c\u0928\u0924\u0947 \u0939\u0948\u0902 .. Pr asal main \u090f\u0938\u0940 soch bhut jyada hai.. Khaskar gaon main UP bihar ke. To highlight karna hoga inko. Kyunke yeh apni or inko dekhkar seekhne valo ki jan khatre main dal rahe hai."
                },
                {
                    "tweet_id": "1392520805041512451",
                    "tweet": "@aakashski_ @kunalkamra88 Bhai shaab mann to bahutoo ka hai...\nBas ek baar koi whatsapp University pe imandaari se isse forward kare... Or counter me koi bhi Doctor kuch bhi na kahe... Bas dekh lo Vaccination centre pe nahi Gaushala me bhid lag jayegi..."
                },
                {
                    "tweet_id": "1392523046964006915",
                    "tweet": "@aakashski_ @kunalkamra88 Ignore him because he is jobless and that's why he is busy in such kind of tweet."
                },
                {
                    "tweet_id": "1392533876719820801",
                    "tweet": "@aakashski_ @kunalkamra88 Why are u getting so offended then ?"
                },
                {
                    "tweet_id": "1392676701440643074",
                    "tweet": "@aakashski_ @kunalkamra88 As if the whole country is indulging in it! And we Indians like this Kamra are adept at showing our country like this to the World! It is a diverse country with diverse beliefs! We take pride in belittling ourselves!"
                },
                {
                    "tweet_id": "1392704878389116929",
                    "tweet": "@aakashski_ @kunalkamra88 Agar abhi nahin roka to yeh10-15 kuch hi der mein 37,00,000 lakh ban jayenge..."
                },
                {
                    "tweet_id": "1393041623366393863",
                    "tweet": "@aakashski_ @kunalkamra88 Coronil Immunity Booster brand ambassador was our beloved Health minister, do you still think it's only 10-15 people  are irrational ?"
                },
                {
                    "tweet_id": "1393157017515200513",
                    "tweet": "@aakashski_ @kunalkamra88 Yeh sala kutta bauktha rehtha hain.. Don't. Take him to your heart."
                },
                {
                    "tweet_id": "1394757983465259014",
                    "tweet": "@aakashski_ @kunalkamra88 https://t.co/yCTig8NxkI\n\n@aakashki_ \n\nWho is she ????\nAn ordinary public , or Member of Paliament."
                },
                {
                    "tweet_id": "1392432982258982919",
                    "tweet": "@aakashski_ @kunalkamra88 Obviously, because it's such a ridiculous thing to believe in.\n\nNot only these idiots wanted to do that but they also agreed to show it off\n\nThey are laughably stupid and hence the highlight"
                },
                {
                    "tweet_id": "1392608060368060417",
                    "tweet": "@aakashski_ @kunalkamra88 You should drink some urine and eat some gobar,"
                },
                {
                    "tweet_id": "1392689815154348032",
                    "tweet": "@aakashski_ @kunalkamra88 Isn\u2019t that funny? Everyone who believed in healing power of divine and Vedic science, now believing on modern science as their life only can be saved by it. If COVID weren\u2019t here then these same people would\u2019ve believed in divine only."
                },
                {
                    "tweet_id": "1393063050576502787",
                    "tweet": "@aakashski_ @kunalkamra88 Abe ghade..if sm1 is eating shit will you point it out or be like everyone else eats foot only few 0.00004 % eats shit....."
                },
                {
                    "tweet_id": "1393252341730603009",
                    "tweet": "@aakashski_ @kunalkamra88 10-15 people are u kidding me\ud83e\udd23\ud83e\udd23\ud83e\udd23\ud83e\udd23\ud83e\udd23"
                },
                {
                    "tweet_id": "1392430724246953984",
                    "tweet": "@aakashski_ @kunalkamra88 10-15 toh yaha dikh rahe hai bhai UP Bihar jaake dekho ghar ghar me aisi nautanki ho rahi hogi"
                },
                {
                    "tweet_id": "1393099296883412997",
                    "tweet": "@aakashski_ @kunalkamra88 Yes because these people are ministers, democratically elected representatives of the population. These 10-15 people hold more administrative power than the 37 lakh people combined. If you think the health minister advertising for coronil is \"only 1 man\" then you're a moron"
                },
                {
                    "tweet_id": "1393284353665478658",
                    "tweet": "@aakashski_ @kunalkamra88 This guy is a F###% worm in the ass... he likes to only eat and live in shit so everything that comes out of his mouth is SHIT. so please ignore him. Let\u2019s not make this mf prick popular."
                }
            ]
        },
        {
            "tweet_id": "1392423853796716552",
            "tweet": "@kunalkamra88 ARE THSESE SHUDH BRAHMIN PURUSH GENES OR SC/BC GENES"
        },
        {
            "tweet_id": "1392423885669163013",
            "tweet": "@kunalkamra88 Few are being paid to demean Hinduism and give chance to comedian like Kunal to dance over this."
        },
        {
            "tweet_id": "1392424049146351616",
            "tweet": "@kunalkamra88 @a7x75939869 \ud83d\ude2d\ud83d\ude2d",
            "replies": [
                {
                    "tweet_id": "1392424504748494850",
                    "tweet": "@Arnav09907571 @kunalkamra88 Kya tatti hai yrr ye\ud83d\ude02\ud83d\ude02"
                }
            ]
        },
        {
            "tweet_id": "1392424233993596931",
            "tweet": "@kunalkamra88 Kon hy ye log kahase athe hy ye log"
        },
        {
            "tweet_id": "1392424281485701123",
            "tweet": "@kunalkamra88 Acha tho gaya corona"
        },
        {
            "tweet_id": "1392424381624700935",
            "tweet": "@kunalkamra88 Comes under ministry of health or moothrum?"
        },
        {
            "tweet_id": "1392424411030974467",
            "tweet": "@kunalkamra88 I'm not sure if it'd boost immunity but it will surely keep other people distancing from them \ud83d\ude1d",
            "replies": [
                {
                    "tweet_id": "1392433976267231232",
                    "tweet": "@Itzm3deV @kunalkamra88 That's the idea...keep everything away from them \ud83d\ude0f\ud83e\udd23"
                }
            ]
        },
        {
            "tweet_id": "1392424419327234048",
            "tweet": "@kunalkamra88 Aapse batter umeed kiye the hum \ud83e\udd23 https://t.co/QSf1xdeHOr"
        },
        {
            "tweet_id": "1392425101757280257",
            "tweet": "@kunalkamra88 Kaise kaise chutiyo se bhara h ye desh\ud83d\ude46"
        },
        {
            "tweet_id": "1392425186301931530",
            "tweet": "@kunalkamra88 COVID-19 vaccination story covered by :\n\nThe Guardian.                Daily Guardian https://t.co/PtbLk4pm2N",
            "replies": [
                {
                    "tweet_id": "1392511168464388098",
                    "tweet": "@mahakyadav_ @kunalkamra88 Hahahaha \ud83e\udd23\ud83e\udd23\ud83e\udd23"
                }
            ]
        },
        {
            "tweet_id": "1392427270250266626",
            "tweet": "@kunalkamra88 Inke Dimag me bhi Gobar bhara hua hai. \ud83d\ude00",
            "replies": [
                {
                    "tweet_id": "1393917613810491394",
                    "tweet": "@Asifshaikh_22 @kunalkamra88 Tumhare dimaag mein aatank"
                }
            ]
        },
        {
            "tweet_id": "1392427422838976513",
            "tweet": "@kunalkamra88 now i got the point why people call them andh bhakts"
        },
        {
            "tweet_id": "1392427785080033284",
            "tweet": "@kunalkamra88 Jinke paas Kuch nhi hota wo aise mutra aur gobar me apna future dhoondene lagte hain\ud83e\udd23\ud83e\udd23\ud83e\udd23,,"
        },
        {
            "tweet_id": "1392428035224207363",
            "tweet": "@kunalkamra88 Andhbhakht are the real disaster of india\ud83d\ude02\ud83d\ude02"
        },
        {
            "tweet_id": "1392429175525363712",
            "tweet": "@kunalkamra88 Isme @rss Chaddi Bi Hai\ud83d\ude02\ud83e\udd23......"
        },
        {
            "tweet_id": "1392429656977010691",
            "tweet": "@kunalkamra88 Direct lena chahiye tha Gobar"
        },
        {
            "tweet_id": "1392429794072186885",
            "tweet": "@kunalkamra88 \u0917\u0941\u0939 \u0938\u0947 \u0928\u0939\u093e\u0928\u0947 \u0935\u093e\u0932\u093e \u092d\u0940 \u0906\u091c \u0939\u0938 \u0930\u0939\u093e \u0939\u0948\u0964 \u0938\u0941\u0905\u0930 \u0915\u0947 \u092a\u093f\u0932\u094d\u0932\u0947"
        },
        {
            "tweet_id": "1392429800053121027",
            "tweet": "@kunalkamra88 Ooooohoo,\ud83d\ude02\ud83d\ude02\ud83d\ude02 https://t.co/dn5acwN3X0"
        },
        {
            "tweet_id": "1392429811595841540",
            "tweet": "@kunalkamra88 Iss desh me gadho ki koi kami nahi hai....kyu @AMISHDEVGAN @republic"
        },
        {
            "tweet_id": "1392430893210378242",
            "tweet": "@kunalkamra88 \u0928\u0939\u0940\u0902 \u0938\u0941\u0927\u0930\u0947\u0902\u0917\u0947 \u0915\u0938\u092e \u0916\u093e\u0908 \u0939\u0948"
        },
        {
            "tweet_id": "1392431351714877441",
            "tweet": "@kunalkamra88 \u0905\u0938\u094d\u0938\u0932 \u092e\u0948 \u092f\u0947 #\u092e\u094b\u0926\u0940 \u0915\u093e #\u0917\u0941\u091c\u0930\u093e\u0924 \u092e\u0949\u0921\u0947\u0932 \u0939\u0948\u0964\n\u0938\u092c \u091a\u0902\u0917\u093e\u0938\u0940\u0964 \n#india #indian #indians"
        },
        {
            "tweet_id": "1392431426084085762",
            "tweet": "@kunalkamra88 Ab to jnu ko such me band kr dena chahiye.. https://t.co/HwH7v5a7mh"
        },
        {
            "tweet_id": "1392431848714690560",
            "tweet": "@kunalkamra88 Yuck yuck \ud83d\ude37\ud83d\ude37\ud83d\ude37\ud83d\ude37"
        },
        {
            "tweet_id": "1392431899264487424",
            "tweet": "@kunalkamra88 Very good"
        },
        {
            "tweet_id": "1392432020391829504",
            "tweet": "@kunalkamra88 \u092e\u094b\u0926\u0940 \u0939\u0948 \u0924\u094b \u092e\u0941\u092e\u0915\u093f\u0928 \u0939\u0948\u0964 \u0905\u0902\u0927\u092d\u0915\u094d\u0924\u094b\u0902 \u0939\u0930 \u0930\u094b\u091c \u0906\u0927\u093e \u0915\u093f\u0932\u094b \u0917\u094b\u092c\u0930 \u0916\u093e\u092f\u093e \u0915\u0930\u094b, \u091a\u093e\u0939\u0947 \u0935\u094b \u092a\u0924\u094d\u0924\u093e\u0902\u091c\u0932\u0940 \u0915\u093e \u0915\u094d\u092f\u094b\u0902 \u0928 \u0939\u094b\u0964 \u0907\u0938\u0938\u0947 \u0926\u093f\u092e\u093e\u0917 \u0924\u0947\u091c \u092c\u0928\u0924\u093e \u0939\u0948\u0964"
        },
        {
            "tweet_id": "1392432165497937926",
            "tweet": "@kunalkamra88 Kitne Tejasvi log hain humare yahan\ud83d\ude02\ud83d\ude4f\ud83c\udffb"
        },
        {
            "tweet_id": "1392433870218301445",
            "tweet": "@kunalkamra88 I'm missing Kangana Ranaut, do you?"
        },
        {
            "tweet_id": "1392433915927752706",
            "tweet": "@kunalkamra88 \u0917\u094b\u092c\u0930 \u092d\u0915\u094d\u0924 \u092f\u0947 \u0916\u093e\u0924\u0947 \u092d\u0940 \u0917\u094b\u092c\u0930 \u0939\u0940 \u0939\u0948"
        },
        {
            "tweet_id": "1392434422239141894",
            "tweet": "@kunalkamra88 Kitne chutiya log ha wahaa"
        },
        {
            "tweet_id": "1392435028391448578",
            "tweet": "@kunalkamra88 Jaldi jaldi gobar laga deta hu, baad mei #IndiaStandsWithIsrael  bhi to trend karna hai \ud83d\ude02"
        },
        {
            "tweet_id": "1392445075414609921",
            "tweet": "@kunalkamra88 BJP is good at selling GOBAR to Indians , in any and every form."
        },
        {
            "tweet_id": "1392445253953761280",
            "tweet": "@kunalkamra88 \ud83d\ude02\ud83d\ude02\ud83d\ude02\ud83d\ude02\ud83d\ude02\ud83d\udc47\ud83d\udc47\ud83d\udc47\ud83d\udc47 https://t.co/hlet1CXt2R",
            "replies": [
                {
                    "tweet_id": "1392450486683398149",
                    "tweet": "@RakibMalik9 @kunalkamra88 Meanwhile Scientific Temperament-- Good bye Tata"
                },
                {
                    "tweet_id": "1394230634038534146",
                    "tweet": "@RakibMalik9 @kunalkamra88 Isi jahiliyat ki wajah se poori duniya me India ka mazaq ban gaya hai"
                },
                {
                    "tweet_id": "1393251055077572613",
                    "tweet": "@RakibMalik9 @kunalkamra88 Still, any day better than trimming cock of ur little ones \ud83d\ude02"
                },
                {
                    "tweet_id": "1396817365204193280",
                    "tweet": "@RakibMalik9 @kunalkamra88 You bloody terrorst"
                }
            ]
        },
        {
            "tweet_id": "1392461384793743364",
            "tweet": "@kunalkamra88 \u0924\u0941\u092e\u0915\u094b RSS BJP \u092a\u0938\u0902\u0926 \u0928\u0939\u0940 \u092a\u0924\u093e \u0939\u0948 \u0924\u0941\u092e\u094d\u0939\u0947   IM, LT, DTM, SIMI \u092a\u0938\u0902\u0926 \u0939\u0948 \u092a\u0930 \u0924\u0941\u092e \u0905\u092d\u0940 \u0926\u093f\u092e\u093e\u0917 \u0938\u0947 \u0906\u091c \u092d\u0940 \u0915\u093e\u0932\u0947 \u0905\u0902\u0917\u094d\u0930\u0947\u091c\u094b \u0915\u0947 \u0917\u0941\u0932\u093e\u092e \u0939\u094b \u092d\u0940 \u0907\u0938\u092e\u0947\u0902 \u0924\u0941\u092e\u094d\u0939\u093e\u0930\u0940 \u0915\u094b\u0908 \u0917\u0932\u0924\u0940 \u0928\u0939\u0940 \u0939\u0948 \u092e\u0947\u0902 \u0905\u0932\u094d\u0932\u093e\u0939 \u0938\u0947 \u0926\u0941\u0906 \u0915\u0930\u0942\u0901\u0917\u093e \u0915\u0947 \u0915\u093e\u0932\u0947 \u0905\u0902\u0917\u094d\u0930\u0947\u091c \u0938\u0926\u093e \u092c\u0928\u0947 \u0930\u0939\u0947 \u0914\u0930 \u0906\u092a \u092d\u0940 \u0924\u093e\u0915\u0940 \u0926\u0947\u0936 \u091c\u093e\u0928 \u092a\u093e\u090f \u0915\u094d\u092f\u093e \u0939\u0948 \u0938\u091a\u094d\u091a\u093e\u0908",
            "replies": [
                {
                    "tweet_id": "1392621635518173184",
                    "tweet": "@PushpakVishwak1 @kunalkamra88 Mujhe RSS ISIS LT VHP pasand nahin hai mujhe BJP pasand hai congress pasand hai AAP pasand hai."
                }
            ]
        }
    ]
}