{
    "tweet_id": "1391754900896468996",
    "tweet": "A picture of the Israeli Terrorist while trying to arrest a Jerusalemite young man near the Al-Amoud Gate.\n#FreePalestine\n#JerusalemFightsBack \n#WakeUpMuslimUmmah https://t.co/nSTrkI1Mtv",
    "comments": [
        {
            "tweet_id": "1391755216710557702",
            "tweet": "@shanu_sab #FreePalestine\n#JerusalemFightsBack \n#WakeUpMuslimUmmah"
        },
        {
            "tweet_id": "1391755516225810435",
            "tweet": "@shanu_sab #IndiaStandsWithPalestine"
        },
        {
            "tweet_id": "1391757510198009858",
            "tweet": "@shanu_sab @AzadHus57210542 follow back",
            "replies": [
                {
                    "tweet_id": "1391864183298220035",
                    "tweet": "@AzadHus57210542 @shanu_sab Ghairat kitnai ki baichi?"
                }
            ]
        },
        {
            "tweet_id": "1391769580826030082",
            "tweet": "@shanu_sab Salam hai inke jazbon ko"
        },
        {
            "tweet_id": "1391787377018892288",
            "tweet": "@shanu_sab Terrorist has no religion, no country."
        },
        {
            "tweet_id": "1391924825694773255",
            "tweet": "@shanu_sab WE DON'T NEED SYMPATHY\nWE NEED ACTION\n\nWhere is the Humanity? \nGenocide is being committed against Palestine, children are being killed, families are being ruined and the world is silent.\n\nThe real face of TERRORISM is ISRAEL\n\n#GazaUnderAttack \n#SavePalestine \n#WakeUpMuslimUmmah"
        },
        {
            "tweet_id": "1391929776428879873",
            "tweet": "@shanu_sab Jali teri jihadi...maza aaya ye dwkh kar..."
        },
        {
            "tweet_id": "1391954824200032261",
            "tweet": "@shanu_sab #WakeUpMuslimUmmah\n\nSupport ughuir Muslims"
        },
        {
            "tweet_id": "1391762131494703110",
            "tweet": "@shanu_sab Should not all the big Islamic countries send their troops to the mosque, al-Aqsa and for the protection of Palestinian Muslims.\n#IndiaStandsWithPalestine\n#\u0627\u0644\u0642\u062f\u0633_\u064a\u0646\u062a\u0641\u0636"
        },
        {
            "tweet_id": "1391862003925348352",
            "tweet": "@shanu_sab #LabbaiK_Al_JIHAD\n( Islam is religion of peace ) phrase used by Muslims of today\u2019s world, It\u2019s the damn truth but it surely commands us to fight for the peace.\nIt doesn\u2019t mean to sit and just pray for the oppressed in Masjids, it demands us to rush towards battle fields for Allah"
        }
    ]
}