{
    "tweet_id": "1393625939741794306",
    "tweet": "@IshanKa75853640 @deashingmilan Abe kapoor khandan ke najayaz waris, ek bap Kam tha jo ab Israel ko Baap bna baithe ho. Khud ke ghar me aag lga ke chle dusre ke ghar thik krne. Tum wahy sab ho jo rapist asharam ke gufa me aashirwad lene jate the aur Netanyahu ke\ud83e\udd23\ud83e\udd23",
    "comments": [
        {
            "tweet_id": "1393626325072502785",
            "tweet": "@_mohammad_ali_7 @IshanKa75853640 Those who fuck jihadis ass indians are always wd them..you decide who u r",
            "replies": [
                {
                    "tweet_id": "1393627369307394051",
                    "tweet": "@deashingmilan @IshanKa75853640 We fuck who comes in our way as bad pebbles and don't mess up with us. Khamoshi ko kamzori Samjho nhy beta log"
                }
            ]
        }
    ]
}