{
    "tweet_id": "676627652204060672",
    "tweet": "Modi is a coward and a psycopath",
    "comments": [{
            "tweet_id": "676627799063400448",
            "tweet": "@ArvindKejriwal saar, he's still our PM, let's not drop to name-calling levels.",
            "replies": [{
                    "tweet_id": "773872879234584576",
                    "tweet": "@Chaits_ @ArvindKejriwal let him show some decency first, if he speak shit he deserves shit"
                },
                {
                    "tweet_id": "779910268390219776",
                    "tweet": "@Chaits_ @ArvindKejriwal sure ! Bhagoda , anarchist , terrorist , anti national ! - who said these ? Plz reflect n come back !"
                }
            ]
        },
        {
            "tweet_id": "676627812346814465",
            "tweet": "@ArvindKejriwal Fully agree sir! His 2002 credentials vouch for that!",
            "replies": [{
                    "tweet_id": "781916374285234176",
                    "tweet": "@ms_rana @ArvindKejriwal aapiye chutiye hote hain .. bohot pele jate hr jgh ye saale"
                },
                {
                    "tweet_id": "781916493969694720",
                    "tweet": "@ms_rana @ArvindKejriwal inka leader bhi pela jata hai hg jgh kabhi joota toh kabhi thappad"
                },
                {
                    "tweet_id": "799331197465677824",
                    "tweet": "@ms_rana @ArvindKejriwal are maderchod supreme Court ne unhe clean chit diahai,behanchod salary tujhe malum sahi."
                }
            ]
        },
        {
            "tweet_id": "676627939895590912",
            "tweet": "Stop Randi Vilap https://t.co/KLuPvx8QDu RT@ArvindKejriwal: Modi is a coward and a psycopath"
        },
        {
            "tweet_id": "676628036113027072",
            "tweet": "@ArvindKejriwal while I understand your frustration, tweeting so much bad for PM of country is also not good. Please be calm.",
            "replies": [{
                "tweet_id": "754714160378875904",
                "tweet": "@skhere4u @ArvindKejriwal bure logo, pr bure hi tweet milenge. Wo log accha kya jaane .ghotalebazz."
            }]
        },
        {
            "tweet_id": "676628148218294272",
            "tweet": "Get well soon @ArvindKejriwal",
            "replies": [{
                    "tweet_id": "781563725669105670",
                    "tweet": "@shashidigital @ArvindKejriwal  Khasi ka illaz hogya but dimag ka abhi baki hai.\ud83d\ude0a"
                },
                {
                    "tweet_id": "935251377990832128",
                    "tweet": "@shashidigital @ArvindKejriwal Aaj kutta phir roya proving that he is coward and psychopath."
                },
                {
                    "tweet_id": "941775227704528896",
                    "tweet": "@shashidigital @ArvindKejriwal Sir, who taught you sell your soul? Your parents or your teachers?"
                },
                {
                    "tweet_id": "1227248073220481024",
                    "tweet": "@shashidigital @ArvindKejriwal Modi needs treatment."
                }
            ]
        },
        {
            "tweet_id": "676628194275954688",
            "tweet": "@ArvindKejriwal free WiFi, 15 lac CCTVs, 500 new schools, 200 new colleges  .. Iska kya hua ?",
            "replies": [{
                    "tweet_id": "751771074103091205",
                    "tweet": "@goDODOgo00 @ShrutiTaneza @ArvindKejriwal feku"
                },
                {
                    "tweet_id": "754358718825922560",
                    "tweet": "@goDODOgo00 \u092c\u093e\u0915\u093f\u092f\u094b\u0902 \u0915\u093e \u0924\u094b \u0928\u0939\u0940\u0902 \u092a\u0924\u093e, \u0932\u0947\u0915\u093f\u0928 15 \u0932\u093e\u0916 \u091c\u0941\u092e\u0932\u093e \u0925\u093e\u0964 \ud83d\ude02\ud83d\ude02\ud83d\ude02 @ArvindKejriwal"
                },
                {
                    "tweet_id": "781809593043255296",
                    "tweet": "@goDODOgo00 @ArvindKejriwal bhai delhi ko ab daya or dua dono chahiye"
                },
                {
                    "tweet_id": "1192813389178904576",
                    "tweet": "@TheBombayBombil @ArvindKejriwal Adhbhakt dekh aaj delhi kaha hai.. Tera tweet dekh mc."
                },
                {
                    "tweet_id": "1356472551648673793",
                    "tweet": "@TheBombayBombil @ArvindKejriwal \u0905\u0902\u0927 \u092d\u0915\u094d\u0924\u094b\u0902 \u0915\u0940 \u091c\u092f \u0939\u094b \u200c\u0964 \u092d\u0921\u093c\u0935\u0947 \u0928\u0947 \u092c\u094b\u0932\u093e \u092f\u0939 \u0938\u092c \u0926\u093f\u092f\u093e \u091c\u093e\u090f\u0917\u093e \u092a\u094d\u0930\u0942\u092b \u0915\u093f\u0927\u0930 \u0939\u0948"
                },
                {
                    "tweet_id": "781415888821952512",
                    "tweet": "@goDODOgo00 @ArvindKejriwal fucking stupid"
                },
                {
                    "tweet_id": "1356476667250700291",
                    "tweet": "@TheBombayBombil @ArvindKejriwal Tweet dlt krna chahoge?"
                }
            ]
        },
        {
            "tweet_id": "676628590423760900",
            "tweet": "Dn't come up wid my accnt\ngot hcked Complaint @ArvindKejriwal \nSuch a shame using so derogatory\nterms fr PM of India\nhttps://t.co/1ldudI6gtN",
            "replies": [{
                "tweet_id": "1207753517949018112",
                "tweet": "@_SumitMishra @ArvindKejriwal Modi ji nahi Mandhi ji !"
            }]
        },
        {
            "tweet_id": "1227188996003917824",
            "tweet": "@TheBombayBombil @ArvindKejriwal I wish yehi ho \ud83e\udd1e"
        },
        {
            "tweet_id": "676628927075368960",
            "tweet": "@ArvindKejriwal aa gaya na tu apni aukaat pe..aise hi nahi tujhe khujliwal bolte hai..CM ban gaya phir bhi PM ke bare main aise shabd? Neech",
            "replies": [{
                    "tweet_id": "1227274868174905344",
                    "tweet": "@mkk3601 @ArvindKejriwal Sacch sunne ki kshamata rakho bhai"
                },
                {
                    "tweet_id": "1227472482157973514",
                    "tweet": "@mkk3601 @ArvindKejriwal LOL, as if PM is god."
                },
                {
                    "tweet_id": "1227801428925743104",
                    "tweet": "@mkk3601 @ArvindKejriwal Jali na andhe bhakt \ud83d\ude02\ud83d\ude02\ud83d\ude02"
                },
                {
                    "tweet_id": "1332996903785558016",
                    "tweet": "@mkk3601 @ArvindKejriwal lodu lalit\ud83e\udd23"
                },
                {
                    "tweet_id": "1227430436642537472",
                    "tweet": "@mkk3601 @ArvindKejriwal what happened when bjp alled him a terrorist repeatedly, \u091c\u0948\u0938\u0947 \u0915\u094b \u0924\u0948\u0938\u093e"
                }
            ]
        },
        {
            "tweet_id": "676629070826881024",
            "tweet": "@ArvindKejriwal abhi to principal secretary  par raid hui h to tumhara yeh haal h, kal ko khud k upar ho gayi to poorr psycho ban jaaoge"
        },
        {
            "tweet_id": "676629342483382272",
            "tweet": "@ArvindKejriwal behave like cm man,  use parliamentary language. There is dignity for ur office. Don't behave like a rascal",
            "replies": [{
                    "tweet_id": "1227189130775318528",
                    "tweet": "@mahesh10816 @ArvindKejriwal His words may be like that,man but his actions are very good. Unlike your Modi who speaks sweetly but acts the opposite."
                },
                {
                    "tweet_id": "1232443285471285248",
                    "tweet": "@mahesh10816 @ArvindKejriwal Absolutely right...  He has 2 face..  \ud83d\ude08\ud83d\ude08"
                }
            ]
        },
        {
            "tweet_id": "676629521588551681",
            "tweet": "Your abuses won't make you @ArvindKejriwal a hero. Why didn't you check what your principle secretary was upto or did u know?",
            "replies": [{
                    "tweet_id": "676630012682969088",
                    "tweet": "@shilpitewari @ArvindKejriwal a chief minister who wants powers to prosecute prime minister.And now gets so worked up with raid angst his PA"
                },
                {
                    "tweet_id": "676636050832232448",
                    "tweet": "@ArvindKejriwal ji has given a clean chit to Principal Sec. RajenderKumar, within an hour of raid.... \u0938\u092c\u0938\u0947 \u0924\u0947\u091c!!\n\n@shilpitewari"
                }
            ]
        },
        {
            "tweet_id": "676629620616073216",
            "tweet": "@ArvindKejriwal you have crossed all the limits today by using abusive language.Now your end is near.",
            "replies": [{
                "tweet_id": "1356530339493998593",
                "tweet": "@chetanbragta @ArvindKejriwal Wow chatukar sahab"
            }]
        },
        {
            "tweet_id": "676629864695353345",
            "tweet": ".@ArvindKejriwal \u0938\u0930, \u0917\u093c\u0941\u0938\u094d\u0938\u093e \u091b\u094b\u0921\u093c\u094b\u0964 \u0911\u092b\u093c\u093f\u0938 \u0938\u0940\u0932 \u0939\u094b \u0917\u092f\u093e \u0939\u0948, \u092e\u094c\u0915\u093c\u093e \u0905\u091a\u094d\u091b\u093e \u0939\u0948\u0964 \u0915\u094b\u0908 \u0928\u092f\u0940 \u092a\u093f\u0915\u094d\u091a\u0930 \u0926\u0947\u0916 \u0906\u0913, \u0914\u0930 \u0930\u093f\u0935\u094d\u092f\u0942 \u092a\u094b\u0938\u094d\u091f \u0915\u0930 \u0926\u094b\u0964",
            "replies": [{
                "tweet_id": "1227301001796845569",
                "tweet": "@MrTippler @ArvindKejriwal Ek number!"
            }]
        },
        {
            "tweet_id": "676633132985163776",
            "tweet": "@ArvindKejriwal CBI was a Caged Parrot under Congress \nCBI a Tamed Cow under Modi Govt \n#ModiFearsKejriwal",
            "replies": [{
                "tweet_id": "1356791471442194432",
                "tweet": "@aartic02 @ArvindKejriwal Wah 5 years and going"
            }]
        },
        {
            "tweet_id": "676636797405814784",
            "tweet": "@ArvindKejriwal pathetic moron u talk of Modi being a coward\nAbe tu kya hai?Pehle apne andhar jhaank\nNirbhaya ke rapist ko reward karta hai",
            "replies": [{
                    "tweet_id": "1356657403392110612",
                    "tweet": "@RituRathaur @ArvindKejriwal Modi bhagoda hay \ud83e\udd23. Sellsman hay pure desh ko bech raha hay.."
                },
                {
                    "tweet_id": "1356791164310069250",
                    "tweet": "@RituRathaur @ArvindKejriwal Han aur wo bhee muslim rapist"
                },
                {
                    "tweet_id": "1357038918542057473",
                    "tweet": "@RituRathaur @ArvindKejriwal \u0915\u0943\u092a\u092f\u093e \u092e\u0942\u0924 \u092a\u0940 \u0915\u0930 \u0915\u092e\u0947\u0902\u091f \u0928 \u0915\u0930\u0947\u0902\u0964"
                },
                {
                    "tweet_id": "1358120787689918467",
                    "tweet": "@RituRathaur @ArvindKejriwal Or rendi \ud83d\udd95\ud83c\udffc\ud83d\udca5"
                },
                {
                    "tweet_id": "1357009796872945666",
                    "tweet": "@RituRathaur @ArvindKejriwal Do u know ? A  female reporter who took side of farmers was arrested by police and then molested her .. beaten her by ur fav police .. and this goes under whose rule ... ur fav 1 rupee ki aukat vala modi ... divide nd rule krr raha yeh santa claus ..."
                },
                {
                    "tweet_id": "1357261459953233921",
                    "tweet": "@RituRathaur @ArvindKejriwal During his tenure as Prime minister, he\u2019s just attended one press meeting. He controls the press, the media, the mob and what not with money and the powers vested on him by his position. What name other than \u201cCoward\u201d describes him better?"
                }
            ]
        },
        {
            "tweet_id": "676644586123493380",
            "tweet": "*psychopath @ArvindKejriwal. \n\nThis is what happens when u focus on politics and not education",
            "replies": [{
                "tweet_id": "677315205638975488",
                "tweet": ".@UnSubtleDesi Please tell that to 10th fail PM \ud83d\ude1c\ud83d\ude1c\ud83d\ude1c\ud83d\ude1c https://t.co/fE6Blj7xKw"
            }]
        },
        {
            "tweet_id": "676654425386196992",
            "tweet": ".@VishnuPLal  Raise voice against injustice.But I feel the way @ArvindKejriwal responded, was unbecoming of the constitutional post he holds",
            "replies": [{
                    "tweet_id": "941592216534794240",
                    "tweet": "@tinucherian @VishnuPLal @ArvindKejriwal Sir, your views on Mr PMs statements during GJ elections?"
                },
                {
                    "tweet_id": "1207110659336364033",
                    "tweet": "@tinucherian @VishnuPLal @ArvindKejriwal @ArvindKejriwal was ABSOLUTELY right.."
                }
            ]
        },
        {
            "tweet_id": "676663640536125440",
            "tweet": "Your abusive language reflect your desperation @ArvindKejriwal \n\nThis was not expected from you.",
            "replies": [{
                "tweet_id": "1207745892444516353",
                "tweet": "@DrShobha @ArvindKejriwal You are not Dr , I think bcoz you can not understand the pain"
            }]
        },
        {
            "tweet_id": "676672699817582592",
            "tweet": "@Aks9009Pa's account is temporarily unavailable because it violates the Twitter Media Policy. Learn more.",
            "replies": [{
                "tweet_id": "1224378277504012290",
                "tweet": "@Aks9009Pa @ArvindKejriwal \u092c\u0947\u0939\u0942\u0926\u0947,\u091c\u093c\u093e\u0939\u093f\u0932 \u0935 #\u0935\u093e\u092e\u092a\u0902\u0925\u0940_\u0920\u0941\u0932\u094d\u0932\u0947 \u0938\u0947 \u0910\u0938\u0940 \u0939\u0940 \u092d\u093e\u0937\u093e \u0915\u0940 \u0909\u092e\u094d\u092e\u0940\u0926 \u0939\u0948\u0964"
            }]
        },
        {
            "tweet_id": "676682533040463872",
            "tweet": "@ArvindKejriwal Modi surely is a psychopath, but few will say it openly. Even psychiatrists agree."
        },
        {
            "tweet_id": "676691746118504448",
            "tweet": "@ArvindKejriwal yo coward kejriwal",
            "replies": [{
                "tweet_id": "1208278240990617600",
                "tweet": "@parthgundaniya0 @ArvindKejriwal look like u not like AAP"
            }]
        },
        {
            "tweet_id": "676693517364813824",
            "tweet": "@ArvindKejriwal \u0906\u092a\u0915\u0940 \u092d\u093e\u0937\u093e \u0938\u0947 \u0906\u092a\u0915\u0947 \u0938\u0902\u0938\u094d\u0915\u093e\u0930 \u0938\u093e\u092b\u093c \u091b\u0932\u0915\u0924\u0947 \u0939\u0948 #\u0917\u091f\u0930\u091b\u093e\u092a_\u0915\u0947\u091c\u0930\u0940 \n#YoAapSoCongress",
            "replies": [{
                    "tweet_id": "1227192270211993601",
                    "tweet": "@iankitvora @ArvindKejriwal Ye Kapil Mishra ke jeetne ke Khushi Mein kajriwal ki taraf se Shubhkamnayen aur Delhi walon ke LIYE massage tha mere bhai shayab tum na samajh paaoge...\ud83d\ude02\ud83d\ude02\ud83d\ude02\ud83d\ude07\ud83d\ude07\ud83d\ude07"
                },
                {
                    "tweet_id": "1227473678784397313",
                    "tweet": "@iankitvora @ArvindKejriwal You are a karma believer right ?"
                }
            ]
        },
        {
            "tweet_id": "676759509361172482",
            "tweet": "@ArvindKejriwal \u0905\u0928\u092a\u0922\u093c \u0938\u094d\u092a\u0947\u0932\u093f\u0902\u0917 \u0928\u0939\u0940 \u0906\u0924\u0940 \u0939\u094b \u0924\u094b \u092e\u0924 \u0932\u093f\u0916\u093e \u0915\u0930 Psychopath \u0939\u094b\u0924\u093e \u0939\u0948 Psycopath \u0928\u0939\u0940\u0964 JEE \u0915\u093e \u0905\u0902\u0917\u094d\u0930\u0947\u091c\u0940 \u0915\u093e \u092a\u0930\u094d\u091a\u093e \u0915\u0948\u0938\u0947 \u092a\u093e\u0938 \u0915\u093f\u092f\u093e \u0925\u093e \u092e\u0942\u0930\u094d\u0916\u0964",
            "replies": [{
                "tweet_id": "1389861916005203968",
                "tweet": "@capt_mishra @ArvindKejriwal \u092e\u0941\u092b\u094d\u0924 \u0915\u0940 \u0932\u0949\u0932\u0940\u092a\u0949\u092a \u0926\u093f\u0916\u093e \u0915\u0930\n\u0926\u0902\u0917\u0947 \u0915\u093f\u0938\u0928\u0947 \u0915\u0930\u0935\u093e\u090f \u0925\u0947\n\n\u0926\u093f\u0932\u094d\u0932\u0940 \u0915\u0940 \u0938\u0921\u093c\u0915\u094b\u0902 \u092a\u0930 \u091c\u093f\u0928\u094d\u0939\u094b\u0902\u0928\u0947\n\u0939\u093f\u0928\u094d\u0926 \u0915\u094b \u0905\u092a\u092e\u093e\u0928\u093f\u0924 \u0915\u093f\u092f\u093e\n\u0935\u094b \u0926\u0902\u0917\u093e\u0908 \u0915\u093f\u0938\u0928\u0947 \u092c\u0941\u0932\u093e\u090f \u0925\u0947\n\n\u092a\u0948\u0938\u093e \u091c\u0928\u0924\u093e \u0915\u093e \u0938\u093f\u0930\u094d\u092b \u092e\u0938\u094d\u091c\u093f\u0926\u094b\u0902\n\u092e\u0947\u0902 \u0924\u0928\u0916\u093c\u094d\u0935\u093e\u0939 \u0926\u0947\u0928\u0947 \u092e\u0947\u0902 \u0907\u0938\u094d\u0924\u0947\u092e\u093e\u0932 \u0939\u094b \u0930\u0939\u093e \u0939\u0948\n\n\u092e\u0930\u0924\u0940 \u0939\u0941\u0908 \u0905\u0935\u093e\u092e \u0915\u0947 \u0932\u093f\u090f \u0938\u093f\u0930\u094d\u092b\n\u091d\u0942\u0920 \u0914\u0931 \u0905\u092b\u0935\u093e\u0939\u094b\u0902 \u0938\u0947 \u092d\u0930\u0947\n\u092a\u094d\u0930\u091a\u093e\u0930 \u0915\u093f\u0938\u0928\u0947 \u0915\u0930\u0935\u093e\u090f \u0925\u0947\n\n\u091c\u092f\u0939\u093f\u0902\u0926 \ud83c\uddee\ud83c\uddf3"
            }]
        },
        {
            "tweet_id": "676787798167261185",
            "tweet": "@ArvindKejriwal  abey chutiye ek side tu bolta hai pm ko bh cbi k under lao aur tujh par raid padi to gand fat gayi https://t.co/vPflVOwaD2"
        },
        {
            "tweet_id": "677589085809041408",
            "tweet": "@ArvindKejriwal \u0915\u094c\u0928 \u0938\u0940 IIT \u0938\u0947 \u0939\u094b \u091c\u0940 ? \u0907\u0924\u0928\u0940 \u0938\u093e\u0930\u0940 spelling mistakes?\npsychopath \u092d\u0940 \u0928\u0939\u0940\u0902 \u0932\u093f\u0916 \u0938\u0915\u0924\u0947 \u0922\u0940\u0915 \u0938\u0947 ??",
            "replies": [{
                    "tweet_id": "1224628615460970497",
                    "tweet": "@noconversion @ArvindKejriwal \u0938\u094d\u092a\u0948\u0932\u093f\u0902\u0917 \u091b\u094b\u0921\u094b, \u0907\u0938 \u0915\u092e\u0940\u0928\u0947 \u0915\u0947 \u0905\u0902\u0926\u0930 \u092e\u0948\u0932 \u0926\u0947\u0916\u094b \u092e\u094b\u0926\u0940\u091c\u0940 \u0915\u0947 \u0932\u093f\u090f\u0964 \n\u092e\u094b\u0926\u0940\u091c\u0940 \u0915\u0947 \u092a\u0948\u0930 \u0915\u0947 \u0905\u0902\u0917\u0942\u0920\u0947 \u0915\u0947 \u0928\u093e\u0916\u0942\u0928 \u0915\u0947 \u092c\u0930\u093e\u092c\u0930 \u0915\u0940 \u0939\u0948\u0938\u093f\u092f\u0924 \u0928\u0939\u0940 \u0939\u0948 \u0907\u0938\u0915\u0940"
                },
                {
                    "tweet_id": "1378570974002507783",
                    "tweet": "@noconversion @ArvindKejriwal \u0928\u0915\u0932 \u0915\u0930\u0915\u0947 \u092a\u0922\u093c\u0928\u0947 \u092e\u0947\u0902 \u0915\u094d\u092f\u093e \u091c\u093e\u0924\u093e \u0939\u0948"
                }
            ]
        },
        {
            "tweet_id": "693127703168434176",
            "tweet": "@arvindkejriwal psycopath \u0915\u0940 \u092c\u091c\u093e\u092f \u0905\u0917\u0930 \u0909\u0928\u094d\u0939\u0947\u0902 \u0909\u0928\u0915\u0940 \u0939\u0940 \u092d\u093e\u0937\u093e \u092e\u0947\u0902 \"\u092e\u093e\u0928\u0938\u093f\u0915 \u0926\u093f\u0935\u094d\u092f\u093e\u0902\u0917 \"\u0915\u0939\u093e \u091c\u093e\u092f\u0947 \u0924\u094b \u0909\u0928\u094d\u0939\u0947\u0902 \u092d\u0940 \u0905\u091a\u094d\u091b\u093e \u0932\u0917\u0947\u0917\u093e\u0964 @ashuagrl @chaits",
            "replies": [{
                "tweet_id": "1014390000849387520",
                "tweet": "@thdependentnews @ArvindKejriwal @ashuagrl @Chaits \ud83d\ude02\ud83d\ude02\ud83d\ude02 \u092e\u093e\u0928\u0938\u093f\u0915 \u0926\u093f\u0935\u094d\u092f\u093e\u0902\u0917"
            }]
        },
        {
            "tweet_id": "728578047067095041",
            "tweet": "@ArvindKejriwal kejri ji ap delhi ke liye  khuch acha kr  dijiye yhi bahut h..apne desh ke pm ke bare me soch samajh  kr bola kijiye ...",
            "replies": [{
                "tweet_id": "956223007688568832",
                "tweet": "@priyapintu @ArvindKejriwal PM aur country different chize hoti hai!\n\nPM and government is a service provider! Wo koi mai baap nahi hai jo unke samne sirf sir zuka ke rakha jaye"
            }]
        },
        {
            "tweet_id": "741320567907700736",
            "tweet": "@ArvindKejriwal delhi walo ko chutiya banaya bc tu \ud83d\ude1c kabhi Maharashtra me ake dekh bhot ache se teri party ki mari jayegi",
            "replies": [{
                "tweet_id": "1227248524040916992",
                "tweet": "@premdilwala002 @ArvindKejriwal Love U Bro"
            }]
        },
        {
            "tweet_id": "744954856595566593",
            "tweet": "@ArvindKejriwal \u0938\u0930 \u0906\u092a \u0926\u093e\u0930\u0942 \u092a\u0940\u0915\u0930 \u0915\u094d\u092f\u094b\u0902 \u091f\u094d\u0935\u0940\u091f \u0915\u0930\u0924\u0947 \u0939\u094b ..\u0964!!",
            "replies": [{
                "tweet_id": "1104071480558714880",
                "tweet": "@kapil9994 @ArvindKejriwal \ud83d\ude1d\ud83d\ude1d"
            }]
        },
        {
            "tweet_id": "746598873301278720",
            "tweet": "@ArvindKejriwal kejariwal is nothing but a big liar, escapist, nangawal, Ek no ka chudiya, mass coward and unconstitutional"
        }
    ]
}