{
    "tweet_id": "1394930678106492931",
    "tweet": "#\u0928\u093e\u0925\u0942\u0930\u093e\u092e_\u0917\u094b\u0921\u0938\u0947_\u0905\u092e\u0930_\u0930\u0939\u0947\u0902\nHappy birthday LEGEND \ud83d\ude0e https://t.co/VZZ1aI7mYh",
    "comments": [
        {
            "tweet_id": "1394955561125433346",
            "tweet": "@Mr_madhavendra @Nathuram_gaudse Matherchod"
        },
        {
            "tweet_id": "1394956627468562432",
            "tweet": "@Mr_madhavendra @Nathuram_gaudse The real anti national.",
            "replies": [
                {
                    "tweet_id": "1394956876312465410",
                    "tweet": "@BismilAshfaq @Nathuram_gaudse Indeed???\nThe real nationalist \ud83c\uddee\ud83c\uddf3\u2763\ufe0f"
                }
            ]
        },
        {
            "tweet_id": "1394962241770991617",
            "tweet": "@Mr_madhavendra @Nathuram_gaudse Bharat ka pehla Aatankwadi...",
            "replies": [
                {
                    "tweet_id": "1394963099552206855",
                    "tweet": "@ATIFKHA23943905 @Nathuram_gaudse Kon tu ..."
                },
                {
                    "tweet_id": "1394969308015603713",
                    "tweet": "@ATIFKHA23943905 @Mr_madhavendra @Nathuram_gaudse Kyun tumhe to Gandhi avha hi lgega kyunki usi ki wajah se tumhara mission gazawe e hindi safal hoga"
                }
            ]
        },
        {
            "tweet_id": "1394964252604121090",
            "tweet": "@Mr_madhavendra @Nathuram_gaudse \u0928\u093e\u0925\u0942\u0930\u093e\u092e \u092e\u0941\u0930\u094d\u0926\u093e\u092c\u093e\u0926 \u092e\u0941\u0930\u094d\u0926\u093e\u092c\u093e\u0926 \u092e\u0941\u0930\u094d\u0926\u093e\u092c\u093e\u0926\n\u0917\u094b\u0921\u0938\u0947 \u092a\u0915\u094d\u0915\u093e \u0939\u0930\u093e\u092e\u0940 \u0938\u092e\u0932\u0948\u0902\u0917\u093f\u0915 \u0917\u0947 \u0925\u093e"
        },
        {
            "tweet_id": "1394966766653218822",
            "tweet": "@Mr_madhavendra @Nathuram_gaudse Ye ek murderer tha aur isne jisko maara wo chutiye thaa.",
            "replies": [
                {
                    "tweet_id": "1394966909037256707",
                    "tweet": "@an___earthling @Nathuram_gaudse \ud83d\udcaf\ud83d\udcaa https://t.co/deevjWwZFT"
                },
                {
                    "tweet_id": "1395008372844371970",
                    "tweet": "@an___earthling @Mr_madhavendra @Nathuram_gaudse Nhi aatankwadi deshdrohi Nathuram godse antakwadi Gaddar"
                }
            ]
        },
        {
            "tweet_id": "1394967965125206016",
            "tweet": "@Mr_madhavendra @Nathuram_gaudse Chodu log Ka chodu hi rhega legend \nMy inspiration one and only Mahatma Gandhi"
        },
        {
            "tweet_id": "1394971938355879942",
            "tweet": "@Mr_madhavendra @Nathuram_gaudse \u092e\u0939\u093e\u0928 \u0926\u0947\u0936\u092d\u0915\u094d\u0924 \u0928\u093e\u0925\u0941\u0930\u093e\u092e \u0917\u094b\u0921\u0938\u0947 \u0905\u092e\u0930 \u0930\u0939\u0947\u0902 \ud83d\ude4f\ud83d\ude4f\ud83d\ude4f\u2764\ufe0f\u2764\ufe0f",
            "replies": [
                {
                    "tweet_id": "1395043229083455492",
                    "tweet": "@JPpandit6 @Mr_madhavendra @Nathuram_gaudse isne kaun c azadi ki ladayi ladi thi jo ye deshbhakt hai. angrejo ka dalal jo tha uska ye chamcha tha jisko tum veer bi kehte ho"
                }
            ]
        },
        {
            "tweet_id": "1394972589345447940",
            "tweet": "@Mr_madhavendra @Nathuram_gaudse Nathuram Godse Amar Rahe"
        },
        {
            "tweet_id": "1394976441926922245",
            "tweet": "@Mr_madhavendra @Nathuram_gaudse Acha hua ye mar gya nhi to aaj mere haath se marne wala tha.\ud83d\ude01\ud83d\ude01\ud83d\ude01"
        },
        {
            "tweet_id": "1394983014749425664",
            "tweet": "@Mr_madhavendra @Nathuram_gaudse Ghante ka legend sala deshdrohi",
            "replies": [
                {
                    "tweet_id": "1394984720723763204",
                    "tweet": "@Moink_27 @Nathuram_gaudse Khud ki identity sabke uor mt thopa kro"
                }
            ]
        },
        {
            "tweet_id": "1394989294104756225",
            "tweet": "@Mr_madhavendra @Nathuram_gaudse Aatankvaadi"
        },
        {
            "tweet_id": "1395002799059054596",
            "tweet": "@Mr_madhavendra @Nathuram_gaudse \u0928\u093e\u0925\u0942\u0930\u093e\u092e \u090f\u0915 \u0926\u0947\u0936 \u092d\u0915\u094d\u0924 \u0925\u093e\u0964"
        },
        {
            "tweet_id": "1395005698484805635",
            "tweet": "@Mr_madhavendra @Nathuram_gaudse Jyada gobar khane se ese khyal aate he!!!\nShuddhh or satvik khaye jo tan ke sath man ko bhi pavitra karta he",
            "replies": [
                {
                    "tweet_id": "1395025764014202883",
                    "tweet": "@MH01726140 @Nathuram_gaudse Okk clown \ud83e\udd21"
                }
            ]
        },
        {
            "tweet_id": "1395058647290417159",
            "tweet": "@Mr_madhavendra @Nathuram_gaudse Acha to ye chotiya aaj paida howa tha",
            "replies": [
                {
                    "tweet_id": "1395180262686740480",
                    "tweet": "@Aleemahmed313 @Nathuram_gaudse Haa us chaman ko thokne k liye"
                }
            ]
        },
        {
            "tweet_id": "1395065949888319494",
            "tweet": "@Mr_madhavendra @Nathuram_gaudse Bhai tum log bahar Gadhi Gadhi karate ho aur ghar me godase godase . Kaun sa daru pete ho",
            "replies": [
                {
                    "tweet_id": "1395179911527092228",
                    "tweet": "@anilkumar08py08 @Nathuram_gaudse Gandhi gandhi krte hi nhi....."
                }
            ]
        },
        {
            "tweet_id": "1394947064979607553",
            "tweet": "@Mr_madhavendra @Nathuram_gaudse Tu bhi khatna karwa le iske jaisa\ud83d\ude02\ud83d\ude02",
            "replies": [
                {
                    "tweet_id": "1394954847535915009",
                    "tweet": "@Mohamma88067258 @Nathuram_gaudse Tujhe kaafi experience hai\nTera hua h na\ud83e\udd23\ud83e\udd23"
                }
            ]
        },
        {
            "tweet_id": "1394960906258456576",
            "tweet": "@Mr_madhavendra @Nathuram_gaudse Terrorist ko to latkaya tha! Bloody bastard.... Nagpuriya Ass Ass supporter",
            "replies": [
                {
                    "tweet_id": "1394961746075521029",
                    "tweet": "@BhaktiUnlimited @Nathuram_gaudse I'm not r ass ass supporter......"
                }
            ]
        },
        {
            "tweet_id": "1394961091302772737",
            "tweet": "@Mr_madhavendra @Nathuram_gaudse Sharam Karo sale jiski wajah se aaj aazad ghum rhe ho Uske killer ko Amar keh rhe  bas Hindu Muslim Aata h unpadh sale",
            "replies": [
                {
                    "tweet_id": "1394962848678301699",
                    "tweet": "@Ayushsi52375627 @Nathuram_gaudse Baaki bhagat singh , chandrashekhar,rajguru, sukhdev etc. To majjak kr rhe the na.......\nYe aapka so called MAHATMA gandhi chahta to unki faasi rukwa skta tha\n\n10 saal phele azad ho jate agar vo log hote to \nOkk high profile intellectual \ud83d\ude0f"
                }
            ]
        },
        {
            "tweet_id": "1394965768195002370",
            "tweet": "@Mr_madhavendra @Nathuram_gaudse Apne baap ke katil ko legend bolta h madarjaat"
        },
        {
            "tweet_id": "1394971295549382656",
            "tweet": "@GODsay_2 @Nathuram_gaudse \ud83d\ude0d\ud83d\ude0e"
        },
        {
            "tweet_id": "1394973837729669124",
            "tweet": "@Mr_madhavendra @Nathuram_gaudse Bsdieko yeh hai tumhari deshbhakti ...."
        },
        {
            "tweet_id": "1394985214670254081",
            "tweet": "@Mr_madhavendra @Nathuram_gaudse \u0907\u0938\u0915\u093e \u0936\u0942\u091f \u092c\u0942\u091f \u092c\u0924\u093e \u0930\u0939\u093e \u0939\u0948 \u0905\u0902\u0917\u094d\u0930\u0947\u091c\u094b \u0915\u093e \u0915\u093f\u092f\u093e \u0915\u093f\u092f\u093e \u091a\u093e\u091f\u0947 \u0939\u094b\u0917\u093e \ud83d\ude02\ud83d\ude02\ud83d\ude02"
        },
        {
            "tweet_id": "1394991304090832900",
            "tweet": "@Mr_madhavendra @Nathuram_gaudse Aaaakk thoooo \ud83d\ude02\ud83d\ude02\ud83d\ude02"
        },
        {
            "tweet_id": "1395013902300172290",
            "tweet": "@Mr_madhavendra @Nathuram_gaudse \u0906\u0924\u0902\u0915\u0935\u093e\u0926\u0940 \u0928\u093e\u0925\u0942\u0930\u093e\u092e \u0939\u093f\u091c\u0921\u093e \u0915\u0939\u0940\u0902 \u0915\u093e \u0914\u0930 \u0924\u0941\u092e \u0905\u0902\u0927\u092d\u0915\u094d\u0924 \u0921\u0930\u092a\u094b\u0915 \u0938\u093e\u0935\u0930\u0915\u0930 \u0939\u093f\u091c\u0921\u093e \u0905\u0902\u0917\u094d\u0930\u0947\u091c\u094b\u0902 \u0915\u0947 \u0924\u0932\u0935\u0947 \u091a\u093e\u091f\u0928\u0947 \u0935\u093e\u0932\u093e \u0938\u093e\u0935\u0930\u0915\u0930 \u0917\u093c\u0926\u094d\u0926\u093e\u0930 \u0915\u0947 \u0914\u0932\u093e\u0926 \u0924\u0941\u092e \u0938\u092c \u0917\u094b\u092c\u0930 \u0939\u094b"
        },
        {
            "tweet_id": "1395032059693834244",
            "tweet": "@Mr_madhavendra @Nathuram_gaudse Fugitive and a pimp of British",
            "replies": [
                {
                    "tweet_id": "1395032212089704452",
                    "tweet": "@hersher6 @Nathuram_gaudse \ud83e\udd21\ud83e\udd21 balle balle"
                }
            ]
        },
        {
            "tweet_id": "1395040516559949828",
            "tweet": "@Mr_madhavendra @Nathuram_gaudse Chi!!srm aana chahiye tumhe aise aadmi ko legend kahte hue jisne hamare desh ko aajad karaane waale Legend The Mahatma Gandhi ko maara",
            "replies": [
                {
                    "tweet_id": "1395044288921104387",
                    "tweet": "@Hamidimam10 @Nathuram_gaudse Baki shaheedo ne dance kiya tha kya(bhagat singh, chandrashekhar,rajgur,sukhdev,bismil)"
                }
            ]
        },
        {
            "tweet_id": "1395049402176139265",
            "tweet": "@Mr_madhavendra @Nathuram_gaudse Sala Deshdrohi h tu ..."
        },
        {
            "tweet_id": "1394972287821045765",
            "tweet": "@Mr_madhavendra @Nathuram_gaudse \u092c\u0940\u091c\u0947\u092a\u0940 \u0906\u0908\u091f\u0940 \u0938\u0947\u0932 \u0914\u0930 \u0926\u0947\u0936 \u0915\u0947 \u0917\u0926\u094d\u0926\u093e\u0930 \u0906\u091c \u091f\u094d\u0930\u0947\u0902\u0921 \u0915\u0930\u0935\u093e \u0930\u0939\u0947 \u0939\u0948\u0902 \"\u0928\u093e\u0925\u0942\u0930\u093e\u092e \u0917\u094b\u0921\u0938\u0947 \u0905\u092e\u0930 \u0930\u0939\u0947\" \n\u0932\u0947\u0915\u093f\u0928 \u091c\u094b \u0938\u091a\u094d\u091a\u0947 \u0926\u0947\u0936\u092d\u0915\u094d\u0924 \u0939\u0948\u0902 \u0914\u0930 \u091c\u093f\u0928\u094d\u0939\u0947\u0902 \u0926\u0947\u0936 \u0915\u0940 \u090f\u0915\u0924\u093e \u0914\u0930 \u0905\u0916\u0902\u0921\u0924\u093e \u0938\u0947 \u092a\u094d\u092f\u093e\u0930 \u0939\u0948, \u0935\u0939 \u0938\u092c \u092e\u093f\u0932\u0915\u0930 \u091f\u094d\u0930\u0947\u0902\u0921 \u0915\u0930\u0947\u0902\n#\u0917\u094b\u0921\u0938\u0947_\u0939\u0924\u094d\u092f\u093e\u0930\u093e",
            "replies": [
                {
                    "tweet_id": "1394972940526145538",
                    "tweet": "@deshbhaktmishr @Nathuram_gaudse Mtlb me bhi BJP or it cell se hu \ud83d\ude02\ud83e\udd23\ud83e\udd23\ud83e\udd23\ud83d\udc4f"
                },
                {
                    "tweet_id": "1394973590358011905",
                    "tweet": "@deshbhaktmishr @Mr_madhavendra @Nathuram_gaudse \u0905\u0917\u0930 \u0907\u0928\u094d\u0939\u094b\u0902\u0928\u0947 \u0917\u093e\u0902\u0927\u0940 \u0915\u094b \u0928\u0939\u0940 \u092e\u093e\u0930\u093e \u0939\u094b\u0924\u093e \u0924\u094b \u0906\u091c \u0915\u0940 \u092a\u0940\u0922\u0940 \u092c\u093e\u0902\u0917\u094d\u0932\u093e\u0926\u0947\u0936 \u0915\u0940 \u091c\u0917\u0939 \u092a\u0942\u0930\u094d\u0935 \u092a\u093e\u0915\u093f\u0938\u094d\u0924\u093e\u0928 \u0926\u0947\u0916 \u0930\u0939\u0940 \u0939\u094b\u0924\u0940 \u0914\u0930 \u0926\u093f\u0932\u094d\u0932\u0940 \u0938\u0947 \u0930\u0938\u094d\u0924\u093e \u091c\u093e\u0924\u093e \u0939\u094b\u0924\u093e\u0964"
                }
            ]
        },
        {
            "tweet_id": "1395016879668826118",
            "tweet": "@Mr_madhavendra @Nathuram_gaudse Coward idiot Bhakts supporting a murderer."
        },
        {
            "tweet_id": "1394968762785439745",
            "tweet": "@Mr_madhavendra @Nathuram_gaudse \u0927\u0930\u094d\u092e \u0915\u0940 \u0930\u0915\u094d\u0937\u093e \u0915\u0947 \u0932\u093f\u092f\u0947 \u0916\u093c\u0941\u0936\u0940 \u0938\u0947 \u0905\u092a\u0928\u0947 \u092a\u094d\u0930\u093e\u0923 \u0926\u0947\u0928\u0947 \u0935\u093e\u0932\u0947 \u0905\u092e\u0930 \u092c\u0932\u093f\u0926\u093e\u0928\u0940 \u092a\u0902\u0921\u093f\u0924 \u0928\u093e\u0925\u0942\u0930\u093e\u092e \u0917\u094b\u0921\u0938\u0947 \u091c\u0940 \u0915\u0940 \u091c\u092f\u0902\u0924\u0940 \u092a\u0930 \u0915\u094b\u091f\u093f \u0915\u094b\u091f\u093f \u0928\u092e\u0928.! https://t.co/rWrnR8odzn"
        }
    ]
}