{
    "tweet_id": "1392450559693651968",
    "tweet": "yaar nahi hoti padhai leaven knows what's wrong with me cant concentrate on a single shit where the fuck have I lost that student in me, i have completely lost myself. fuck everyone who is responsible for this, especially chinese dogs of wuhan lab. mfers dye dye dye all of you.",
    "comments": [
        {
            "tweet_id": "1392452024688549893",
            "tweet": "@newbhandribhaii yaar kuchh nahi hota."
        },
        {
            "tweet_id": "1392458664053669889",
            "tweet": "@kysj4ckmf + \u267e\ufe0f"
        }
    ]
}