{
    "tweet_id": "1392717752570241024",
    "tweet": "No HINDU is still going to attack Charlie Hebdo for this Pun, just not because we aren't fools like izlamic bigots. \n\nNo one may love us but HINDUTVA Loves all....",
    "comments": [
        {
            "tweet_id": "1392743169012375554",
            "tweet": "@Aadarsh_VAJPAI Sorry buddy, Hinduism loves all not hindutva",
            "replies": [
                {
                    "tweet_id": "1392760049026535427",
                    "tweet": "@gygrakeshjha @Aadarsh_VAJPAI Yup , inclusive cultures are accepted, not fundamentally exclusive one's. But when forced to accept or in any other manner, ideologies like hindutva are born. It is a mindset which counters those and maintains balance in bhaarat. +"
                },
                {
                    "tweet_id": "1392801755285446665",
                    "tweet": "@gygrakeshjha @Aadarsh_VAJPAI 1st thing there is nothing called Hinduism and 2ndly Hindutva is not an agenda, and pushed to preserve our heritage, it is open to all and regional members concept rather then religion specific"
                }
            ]
        },
        {
            "tweet_id": "1392743862804774916",
            "tweet": "@Aadarsh_VAJPAI If he was in india probability of getting lynched is much.",
            "replies": [
                {
                    "tweet_id": "1392802074761392130",
                    "tweet": "@Sahilxo @Aadarsh_VAJPAI Lol..bhai  tum log rhne do...kisiko gha ta farak nhi pdta ..sivay tumhare sar juda krna tum logo ke kam hai"
                }
            ]
        },
        {
            "tweet_id": "1392747108453687299",
            "tweet": "@Aadarsh_VAJPAI Moreover this post is not available on Charlie Hebdo official handle.",
            "replies": [
                {
                    "tweet_id": "1392793935831990277",
                    "tweet": "@abhijeetnaik79 @Aadarsh_VAJPAI Yeah bro ... This is fake... Propaganda by Madarsachaps"
                }
            ]
        },
        {
            "tweet_id": "1392747794469855240",
            "tweet": "@Aadarsh_VAJPAI Remember Lynchistan?  https://t.co/W6DPfSuXeR",
            "replies": [
                {
                    "tweet_id": "1392793690515542021",
                    "tweet": "@bigotry_watch @Aadarsh_VAJPAI Yes, how can we forget those bigots Muslims \ud83d\udc3d\u262a\ud83d\udca3 https://t.co/WUViV2JRuz"
                }
            ]
        },
        {
            "tweet_id": "1392747932386959361",
            "tweet": "@Aadarsh_VAJPAI Basically Charlie Hebdo hates word 'Religion'"
        },
        {
            "tweet_id": "1392748227732987904",
            "tweet": "@Aadarsh_VAJPAI Lord Hanuman will definitely eradicate this Covid crisis early  and will shower blessings on all humanity  including ,all  Hebdos etc. https://t.co/ScZI2dj7P4",
            "replies": [
                {
                    "tweet_id": "1393203922496626696",
                    "tweet": "@SachiMahapatra @Aadarsh_VAJPAI Really, where is he then? We've been waiting for a while now and the fucking guy is late!"
                }
            ]
        },
        {
            "tweet_id": "1392752152318070786",
            "tweet": "@Aadarsh_VAJPAI There are 2 billion muslims. Whole community can't be responsible for one persons action.",
            "replies": [
                {
                    "tweet_id": "1392802497098436612",
                    "tweet": "@Mohisina3 @Aadarsh_VAJPAI Yes and there are 1 billion hindus .. and same whole community can't be responsible for some cases which are highly pushed for ppls own agenda"
                }
            ]
        },
        {
            "tweet_id": "1392761608095428612",
            "tweet": "@Aadarsh_VAJPAI \ud83e\udd23 q ki pata hai u can do .."
        },
        {
            "tweet_id": "1392762694877417472",
            "tweet": "@Aadarsh_VAJPAI However fresh cow dung is being used by few people increasing immunity power."
        },
        {
            "tweet_id": "1392766830670848000",
            "tweet": "@Aadarsh_VAJPAI @devduttmyth The reason bhakts have to keep calm becz its france is too far to reach and react. But what would have happen if the same cartoon was published by indian in india. Bhakts would have started trolling",
            "replies": [
                {
                    "tweet_id": "1392802735037112325",
                    "tweet": "@zesh0001 @Aadarsh_VAJPAI @devduttmyth Periyar ko janta hai mulle ?"
                }
            ]
        },
        {
            "tweet_id": "1392774232304586756",
            "tweet": "@Aadarsh_VAJPAI Only if Hinduz had truth.",
            "replies": [
                {
                    "tweet_id": "1392803248109617152",
                    "tweet": "@suaz47 @Aadarsh_VAJPAI India mein rh rha hai na tu ?. Truth ki bat idhar mat kr"
                }
            ]
        },
        {
            "tweet_id": "1392777969047801858",
            "tweet": "@Aadarsh_VAJPAI We Indians worship \ud83d\ude4f every thing Sun ,Moon , Earth , Nature ,etc  Trees and plants give us oxygen  ..Air (Vayu Dev) is also our god . pls get some knowledge about Sanatana Dharma before commenting Charlie Hebdo",
            "replies": [
                {
                    "tweet_id": "1392808554290163716",
                    "tweet": "@Radha15286527 @Aadarsh_VAJPAI Galat Sanatan ped, suraj ya bhraman ki puja nahi karta. Sanatan ka srod OM se hai jaha se teeno mahadevo ki shakti prapt hai, Brahma, Vishnu, Shiv. OM ka koi roop nahi sarv shaktishali purn roop se atmanirbhar."
                },
                {
                    "tweet_id": "1392809021686624256",
                    "tweet": "@Radha15286527 @Aadarsh_VAJPAI Sanatan me to murti puja bhi nahi hai. Ye hamari kamzori hai k hamne Vedo ko apne samaaj me na thik se samajhaya na padhaya."
                }
            ]
        },
        {
            "tweet_id": "1392780408182300674",
            "tweet": "@Aadarsh_VAJPAI He has power and position how can any one of you dare to kill him. you can kill people in the name of cow in mob lynching only.",
            "replies": [
                {
                    "tweet_id": "1392802658092666884",
                    "tweet": "@Farzaba2 @Aadarsh_VAJPAI Tere baap ko mara kya usne mulle ?"
                }
            ]
        },
        {
            "tweet_id": "1392781630213742596",
            "tweet": "@Aadarsh_VAJPAI First thing, it should have been 330 million and secondly trees are worshipped in India and guess who produces natural occuring oxygen in the air? Medical oxygen is a different case , similar to ventilators .can't grow them on trees."
        },
        {
            "tweet_id": "1392790797255208961",
            "tweet": "@Aadarsh_VAJPAI Before do something u need to be something"
        },
        {
            "tweet_id": "1392802922329636864",
            "tweet": "@Aadarsh_VAJPAI Will a hindu will say I Stand with Charlie Hebdo   like before?  Jab himmat nahi hoti tab  Loves all ke paath yaad aate hai",
            "replies": [
                {
                    "tweet_id": "1392878095170867201",
                    "tweet": "@vinitasharmaavi @Aadarsh_VAJPAI Yes we will....they are mocking us because our leaders failed us but India will rise again... Himmat ki bat na kro sister, kisi ko marne ya gali dene ko hm himmat nhi smjhte.. Jai Hind \ud83c\uddee\ud83c\uddf3"
                },
                {
                    "tweet_id": "1392848797668052992",
                    "tweet": "@vinitasharmaavi @Aadarsh_VAJPAI Hahaha true"
                }
            ]
        },
        {
            "tweet_id": "1392810720102780928",
            "tweet": "@Aadarsh_VAJPAI Great reply Brother,,,\nJai Shree Ram....\u2764\ufe0f\ud83d\udea9"
        },
        {
            "tweet_id": "1392837726060257280",
            "tweet": "@Aadarsh_VAJPAI Yeah no one is bombing them, Good, but you agree with this cartoon?",
            "replies": [
                {
                    "tweet_id": "1392842638336823300",
                    "tweet": "@sammienatorr FoE doesn't considers someones agreement or disagreement!"
                }
            ]
        },
        {
            "tweet_id": "1392720893374132232",
            "tweet": "@Aadarsh_VAJPAI Don't say you are a fool.... You are ok with your idols/stone, which you worship are being abused...\nBcoz, u know in a deep they are just an invention.... \ud83d\ude01\ud83d\ude01",
            "replies": [
                {
                    "tweet_id": "1392721580568944649",
                    "tweet": "@rksk1298 @Aadarsh_VAJPAI So as your allah, so many muslims dying in Palestine and in india with corona, where is your allah and prophet, the thing is faith is just a way too boost your thinking thats it, no one gives a flying fuck about you, not allah and not Ram so stop being obsessed with them."
                },
                {
                    "tweet_id": "1392745403922059268",
                    "tweet": "@rksk1298 @Aadarsh_VAJPAI You calling allah is not going to save palestinians.."
                },
                {
                    "tweet_id": "1392745041320239106",
                    "tweet": "@rksk1298 @Aadarsh_VAJPAI And your skybook...came from physics or what...aa tell me...\ud83d\ude02\ud83d\ude02"
                }
            ]
        },
        {
            "tweet_id": "1392721979346591745",
            "tweet": "@Aadarsh_VAJPAI Tum log kuch kar bhi nahi sakte uske khilaaf ...\ud83d\ude02\ud83d\ude02\ud83d\ude02"
        },
        {
            "tweet_id": "1392723740551630852",
            "tweet": "@Aadarsh_VAJPAI Himmat nii ree baba tera m  \n Tu ja reee",
            "replies": [
                {
                    "tweet_id": "1392726501531914245",
                    "tweet": "@AamirKh71917524 @Aadarsh_VAJPAI Israel isliya thok rahahe... re,"
                }
            ]
        },
        {
            "tweet_id": "1392729632265416705",
            "tweet": "@Aadarsh_VAJPAI Abe darpoko himmat nhi h saaf saaf bolo na.. kalli billi rasta katle toh waha se jate nhi ho dar ki wajah se..",
            "replies": [
                {
                    "tweet_id": "1392739469879504898",
                    "tweet": "@KhanSab5290 @Aadarsh_VAJPAI \u0939\u092e \u0924\u0941\u092e\u094d\u0939\u093e\u0930\u0940 \u0924\u0930\u0939 \u0905\u0924\u093e\u0902\u0915\u0940 \u0928\u0939\u0940\u0902 \u0939\u0948\u0964 \u0939\u092e \u0915\u093f\u0938\u0940 \u0915\u093e \u0917\u0932\u093e \u0928\u0939\u0940\u0902 \u0915\u093e\u091f\u0924\u0947\u0964\u0964\n\u092c\u0938 \u092f\u0939\u0940 \u0905\u0902\u0924\u0930 \u0939\u0948\u0964"
                },
                {
                    "tweet_id": "1392803600888303619",
                    "tweet": "@KhanSab5290 @Aadarsh_VAJPAI Bhai tera muhmad ki kahaniya btao ! Lol... Kese use nightfalls hote the from hadis ?"
                }
            ]
        },
        {
            "tweet_id": "1392739480923099136",
            "tweet": "@Aadarsh_VAJPAI Anyway, \nBhakt: I support Israel\nMeanwhile Israeli: \n(Yair Netanyahu is son of Israeli president) https://t.co/vYVQAU9VGj"
        },
        {
            "tweet_id": "1392741147500433408",
            "tweet": "@Aadarsh_VAJPAI Woh pata hai. Tum sirf keyboard pe baithke maa behen ki gaaliya type kar sakte ho."
        },
        {
            "tweet_id": "1392742713968128005",
            "tweet": "@Aadarsh_VAJPAI Please don't flatter yourself. You know you are lying. \nGauri Lankesh, \nGovind Pansare, \nNarendra Dabholkar, \nM.M.Kalburgi\nAnd the list is long. \nMany killed many under threat."
        },
        {
            "tweet_id": "1392743678251126791",
            "tweet": "@Aadarsh_VAJPAI woh sirf hijda hoga jo charlie hebdo ko support karega. #CharlieHebdo should be taught a lesson",
            "replies": [
                {
                    "tweet_id": "1392745516027441154",
                    "tweet": "@broadcastmyview @Aadarsh_VAJPAI No bro... Charlie Hebdo se hme koi dikkat nhi h.....kyunki he made clear ki no god can produce oxgen it is we people who will help each other."
                },
                {
                    "tweet_id": "1392747420996366338",
                    "tweet": "@broadcastmyview @Aadarsh_VAJPAI Man I'm a Hindu and I don't find anything offensive in this. Even if something was bad enough to be offended, I don't go about shooting people down."
                }
            ]
        },
        {
            "tweet_id": "1392747502160343044",
            "tweet": "@Aadarsh_VAJPAI Remind this joker that so many brands were boycotted and even a Jewelry showroom was attacked by Hindutva thugs and made to apologize. Muslims were lynched regularly on rumours of beef and he has the call to call others bigot.",
            "replies": [
                {
                    "tweet_id": "1392882596787286019",
                    "tweet": "@bigotry_watch @Aadarsh_VAJPAI Verification?"
                }
            ]
        },
        {
            "tweet_id": "1392796499042463750",
            "tweet": "@Aadarsh_VAJPAI Awesome reply to this moron @devduttmyth who call him self intellect  playing with religion"
        },
        {
            "tweet_id": "1392799877634068486",
            "tweet": "@Aadarsh_VAJPAI No, we will not attack Charlie Hebdo, instead we'll lynch few innocent muslims, and force them up to chant \"Jay ShreeRam\" by wear and tear."
        },
        {
            "tweet_id": "1392804415900307461",
            "tweet": "@Aadarsh_VAJPAI U need a passport.\n\nStill I would not accept such things against my people..\nShame on you Charlie hebdo"
        },
        {
            "tweet_id": "1392807542879887362",
            "tweet": "@Aadarsh_VAJPAI Do u love this also, u take side of ignorant ppl to make fun of other religion but u forget that it will come to us also. https://t.co/91cghnrNX8"
        },
        {
            "tweet_id": "1392815009974169610",
            "tweet": "@Aadarsh_VAJPAI Ye sab wahi west se aaya hai jo hamare dharm par sanatan k khilaf hamesha sajish karte hai. Tune dusre dharm ka mazaak udaane k liye yehi west ka saath diya jo hamari sankriti k dushman hai. https://t.co/v37HXZZOLf"
        },
        {
            "tweet_id": "1392826182362705920",
            "tweet": "@Aadarsh_VAJPAI Because tumhari aukat hi nhi h"
        },
        {
            "tweet_id": "1392753132573106180",
            "tweet": "@Aadarsh_VAJPAI Accept ir brother!! U say this bcz, u don't have the strength to do anything. If it was some Indian, u'd have probably Mob lynched him by now."
        },
        {
            "tweet_id": "1392763733571641353",
            "tweet": "@Aadarsh_VAJPAI Lund"
        },
        {
            "tweet_id": "1392723105584324612",
            "tweet": "@Aadarsh_VAJPAI Tere gaan&amp; me itna guda nhi h india me koi krta to dnga kr dete... Hypocrisy ki b seema hoti\ud83e\udd23\ud83e\udd23"
        },
        {
            "tweet_id": "1392782088680611846",
            "tweet": "@Aadarsh_VAJPAI Oh fuck the sarcasm killed me https://t.co/gVyPTTrTFg"
        },
        {
            "tweet_id": "1392805015299903495",
            "tweet": "@Aadarsh_VAJPAI \u0939\u092e \u0924\u094b \u092d\u0942\u0932 \u0939\u0940 \u0917\u092f\u0947 \u0925\u0947 \u0939\u092e\u093e\u0930\u0947 \u092a\u093e\u0938 330 \u092e\u093f\u0932\u093f\u092f\u0928 \u0926\u0947\u0935\u0940 \u0926\u0947\u0935\u0924\u093e\u0913\u0902 \u0915\u0940 \u092b\u094c\u091c \u0939\u0948 \u0964\nThank you chaarli abdo"
        },
        {
            "tweet_id": "1392815608606208000",
            "tweet": "@Aadarsh_VAJPAI @aTrader2019 Movie scene where muslim boy kiss hindu girl in temple xtr\u20acmist hindu\u00a7 vandalized director and crew house and threatened to death if scene will not  remove.\n\nKali devi half n[_]de l\u20acsb\u25cb pose enraged hindu.\n\nAnd  threatened artist to kill.\n\nStop hypocrisy."
        }
    ]
}