{
    "tweet_id": "1385779864649691136",
    "tweet": "Oxygen required today\nSC will hear matter next week \n\nCitizens - this is not a TV anchor bail hearing.",
    "comments": [
        {
            "tweet_id": "1385780014977671171",
            "tweet": "@MahuaMoitra My thoughts exactly! For that, they could arrange a hearing overnight."
        },
        {
            "tweet_id": "1385780206925930501",
            "tweet": "@MahuaMoitra True!!!!!"
        },
        {
            "tweet_id": "1385780230472683521",
            "tweet": "@MahuaMoitra 7 days affidavit 14 days for hearing"
        },
        {
            "tweet_id": "1385780296113553409",
            "tweet": "@MahuaMoitra Supreme joke!"
        },
        {
            "tweet_id": "1385780329739288582",
            "tweet": "@MahuaMoitra Ofcourse neither it involves the matter f corporates,common man is destined 2 suffer !!"
        },
        {
            "tweet_id": "1385780416649568263",
            "tweet": "@MahuaMoitra This is Bobde effect...."
        },
        {
            "tweet_id": "1385780428271878146",
            "tweet": "@MahuaMoitra SC also sold"
        },
        {
            "tweet_id": "1385780481099186183",
            "tweet": "@MahuaMoitra This is not Matter of Privileged Class Arnab \nBrahminical System \nLet the people die\nSaving Skin of Emperor is more important",
            "replies": [
                {
                    "tweet_id": "1385846707863244804",
                    "tweet": "@ziaahmedkhan @MahuaMoitra \u091c\u093f\u0928\u0915\u0947 \u0932\u093f\u090f \u0930\u093e\u0924 \u0915\u094b SC  \u0915\u0947 \u0926\u0930\u0935\u093e\u091c\u0947 \u0916\u0941\u0932\u0947 \u0935\u094b \u0915\u094c\u0928 \u0938\u0947 class \u0915\u0947 \u0915\u094c\u0928 \u0938\u0947 system \u0915\u0947 privileged \u0925\u0947??"
                },
                {
                    "tweet_id": "1385785543317880836",
                    "tweet": "@ziaahmedkhan Interrupting your Islamic hate against Hindus for a while. Explain what is your Muslim community doing for 'Dalit Muslims'?   https://t.co/pX5JCGt6FP"
                }
            ]
        },
        {
            "tweet_id": "1385780699152613385",
            "tweet": "@MahuaMoitra If Arnab steps in then he can immediately summon the judges",
            "replies": [
                {
                    "tweet_id": "1385787228354273282",
                    "tweet": "@ranikhet @BKanad @MahuaMoitra Lord Ornob will sentence first and then give  date for screaming."
                },
                {
                    "tweet_id": "1386144653657853957",
                    "tweet": "@ranikhet @MahuaMoitra What's step in? He is silent these days .he has criminal case against him . New SC Won't believe his jounalism"
                }
            ]
        },
        {
            "tweet_id": "1385780823983489024",
            "tweet": "@MahuaMoitra Supreme comedy of India"
        },
        {
            "tweet_id": "1385780850898333696",
            "tweet": "@MahuaMoitra WB tv \ud83d\udcfa channel should expose BJP government mismanagement",
            "replies": [
                {
                    "tweet_id": "1385795644963450884",
                    "tweet": "@hoorsheikh_fiza @MahuaMoitra People sitting in power should be questioned about the present situation ."
                },
                {
                    "tweet_id": "1385807365354573825",
                    "tweet": "@hoorsheikh_fiza @MahuaMoitra Don't worry ! In Fact BJP will Expose TMC' s Tolabaj ,Cut money,Syndicate, Commition  Club  after 2nd May..."
                },
                {
                    "tweet_id": "1385858196342857728",
                    "tweet": "@hoorsheikh_fiza @MahuaMoitra What about mosque and clerics? Expose"
                },
                {
                    "tweet_id": "1386138072383770626",
                    "tweet": "@hoorsheikh_fiza @MahuaMoitra \ud83d\udc4d"
                },
                {
                    "tweet_id": "1386141905801515012",
                    "tweet": "@hoorsheikh_fiza @MahuaMoitra \ud83d\udc4d Mam , President appoints N.V. Ramana as CJI with effect from April 24 . Now game changing day has come"
                },
                {
                    "tweet_id": "1385932630751793158",
                    "tweet": "@hoorsheikh_fiza @MahuaMoitra Madam update yourself, health is state subject in federal system."
                },
                {
                    "tweet_id": "1385941957680123908",
                    "tweet": "@hoorsheikh_fiza @MahuaMoitra Except Kolkata Tv all are purchased ( ? ) or threatened by BJP\u2019s government not to expose the nasty stinking BJP\u2019s actions and character of their leaders ."
                },
                {
                    "tweet_id": "1386501431021105154",
                    "tweet": "@hoorsheikh_fiza @MahuaMoitra Cut money government"
                },
                {
                    "tweet_id": "1385781513023672324",
                    "tweet": "@hoorsheikh_fiza @MahuaMoitra Do you think so.......\nMedia ka big role hai Modi ko PM bnane me aur BJP ko srkar"
                }
            ]
        },
        {
            "tweet_id": "1385780853435813892",
            "tweet": "@MahuaMoitra After May 2 Didi need..."
        },
        {
            "tweet_id": "1385780857454034949",
            "tweet": "@MahuaMoitra Why are you there ??Bus modi aaygea oxygen laayega,only waiting for this ??"
        },
        {
            "tweet_id": "1385780890903597060",
            "tweet": "@MahuaMoitra BC they had no plan...so big daddy came in to save small daddy... otherwise image would have ruined... understand this....IMAGE!!! That's what they all care...\nwe wish some white personality had twitted this time too then may be they would have taken steps early"
        },
        {
            "tweet_id": "1385780900206501890",
            "tweet": "@MahuaMoitra I wish it was \ud83e\udd23"
        },
        {
            "tweet_id": "1385780964618502147",
            "tweet": "@MahuaMoitra Need of an hour is oxygen not 5 kg food grain."
        },
        {
            "tweet_id": "1385781003692638211",
            "tweet": "@MahuaMoitra this is purely EYE WASH"
        },
        {
            "tweet_id": "1385781161209712644",
            "tweet": "@MahuaMoitra * Then it was heard overnight...\n* And in case of Kangna, The HC there, even chided state authorities for questioning her (for more than two hours.)"
        },
        {
            "tweet_id": "1385781217807671296",
            "tweet": "@MahuaMoitra All r sold"
        },
        {
            "tweet_id": "1385781245922086915",
            "tweet": "@MahuaMoitra \ud83d\ude06\ud83d\ude06"
        },
        {
            "tweet_id": "1385781375920263171",
            "tweet": "@MahuaMoitra yes"
        },
        {
            "tweet_id": "1385781655919480835",
            "tweet": "@MahuaMoitra Madam-Oxygen is not for Arnab or BJP Netas..it\u2019s for ordinary people who need to wait.."
        },
        {
            "tweet_id": "1385781670880546819",
            "tweet": "@MahuaMoitra \u0939\u0948\u0902 \u0928 \u0915\u093e\u092e\u0932??\n\u0915\u093e\u0936 \u0939\u093f\u0902\u0926\u0941\u0938\u094d\u0924\u093e\u0928 \u0915\u0940 \u0917\u0930\u0940\u092c \u091c\u0928\u0924\u093e \u092d\u0940\u0905\u0930\u094d\u0923\u0935 \u0917\u094b\u0938\u094d\u0935\u093e\u092e\u0940 \u0915\u0940 \u0924\u0930\u0939 \u0930\u0938\u0942\u0916 \u0935\u093e\u0932\u093e \u0939\u094b\u0924\u093e \u0964"
        },
        {
            "tweet_id": "1385781687993323521",
            "tweet": "@MahuaMoitra SC - SUPREME CIRCUS \ud83d\ude01"
        },
        {
            "tweet_id": "1385781749431472129",
            "tweet": "@MahuaMoitra Very funny."
        },
        {
            "tweet_id": "1385781864862928898",
            "tweet": "@MahuaMoitra It is like Bobdejis pants are going down and it is decided by the competent authority that he can fix it in next meeting\n\nhttps://t.co/OzQ0nGpmUc",
            "replies": [
                {
                    "tweet_id": "1385785062520545281",
                    "tweet": "@RenishDr @MahuaMoitra \ud83d\ude04\ud83d\ude03"
                },
                {
                    "tweet_id": "1385787104249085957",
                    "tweet": "@RenishDr @MahuaMoitra Caught with his pants down \ud83d\ude00"
                },
                {
                    "tweet_id": "1385792532399878144",
                    "tweet": "@RenishDr @MahuaMoitra Or deliberately lowered to be bu**ered?"
                },
                {
                    "tweet_id": "1385826889672048640",
                    "tweet": "@RenishDr @MahuaMoitra Criminal as Chef Judge"
                },
                {
                    "tweet_id": "1385928177629818881",
                    "tweet": "@RenishDr @MahuaMoitra How ppl know its time for lunch\n\nKids-look at the watch\nMen-keep alarm\nLegends-Stomach shrinks n pants drop!"
                },
                {
                    "tweet_id": "1386138475330637827",
                    "tweet": "@RenishDr @MahuaMoitra Lol"
                }
            ]
        },
        {
            "tweet_id": "1385781870034526210",
            "tweet": "@MahuaMoitra black marketing of vaccine by Durgapur Healthworld hospital\ngeneral public are denied for vaccination while special people are vaccinated by HW hospital durgapur .WB govt should deploy nodel officer at all vaccination centre"
        },
        {
            "tweet_id": "1385781977702440970",
            "tweet": "@MahuaMoitra Death does not discriminate https://t.co/Iy2EsHdniq"
        },
        {
            "tweet_id": "1385782060883746819",
            "tweet": "@MahuaMoitra Mortality rate in the worst hit states is upward of 6%, still the Government does not own up !!"
        },
        {
            "tweet_id": "1385782062838292480",
            "tweet": "@MahuaMoitra Who has selected this guyz for this position.\nDo they really know whats going on on the field?\nOr they are in Q with the DRMABAAZ!!\n\n#ModiAbandonedIndia \n#HarshVardhanShouldResign"
        },
        {
            "tweet_id": "1385782140449607683",
            "tweet": "@MahuaMoitra TV anchor's bail hearing is very much important than the lives of general public dying due to lack of oxygen .\n\nBecause that anchor after getting bail can spread hatred propoganda Hindu-muslim which is necessary for the power for MODI.",
            "replies": [
                {
                    "tweet_id": "1385817861441179648",
                    "tweet": "@SambitK44845644 @MahuaMoitra Because Arnab Goswami is a super spreader of lies generated by @narendramodi"
                }
            ]
        },
        {
            "tweet_id": "1385782341084213255",
            "tweet": "@MahuaMoitra Sounds like they were trying to help the #BJP and not with Oxygen. Their amicus Salve also quit."
        },
        {
            "tweet_id": "1385782360797450243",
            "tweet": "@MahuaMoitra Request Court for early hearing."
        },
        {
            "tweet_id": "1385782391826833412",
            "tweet": "@MahuaMoitra @Mark2Kali_ Guess you don't blame Arnab who is the boss of Republic \ud83d\ude0a https://t.co/lyUaxJOf5U"
        },
        {
            "tweet_id": "1385782554624544770",
            "tweet": "@MahuaMoitra Supreme Court heard Arnab Goswami's bail plea during holidays.\n\nSupreme Court will hear matter of oxygen shortage that country is currently facing, next week.\n\nLet that sink in.",
            "replies": [
                {
                    "tweet_id": "1385846335228682245",
                    "tweet": "@amolm1998 @MahuaMoitra And they also heard Afzal gurus plea in the dead of the night ."
                },
                {
                    "tweet_id": "1385847109908267014",
                    "tweet": "@amolm1998 @MahuaMoitra They heard Yakub Memon's plea at 3 am. \n\nLET. THAT. SINK. IN."
                }
            ]
        },
        {
            "tweet_id": "1385782563822731265",
            "tweet": "@MahuaMoitra This is the most disgraceful and heinous act of the SC."
        },
        {
            "tweet_id": "1385782916840509440",
            "tweet": "@MahuaMoitra Anytime, if people ly/nch these so called judges in the streets , definitely I won't intervene to stop them.\n\nWho am I to stop them to deliver natural justice to those who caused death of their dear ones."
        },
        {
            "tweet_id": "1385783005374042121",
            "tweet": "@MahuaMoitra In the meantime cow urine being used by BJP",
            "replies": [
                {
                    "tweet_id": "1385784060216332289",
                    "tweet": "@FighterPaul_S @MahuaMoitra WTF \ud83d\ude33. Kaise chtye log hai yaar ye."
                },
                {
                    "tweet_id": "1386139826454290434",
                    "tweet": "@FighterPaul_S @MahuaMoitra \ud83e\udd23\ud83e\udd23\ud83e\udd23\ud83e\udd23\ud83e\udd23\ud83e\udd23\ud83e\udd23\ud83e\udd23"
                }
            ]
        },
        {
            "tweet_id": "1385783269468168198",
            "tweet": "@MahuaMoitra This is Human life , SC ( Squash Court) has to participate in inconvenience and killing of people - they learn from their Masters  !"
        },
        {
            "tweet_id": "1385783466407567362",
            "tweet": "@MahuaMoitra So what was the sudden suo moto hearing all about - last hurrah or parting gift?"
        },
        {
            "tweet_id": "1385783479401521152",
            "tweet": "@MahuaMoitra Kash, \nOxygen ka naam Arnab gouswami hota ."
        },
        {
            "tweet_id": "1385812482682351618",
            "tweet": "@Profkhalid The images of the plants/trees you post are very pretty and beautiful"
        },
        {
            "tweet_id": "1385783695584284680",
            "tweet": "@MahuaMoitra Too busy with Bobde.... why should we be important. Some people in a democracy are more equal than others"
        },
        {
            "tweet_id": "1385783789511708673",
            "tweet": "@MahuaMoitra How can SC be so insensitive? Looks like SC is new Ministry."
        },
        {
            "tweet_id": "1385783826744418311",
            "tweet": "@MahuaMoitra Yes yaha pe pahele andh bhakto ke case jaldi sune jate hain aur phir clean chit dekar pruskar diya jata hai"
        },
        {
            "tweet_id": "1385783972265750529",
            "tweet": "@MahuaMoitra Then you are Mahua Waze as per the pic...Murdered 100's. https://t.co/ltT8jvBTja"
        },
        {
            "tweet_id": "1385783997322600452",
            "tweet": "@MahuaMoitra WB is one of largest producers of Oxygen. It should not have problem but looking at SC for directions"
        },
        {
            "tweet_id": "1385784274045919232",
            "tweet": "@MahuaMoitra India's version of 'I can't breathe' being played out, across the country."
        },
        {
            "tweet_id": "1385784306618933252",
            "tweet": "@MahuaMoitra So true!"
        },
        {
            "tweet_id": "1385784312373518337",
            "tweet": "@MahuaMoitra SC should have a Twitter handle to watch the mood of the country"
        },
        {
            "tweet_id": "1385784407902941184",
            "tweet": "@MahuaMoitra \u0915\u0920\u092a\u0941\u0924\u0932\u0940 \u0915\u0940 \u0905\u0916\u093e\u0921\u093c\u093e l"
        },
        {
            "tweet_id": "1385784472239362051",
            "tweet": "@MahuaMoitra SC oxygen in Bjp who has guided for next week."
        },
        {
            "tweet_id": "1385784510638297090",
            "tweet": "@MahuaMoitra The urgency of the issue should have been taken note of by SC as it is a matter concerning the lives of the people of the country. It should hear it as early as possible even at this hour!"
        },
        {
            "tweet_id": "1385784514257899525",
            "tweet": "@MahuaMoitra All sold out in this \"Republic of MoSha\"\nThe new name of this cursed nation \n\n\ud83d\ude2d\ud83d\ude2d\ud83d\ude2d\ud83d\ude2d\ud83d\ude2d\ud83d\ude2d"
        },
        {
            "tweet_id": "1385784772832620544",
            "tweet": "@MahuaMoitra Hope we Indians will remember all this Oxygen strike before Surgical strike"
        },
        {
            "tweet_id": "1385784833876500480",
            "tweet": "@MahuaMoitra Or a salve \ud83e\uddf4 on all hurt when the SC dismissed a petition on a submission that media reports of a migrant crisis were incorrect.  Only to thereafter based on media reports suo  moto take up a petition on the migrant crisis. This time flatter to deceive."
        },
        {
            "tweet_id": "1385784878881411076",
            "tweet": "@MahuaMoitra https://t.co/Zg4YE0xFJW\nThis is the state in capital. The seat of power and where we have the Supreme Court of India"
        },
        {
            "tweet_id": "1385785009634676738",
            "tweet": "@MahuaMoitra Madam we can not say anything now sho also with govt"
        },
        {
            "tweet_id": "1385785097274597376",
            "tweet": "@MahuaMoitra If you dont like the verdict, dont file the cases."
        },
        {
            "tweet_id": "1385785147530694656",
            "tweet": "@MahuaMoitra Priorities of the govt have been exposed in the last few days. Election rallies over ailing citizens and vaccine profits over oxygen scarcity to name a few. The macabre turn of events should haunt the staunchest of bhakts to thwir graves. If only a spine could be grown"
        },
        {
            "tweet_id": "1385785468063649795",
            "tweet": "@MahuaMoitra VOTE FOR MODI \n\nMOKSH KA DAWAR MODI SARKAR \n\nFROM JAI SHRI RAM TO RAM NAM SAT \n\nIF BJP WINS BENGAL BJP PROMISE THEY WILL GIVE MOKSH TO YOU GIVE FREE VACCINE AFTER DEATH \ud83d\ude01\ud83d\ude01"
        },
        {
            "tweet_id": "1385785683793432576",
            "tweet": "@MahuaMoitra Oops. The soothing salve\ud83e\uddf4 is hurt."
        },
        {
            "tweet_id": "1385786394254090241",
            "tweet": "@MahuaMoitra Samjh me to sabko aa rahi hai who runs sc"
        },
        {
            "tweet_id": "1385786429674967040",
            "tweet": "@MahuaMoitra #supremecourtofindia #shame"
        },
        {
            "tweet_id": "1385786665768079367",
            "tweet": "@MahuaMoitra Why that tv anchor is not barking now a days!"
        },
        {
            "tweet_id": "1385786770000736257",
            "tweet": "@MahuaMoitra MP Moitra the people demand of  leadership across the political spectrum to act as statesmen, and not as tradesmen. Arise , awake and stop not...",
            "replies": [
                {
                    "tweet_id": "1385850585904152577",
                    "tweet": "@Hardik02803301 Speaking and arguing in English like @MahuaMoitra does not make one an efficient and able administrator or politician.\n\nHer party is full of loud mouths and goons - her CM, Bournvita O\u2019Brien etc."
                }
            ]
        },
        {
            "tweet_id": "1385787340837122048",
            "tweet": "@MahuaMoitra Hearing on 2 May...pack your bags"
        },
        {
            "tweet_id": "1385787419836903425",
            "tweet": "@MahuaMoitra Well the TV anchor fixed something which the oxygen couldn\u2019t do possibly!!! Shameful"
        },
        {
            "tweet_id": "1385787547566104580",
            "tweet": "@MahuaMoitra @0ffice0ffRG \u0905\u0917\u0932\u0947 \u0938\u092a\u094d\u0924\u093e\u0939 \u0924\u0915 \u0938\u093e\u0902\u0938 \u0930\u094b\u0915 \u0915\u0930 \u0930\u0916\u093f\u092f\u0947 \u0915\u094d\u092f\u094b\u0902\u0915\u093f SC \u0928\u0947 \u0905\u0917\u0932\u0947 \u0938\u092a\u094d\u0924\u093e\u0939 \u0915\u0940 \u0924\u093e\u0930\u0940\u0916 \u0926\u0940 \u0939\u0948",
            "replies": [
                {
                    "tweet_id": "1385828915906703361",
                    "tweet": "@Ravishk356 @MahuaMoitra @0ffice0ffRG Aur jo @RahulGandhi bail pe he...uska kya...aur Ravish tu toh vese bhi bhadua he... Jaha pese mile uska he tu... Nautanki"
                }
            ]
        },
        {
            "tweet_id": "1385788531449106437",
            "tweet": "@MahuaMoitra @suresh_bhusari \u0938\u093e\u0939\u092c \u0915\u093e \u092c\u092b\u093e\u0926\u093e\u0930 \u0921\u094b\u0917\u0940 \u091c\u094b \u0939\u0948"
        },
        {
            "tweet_id": "1385789058698256384",
            "tweet": "@MahuaMoitra 2 \u092e\u0908 \u0926\u0940\u0926\u0940 \u0917\u0908",
            "replies": [
                {
                    "tweet_id": "1385829334779240450",
                    "tweet": "@DalipPancholi @MahuaMoitra Usse pahle jo lakho Indians mar jayenge uska koi parwa nahi hai na tujhe?"
                }
            ]
        },
        {
            "tweet_id": "1385789150352183299",
            "tweet": "@MahuaMoitra last time it was bhakts who were breathless. Difference!"
        },
        {
            "tweet_id": "1385789372377702404",
            "tweet": "@MahuaMoitra that will happen immediately !"
        },
        {
            "tweet_id": "1385789383991726081",
            "tweet": "@MahuaMoitra Hand in glove behaviour. It\u2019s all for show."
        },
        {
            "tweet_id": "1385789596458381313",
            "tweet": "@MahuaMoitra Or not a terriost"
        },
        {
            "tweet_id": "1385789608189906955",
            "tweet": "@MahuaMoitra Crystal clear now... Why SC took over from HC.. Soulless like their bosses!"
        },
        {
            "tweet_id": "1385789691379675142",
            "tweet": "@MahuaMoitra Weekend for supreme court end for patient ! https://t.co/CggPXrCqlO"
        },
        {
            "tweet_id": "1385789929301561345",
            "tweet": "@MahuaMoitra When this supreme court hear the case if @ArnabGofficial7 . May be on holiday. This is priority of judiciary. Is it not corrupt"
        },
        {
            "tweet_id": "1385790119362187265",
            "tweet": "@MahuaMoitra #MODI OXYGEN DO"
        },
        {
            "tweet_id": "1385790330201538561",
            "tweet": "@MahuaMoitra Your CM Mamta Banerjee doesn\u2019t think that attending meetings of CM with PM on tackling COVID is important!",
            "replies": [
                {
                    "tweet_id": "1385818272382205957",
                    "tweet": "@abhaytewari1964 @MahuaMoitra Stop spreading lies"
                }
            ]
        },
        {
            "tweet_id": "1385790801515454464",
            "tweet": "@MahuaMoitra Exactly, court was opened midnight for YAKUM MENON case hearing"
        },
        {
            "tweet_id": "1385790813452439555",
            "tweet": "@MahuaMoitra This case is not that much important, where as arnab, wat a patriotic anchor"
        },
        {
            "tweet_id": "1385790929651462144",
            "tweet": "@MahuaMoitra Because we r second class citizen judiciary available for govt supporters like tracer bullet"
        },
        {
            "tweet_id": "1385791118197989378",
            "tweet": "@MahuaMoitra IT, ED, CBI, CRPF, Delhi Police, SC, ECGI.. All are government of India enterprises. ECGI ( election commission of government of India)"
        },
        {
            "tweet_id": "1385791287157157889",
            "tweet": "@MahuaMoitra @guruprasad2112 Will SC&amp;HC produce required Oxygen to save lives within a day or to arrange vaccine?It is a complex issue and application of prudence and administrative skill is important than Courts s unwanted questions."
        },
        {
            "tweet_id": "1385791361585086465",
            "tweet": "@MahuaMoitra Priorities."
        },
        {
            "tweet_id": "1385791551742218242",
            "tweet": "@MahuaMoitra PM\u0928\u0947 \u092c\u0902\u0917\u093e\u0932 \u092e\u0947\u0902 \u0930\u0948\u0932\u0940 \u0915\u0948\u0928\u094d\u0938\u093f\u0932 \u0915\u0940 \u0924\u094b ECI\u0928\u0947 \u0938\u092c \u0930\u0948\u0932\u093f\u092f\u094b\u0902 \u092a\u0930 \u0930\u094b\u0915 \u0932\u0917\u093e \u0926\u0940?\u0905\u092c SC\u0928\u0947 \u0905\u0917\u0932\u0947 \u0939\u092b\u094d\u0924\u0947 \u0915\u093e \u0938\u092e\u092f \u0926\u093f\u092f\u093e \u0932\u0947\u0915\u093f\u0928 \u0924\u092c \u0924\u0915 \u092c\u093f\u0928\u093e \u0906\u0915\u094d\u0938\u0940\u091c\u0928 \u0932\u093e\u0916\u094b\u0902 \u092c\u093f\u092e\u093e\u0930 \u092e\u094c\u0924 \u0915\u0947 \u0918\u093e\u091f \u0909\u0924\u0930 \u091c\u093e\u092f\u0947\u0917\u0947\u0964\u0915\u094d\u092f\u093e \u092a\u094d\u0930\u0927\u093e\u0928\u092e\u0928\u094d\u0924\u094d\u0930\u0940 \u0915\u094b \u0939\u092b\u094d\u0924\u093e \u0932\u0917\u0947\u0917\u093e \u0932\u0940\u092a\u093e\u092a\u094b\u0924\u0940 \u0915\u0930\u0928\u0947 \u092e\u0947\u0902? \u0938\u094b\u0928\u093f\u092f\u093e \u0917\u093e\u0902\u0927\u0940 \u0928\u0947 \u092e\u094c\u0924 \u0915\u093e \u0938\u094c\u0926\u093e\u0917\u0930 \u0915\u094d\u092f\u094b\u0902 \u092c\u094b\u0932\u093e? @ravishndtv @abhisar_sharma"
        },
        {
            "tweet_id": "1385791733233897472",
            "tweet": "@MahuaMoitra No order from top.."
        },
        {
            "tweet_id": "1385791761524707338",
            "tweet": "@MahuaMoitra @cricketwallah Not just TV anchor\u2019s !! @PChidambaram_IN , @RahulGandhi n Sonia gandhi bail pleas too !! Because Oxygen can neither be created nor be destroyed??"
        },
        {
            "tweet_id": "1385792275276464129",
            "tweet": "@MahuaMoitra Of course. The TV  anchor is more important than the common people of our country. Only rarest of rare have this privilege. Still the common people have no problem with this."
        },
        {
            "tweet_id": "1385792291218984967",
            "tweet": "@MahuaMoitra Citizens of India (Life&amp;Death Struggle) vs Arnab Goswami (RowdyJournalism) who got to hear their case in SC the quickest? @INCIndia @RahulGandhi @CPIM_WESTBENGAL @cpimspeak @arivalayam @mkstalin @KanimozhiDMK @Udhaystalin @thirumaofficial @SeemanOfficial"
        },
        {
            "tweet_id": "1385792400002478082",
            "tweet": "@MahuaMoitra This is also the same SC who sat at 12am  to dismiss an elected govt !",
            "replies": [
                {
                    "tweet_id": "1385881076933951490",
                    "tweet": "@navaneethankith @MahuaMoitra And heard a terrorist to be hanged the next day"
                }
            ]
        },
        {
            "tweet_id": "1385792891541278720",
            "tweet": "@MahuaMoitra SC is drama theatre"
        },
        {
            "tweet_id": "1385793094910574596",
            "tweet": "@MahuaMoitra High courts are hearing anyway. Good enough."
        },
        {
            "tweet_id": "1385793485026906119",
            "tweet": "@MahuaMoitra \u0928\u093e\u0938\u093e \u0928\u0947 \u092e\u0902\u0917\u0932 \u0917\u094d\u0930\u0939 \u092a\u0930 \u0911\u0915\u094d\u0938\u093f\u091c\u0928 \u0928\u093f\u0915\u093e\u0932 \u0932\u093f\u092f\u093e\u0964\n\u0914\u0931\n\u0939\u092e\u093e\u0930\u0947 \"\u0935\u093f\u0936\u094d\u0935\u0917\u0941\u0930\u0941\"\n\u0905\u092d\u0940\u0924\u0915 \u0928\u093e\u0932\u0940 \u092e\u0947\u0902 \u0938\u0930 \u0921\u0941\u092c\u094b\u092f\u0947 \u092c\u0948\u0920\u0947 \u0939\u0948\u0902\u0964\n\ud83d\ude02\ud83d\ude02\ud83d\ude02\ud83d\ude02"
        },
        {
            "tweet_id": "1385793488571092995",
            "tweet": "@MahuaMoitra @Ravishk356 Very true madam, GOI stooped to it's lowest \ud83d\ude14\ud83d\ude14\ud83d\ude14"
        },
        {
            "tweet_id": "1385793510100533250",
            "tweet": "@MahuaMoitra \u092f\u0947 \u0911\u0915\u094d\u0938\u0940\u091c\u0928 \u0915\u0947 \u092c\u0926\u0932\u0947 \u092c\u093e\u0902\u0921 \u092d\u0930\u0935\u093e\u0928\u0947 \u092e\u0924 \u0932\u0917\u0947 \u0915\u093f\u0939\u092e\u0915\u094b \u0935\u094b\u091f \u0926\u094b\u0917\u0947 \u0924\u092d\u0940 \u092e\u093f\u0932\u0947\u0917\u093e"
        },
        {
            "tweet_id": "1385793762211745792",
            "tweet": "@MahuaMoitra @MonaAmbegaonkar Hmare desh mai ab jaan ki kimat bas vote dene tak hai."
        },
        {
            "tweet_id": "1385793919619788802",
            "tweet": "@MahuaMoitra @cricketwallah Ma'am first tell your beloved CM to stop the public rallies and focus on #COVIDEmergency2021 .\nThe Union Ministry of Health and Family Welfare on Sunday informed that 162 Pressure Swing Adsorption \u00a0oxygen\u00a0plants have been sanctioned by the Centre .\nHow many installed? @keyakahe https://t.co/jB09IqXrEk",
            "replies": [
                {
                    "tweet_id": "1385817065794072577",
                    "tweet": "@ProudHindu__ @MahuaMoitra @cricketwallah @keyakahe How many are allocated to WB? IDK if you noticed this news or not.\nCM should've kicked him out. It's obviously a failure in her part.\nhttps://t.co/arzs8LwQyN"
                },
                {
                    "tweet_id": "1385961451215486978",
                    "tweet": "@ProudHindu__ @MahuaMoitra @cricketwallah @keyakahe Its our money bro not giving from modi's home or pocket."
                },
                {
                    "tweet_id": "1386138010274517000",
                    "tweet": "@ProudHindu__ @MahuaMoitra @cricketwallah @keyakahe Those are jhumlas"
                },
                {
                    "tweet_id": "1386142888837320706",
                    "tweet": "@ProudHindu__ @MahuaMoitra @cricketwallah @keyakahe Kindly don't share a generic paper cut and self satisfy"
                },
                {
                    "tweet_id": "1385854381397061633",
                    "tweet": "@ProudHindu__ @MahuaMoitra @cricketwallah @keyakahe She stopped before your beloved two leaders"
                },
                {
                    "tweet_id": "1385854920847499264",
                    "tweet": "@ProudHindu__ @MahuaMoitra @cricketwallah @keyakahe And what about your darling EC which is criminally indulging in manslaughter to ensure bjp victory even now"
                },
                {
                    "tweet_id": "1385855177773699073",
                    "tweet": "@ProudHindu__ @MahuaMoitra @cricketwallah @keyakahe Can anyone beat the insensitivity of your favourite killers of humanity"
                },
                {
                    "tweet_id": "1386222047051669510",
                    "tweet": "@ProudHindu__ @MahuaMoitra @cricketwallah @keyakahe Are you aware how big this country is. How will 162 plants suffice"
                },
                {
                    "tweet_id": "1386275819564113920",
                    "tweet": "@ProudHindu__ @MahuaMoitra @cricketwallah @keyakahe Too little, too late, \n\n hamare saheb log  busy the bengal  election with chanting slogans \nDidi O Didi...\nNandigram....\nScootie....\nJai shree ram..."
                },
                {
                    "tweet_id": "1386530648773566464",
                    "tweet": "@ProudHindu__ @MahuaMoitra @cricketwallah @keyakahe The nation head the PM has to stop his election rallies first and lead by example.....His carelessness and irresponsible behaviour is the reason for lakhs of people infected and dying of Covid."
                }
            ]
        },
        {
            "tweet_id": "1385794522219679744",
            "tweet": "@MahuaMoitra \u091c\u092c \u091a\u0941\u0928\u093e \u0939\u0948 \u0909\u0928\u094d\u0939\u0947\u0902, \u0915\u0924\u094d\u0932 \u0915\u0930\u0928\u0947 \u0915\u093e \u0939\u0941\u0928\u0930 \u0926\u0947\u0916\u0915\u0930\n\n\u0924\u094b \u0905\u092c \u092e\u093e\u092f\u0942\u0938 \u0915\u094d\u092f\u094b\u0902 \u0939\u094b\u0924\u0947 \u0939\u094b, \u0932\u093e\u0936\u094b \u0915\u093e \u0936\u0939\u0930 \u0926\u0947\u0916\u0915\u0930!"
        },
        {
            "tweet_id": "1385795124991434754",
            "tweet": "@MahuaMoitra SC has sold its conscience"
        },
        {
            "tweet_id": "1385795377379479556",
            "tweet": "@MahuaMoitra Conclusion - SC is not independent anymore \ud83d\ude4f"
        },
        {
            "tweet_id": "1385795574545403908",
            "tweet": "@MahuaMoitra @paranjoygt Never forget the sacrifice of DYC who left his family holiday to give this landmark TV anchor judgment"
        },
        {
            "tweet_id": "1385795695861374985",
            "tweet": "@MahuaMoitra Yaar mahua this is so sad"
        },
        {
            "tweet_id": "1385796057238413315",
            "tweet": "@MahuaMoitra @paranjoygt Process of rajyasabha seat"
        },
        {
            "tweet_id": "1385796268174188546",
            "tweet": "@MahuaMoitra Let us wait for New CJI orders."
        },
        {
            "tweet_id": "1385796324247830534",
            "tweet": "@MahuaMoitra Handful of people have made a fool out of democracy in India..."
        },
        {
            "tweet_id": "1385796424147734529",
            "tweet": "@MahuaMoitra @cricketwallah Take from Odisa.  We have enough . Continue with your appeasement politics."
        },
        {
            "tweet_id": "1385796451540770822",
            "tweet": "@MahuaMoitra @paranjoygt Till then this  Mod! Ka bachcha will grow some more beared."
        },
        {
            "tweet_id": "1385796932547715076",
            "tweet": "@MahuaMoitra 2 May Didi Gai"
        },
        {
            "tweet_id": "1385797015020335104",
            "tweet": "@MahuaMoitra @cricketwallah What has SC got to do with supplying oxygen. It\u2019s like saying Mamta having something to do with state\u201ds administration."
        },
        {
            "tweet_id": "1385797032057610240",
            "tweet": "@MahuaMoitra Only that \"TV ANCHOR+ Corona\" can fix the hearing date today."
        },
        {
            "tweet_id": "1385797089947361281",
            "tweet": "@MahuaMoitra @paranjoygt May we consider Supreme Court Of India is out of sense? Shame in you supreme court of India"
        },
        {
            "tweet_id": "1385797392276942855",
            "tweet": "@MahuaMoitra SC has itself duped it to so low"
        },
        {
            "tweet_id": "1385797442927403009",
            "tweet": "@MahuaMoitra 300 deaths multiply by 7 equals to 2100. SC wants to increase deaths."
        },
        {
            "tweet_id": "1385797484069277698",
            "tweet": "@MahuaMoitra A whip is swung in the air with certain cracking sound and which can only be heard by the herd!"
        },
        {
            "tweet_id": "1385798017245011968",
            "tweet": "@MahuaMoitra \u0938\u093e\u0939\u0947\u092c \u0915\u0947 \u0917\u093c\u0941\u0932\u093e\u092e \ud83d\ude25\u203c\ufe0f"
        },
        {
            "tweet_id": "1385798172694388736",
            "tweet": "@MahuaMoitra Decision was pending from RSS headquarter that why they decide next week"
        },
        {
            "tweet_id": "1385798396942950400",
            "tweet": "@MahuaMoitra Om top of it, SC asks HC to stop their interrogations/hearing with immediate effect \ud83e\udd26\ud83e\udd26"
        },
        {
            "tweet_id": "1385798966294433798",
            "tweet": "@MahuaMoitra @puru_ag \u0938\u092c \u0915\u094b \u092a\u0924\u093e \u0939\u0948 \u0938 \u0928\u094d\u092f\u093e\u0932\u092f \u0915\u093e \u0905\u092d\u0940 \u0915\u094d\u092f\u093e \u0930\u0941\u0924\u092c\u093e \u0939\u0948 \u0926\u0942\u0938\u0930\u093e \u091c\u094d\u091e\u093e\u0928\u0940 \u091c\u0947\u0932 \u0938\u093f\u0902\u0939"
        },
        {
            "tweet_id": "1385799031109074944",
            "tweet": "@MahuaMoitra @RavinderKapur2 Oxygen doesn\u2019t excite government like they get excited to buy MP or MLA of any other party"
        },
        {
            "tweet_id": "1385799761488347145",
            "tweet": "@MahuaMoitra Clowns with goun \ud83e\udd23\ud83d\ude02\ud83d\ude02\ud83d\ude02\ud83d\ude02 poor people dying with out oxygen."
        },
        {
            "tweet_id": "1385799881978089481",
            "tweet": "@MahuaMoitra @AkhilTweeting How about jail Arnab for blocking oxygen. May be supreme court will be forced to hear the case today itself"
        },
        {
            "tweet_id": "1385799906523185154",
            "tweet": "@MahuaMoitra Mr Modi has put the\u00a0onus on\u00a0state governments to clear up his mess. The buck stops with him. He should acknowledge and make amends for mistakes that have caused enormous suffering. He needs to engage with experts on how to uphold restrictions; https://t.co/BzG2eArvPl"
        },
        {
            "tweet_id": "1385799976769310722",
            "tweet": "@MahuaMoitra Does anyone know Sonu Sood? A silent worker. Helping people in need instead of pointing mistakes. You have power . Use it ."
        },
        {
            "tweet_id": "1385800206885609472",
            "tweet": "@MahuaMoitra Supremely Compromised"
        },
        {
            "tweet_id": "1385800833535672321",
            "tweet": "@MahuaMoitra @jite51 Supreme Court heard the appeal of a Nirbhaya convict at 2.30 am before the hangings... This was more important than oxygen case.... #supremecourtofindia\n#SupremeCourt\n#OxygenCrisis"
        },
        {
            "tweet_id": "1385801035818569731",
            "tweet": "@MahuaMoitra #WeCantBreathe"
        },
        {
            "tweet_id": "1385801464807706624",
            "tweet": "@MahuaMoitra Is justice available at SC? Why people go there?",
            "replies": [
                {
                    "tweet_id": "1385803549884313605",
                    "tweet": "@raghuynt @MahuaMoitra If you want oxygen , SC is not the place to get it..."
                }
            ]
        },
        {
            "tweet_id": "1385802162253357071",
            "tweet": "@MahuaMoitra @dilipkpandey Supreme court = late court"
        },
        {
            "tweet_id": "1385802365853306881",
            "tweet": "@MahuaMoitra @nimishdubey Proved again \"Ag\" dearer  than \"O2\""
        },
        {
            "tweet_id": "1385802367510007808",
            "tweet": "@MahuaMoitra What to say . Only feel like French revolution is needed !!"
        },
        {
            "tweet_id": "1385802569834909700",
            "tweet": "@MahuaMoitra SC speaks the mind of the centre"
        },
        {
            "tweet_id": "1385802618379849734",
            "tweet": "@MahuaMoitra Called Banana system"
        },
        {
            "tweet_id": "1385802948387643401",
            "tweet": "@MahuaMoitra @ComradeMukil Can we put it as Oxygen required for Arnab Goswami ? Maybe it will be heard on an urgent basis"
        },
        {
            "tweet_id": "1385804806900514819",
            "tweet": "@MahuaMoitra Most useless case hearings are done even at midnight."
        },
        {
            "tweet_id": "1385805173390397443",
            "tweet": "@MahuaMoitra @UnofficialMahua Right"
        },
        {
            "tweet_id": "1385805179094650885",
            "tweet": "@MahuaMoitra @Susmita_AAP maybe the SC judges also got corona and will be back by next week if they get the oxygen on time."
        },
        {
            "tweet_id": "1385805403569549314",
            "tweet": "@MahuaMoitra Shame on Bobadiya.. (Agent of RSS) BJP"
        },
        {
            "tweet_id": "1385805584012693504",
            "tweet": "@MahuaMoitra @cricketwallah Where are people now...who open SC at midnight for terrorists..."
        },
        {
            "tweet_id": "1385805779387572224",
            "tweet": "@MahuaMoitra It's all about Vedanta resuming operations thru oxygen door. Next week is early."
        },
        {
            "tweet_id": "1385805846148308995",
            "tweet": "@MahuaMoitra @puru_ag Was wondering if they breathe the same air as the rest of us?! \ud83e\udd14"
        },
        {
            "tweet_id": "1385806261585727493",
            "tweet": "@MahuaMoitra It is time given to Govt. to manage some situation ,then SC can justify it."
        },
        {
            "tweet_id": "1385806388689969153",
            "tweet": "@MahuaMoitra By the time court hears the case, problem will have been resolved, at which point Tushar Mehta will claim that there never was a problem because, see now, everything is fine. Centre was in control all along, but plaintiffs made false allegations."
        },
        {
            "tweet_id": "1385806556638318594",
            "tweet": "@MahuaMoitra Might be a great idea to declare the dying patients terrorists. Milords will hear the plea immediately. Because only them them courts can open even at 3:00 AM."
        },
        {
            "tweet_id": "1385806712498638853",
            "tweet": "@MahuaMoitra This is how @narendramodi has killed institutions and democracy in India."
        },
        {
            "tweet_id": "1385807054523146244",
            "tweet": "@MahuaMoitra they should have left the matter with the high courts, the supreme court has blood on their hands"
        },
        {
            "tweet_id": "1385807358597550081",
            "tweet": "@MahuaMoitra Celebrities need to give it back to society., Use Ur international contact and bring medical help to India @sachin_rt @YUVSTRONG12 @SonuSood @iamsrk @Pvsindhu1 @MirzaSania @Its_Badshah @Bhuvan_Bam"
        },
        {
            "tweet_id": "1385807392009441281",
            "tweet": "@MahuaMoitra What the hell  !!\nSC will hear next week !!\nThat means after lacs of death they will consider .\n\nShame...."
        },
        {
            "tweet_id": "1385807511320612867",
            "tweet": "@MahuaMoitra \u092d\u093e\u0930\u0924\u0935\u0930\u094d\u0937 \u092e\u0947\u0902 \u090f\u0915 \u0916\u0941\u0928 \u0915\u0930\u0928\u0947 \u0915\u0940 \u0938\u091c\u093e \u092b\u093e\u0901\u0938\u0940 \u0939\u0948\u0964\n\u0932\u0947\u0915\u093f\u0928, \u0907\u0924\u0928\u0947 \u092e\u094c\u0924\u094b\u0902 \u0915\u0940 \u0915\u094b\u0908 \u0938\u091c\u093e \u0928\u0939\u0940\u0902, \u0915\u094d\u092f\u094b\u0902??\n\n#\u092e\u094b\u0926\u0940_\u091c\u0935\u093e\u092c_\u0926\u094b #\u092e\u094b\u0926\u0940_\u092d\u093e\u0937\u0923_\u0930\u094b\u0915\u094b_\u0906\u0915\u094d\u0938\u0940\u091c\u0928_\u0928\u0939\u0940\u0902 #COVIDEmergency2021 #CovidIndia #COVID19India #\u0936\u094d\u092e\u0936\u093e\u0928_\u092e\u0902\u0924\u094d\u0930\u0940_\u092e\u094b\u0926\u0940 #BoycottBJP #\u0939\u092e_\u091c\u0940\u0924\u0947\u0902\u0917\u0947_\u0915\u094b\u0930\u094b\u0928\u093e_\u0939\u093e\u0930\u0947\u0917\u093e https://t.co/3OSTp65mHQ"
        },
        {
            "tweet_id": "1385807589779324930",
            "tweet": "@MahuaMoitra They no business to poke their nose when state high courts are doing a splendid job. Heartless"
        },
        {
            "tweet_id": "1385807897502826497",
            "tweet": "@MahuaMoitra Amazed to see some comments. Log mar rahe hai but kucch log and bhi Hindu Muslim Modi Modi, election election kar rahe hai \ud83d\ude21 Ye hain asli traitor. Sharam karo!"
        },
        {
            "tweet_id": "1385808337615212549",
            "tweet": "@MahuaMoitra Jab Media, SC bik Jaaye to aisa hi hota hai.. But a day will come soon when they will feel this"
        },
        {
            "tweet_id": "1385808412710035460",
            "tweet": "@MahuaMoitra @MadhuPatil836 Next Week \ud83e\udd23"
        },
        {
            "tweet_id": "1385808445085945862",
            "tweet": "@MahuaMoitra The supreme judges work for one individual and not  india."
        },
        {
            "tweet_id": "1385808470167867397",
            "tweet": "@MahuaMoitra SC should renamed as Sarkari Chatukar(\u09b8\u09b0\u0995\u09be\u09b0\u09bf \u099a\u09be\u099f\u09c1\u0995\u09be\u09b0) from Supreme Court"
        },
        {
            "tweet_id": "1385808823370149889",
            "tweet": "@MahuaMoitra Sab Ram bharose hai madem ."
        },
        {
            "tweet_id": "1385809028802961410",
            "tweet": "@MahuaMoitra @paranjoygt \u0909\u0928\u0915\u094b retirement plan \u0915\u0947 \u0938\u093e\u0925 \u090f\u0915 motorcycle \u0914\u0930 \u090f\u0915 \u0915\u0948\u092e\u0930\u093e \u092e\u093f\u0932 \u091a\u0941\u0915\u093e \u0939\u0948\u0964"
        },
        {
            "tweet_id": "1385809514004303874",
            "tweet": "@MahuaMoitra Such a shameful decision by paid judges."
        },
        {
            "tweet_id": "1385810003513257985",
            "tweet": "@MahuaMoitra Empty vessel forgot to mention that CM cum HM of WB was so busy that she was not present in the Covid management meeting.  Oh sorry... She was campaigning for election."
        },
        {
            "tweet_id": "1385810270094692354",
            "tweet": "@MahuaMoitra Our fate madam"
        },
        {
            "tweet_id": "1385810386859950087",
            "tweet": "@MahuaMoitra This validates why the judicial system in our country is just a joke. Only a people\u2019s revolution can clean this already rotten system."
        },
        {
            "tweet_id": "1385810534440660997",
            "tweet": "@MahuaMoitra You are absolutely right"
        },
        {
            "tweet_id": "1385810982010687488",
            "tweet": "@MahuaMoitra Arnab got a hearing within 2 days. It seems he is more important than lives"
        },
        {
            "tweet_id": "1385811080354566156",
            "tweet": "@MahuaMoitra There os no supreme court. It becomes bjps court"
        },
        {
            "tweet_id": "1385811483867504641",
            "tweet": "@MahuaMoitra @rpuni And not let HCs hear it as well"
        },
        {
            "tweet_id": "1385811918959509506",
            "tweet": "@MahuaMoitra Arnab hota to hearing abhi ho jaati\nPlease ask Arnab to ask supreme court for this\nUski wahaan par bahut chalti hai"
        },
        {
            "tweet_id": "1385812317619687425",
            "tweet": "@MahuaMoitra Shame on UnSupreme Court"
        },
        {
            "tweet_id": "1385812528710635523",
            "tweet": "@MahuaMoitra Sab sale bike hue hain...."
        },
        {
            "tweet_id": "1385812611606929412",
            "tweet": "@MahuaMoitra Time is Money...\nTime is Life....\nTime is Everything...\n\nWe are where we are because of complacency through the window of preparedness.....\n\nJAAGO SC/GOI JAAGO.....\n\nAll this blood will be on your hands...."
        },
        {
            "tweet_id": "1385812905010950146",
            "tweet": "@MahuaMoitra SC will adjourn the matter for another 4 weeks for the states to file their response. \nTareek pe tareek.\nIt's like Judiciary during Nazi Germany.",
            "replies": [
                {
                    "tweet_id": "1386314303125458948",
                    "tweet": "@RajKuma47739261 @MahuaMoitra True"
                }
            ]
        },
        {
            "tweet_id": "1385813591568179201",
            "tweet": "@MahuaMoitra NO VALUE OF COMMON PEOPLE LIFE."
        },
        {
            "tweet_id": "1385813853536063493",
            "tweet": "@MahuaMoitra Is it still contempt of court to call out the recently retired CJI..."
        },
        {
            "tweet_id": "1385814405481336834",
            "tweet": "@MahuaMoitra Anyhow cow's. And arnab safe"
        }
    ]
}