{
    "tweet_id": "1394942092325974020",
    "tweet": "Proud to be a Hindu\nWe are proud of Nathuram Godse\ud83d\ude4f\n#\u0928\u093e\u0925\u0942\u0930\u093e\u092e_\u0917\u094b\u0921\u0938\u0947_\u0905\u092e\u0930_\u0930\u0939\u0947\u0902 https://t.co/mwpVDk1kI",
    "comments": [
        {
            "tweet_id": "1394955697209716740",
            "tweet": "@AmitsharmaGRENO @YamrajFromHell Jai Shri Ram"
        },
        {
            "tweet_id": "1394960584274333703",
            "tweet": "@AmitsharmaGRENO @YamrajFromHell \u0928\u093e\u0925\u0942\u0930\u093e\u092e \u0917\u094b\u0921\u0938\u0947 \u0905\u092e\u0930 \u0930\u0939\u0947 \ud83c\uddee\ud83c\uddf3 \u091c\u092f \u092d\u093e\u0930\u0924 \ud83c\uddee\ud83c\uddf3"
        },
        {
            "tweet_id": "1394960924017037323",
            "tweet": "@AmitsharmaGRENO @YamrajFromHell my hero"
        },
        {
            "tweet_id": "1394960987078467584",
            "tweet": "@AmitsharmaGRENO @YamrajFromHell Pahle ganga clean karle \nDead bodies pare hai",
            "replies": [
                {
                    "tweet_id": "1394973515372240898",
                    "tweet": "@MdArman47016502 @AmitsharmaGRENO @YamrajFromHell Ek or jihadi reported"
                }
            ]
        },
        {
            "tweet_id": "1394966146311467014",
            "tweet": "@AmitsharmaGRENO @YamrajFromHell Nahi kuch mukhbeer/mafi veer bhi hote hai"
        },
        {
            "tweet_id": "1394975872357224448",
            "tweet": "@AmitsharmaGRENO @YamrajFromHell \u0935\u0939 \u090f\u0915 \u0905\u092a\u0930\u093e\u0927\u0940 \u0925\u093e\u0964"
        },
        {
            "tweet_id": "1394977615463784457",
            "tweet": "@AmitsharmaGRENO @YamrajFromHell \u0905\u0902\u0927\u092d\u0915\u094d\u0924\u093f \u0915\u093e \u092d\u0940 \u090f\u0915 \u0938\u0940\u092e\u093e \u0939\u094b\u0924\u0940 \u0939\u0948 #nathuramgodsemurdabad"
        },
        {
            "tweet_id": "1394977779666587648",
            "tweet": "@AmitsharmaGRENO @YamrajFromHell Am unfollowing u. A murderer cannot be a hero. Murder cant b a solution. Tomo people wil celebrate rapists too if he happened to outrage modesty of some1 u didnt approve of. Himduism taught 2 respect all religions. U reflect ur class thoughts n upbringing"
        },
        {
            "tweet_id": "1395017148100079617",
            "tweet": "@AmitsharmaGRENO @YamrajFromHell \u0928\u093e\u0925\u0942\u0930\u093e\u092e \u0906\u0924\u0902\u0915\u0935\u093e\u0926\u093f \u092e\u0941\u0930\u094d\u0926\u093e\u092c\u093e\u0926 \u092e\u0939\u093e\u0924\u094d\u092e\u093e \u0917\u093e\u0902\u0927\u0940 \u091c\u093f\u0928\u094d\u0926\u093e\u092c\u093e\u0926"
        },
        {
            "tweet_id": "1394961054896173056",
            "tweet": "@AmitsharmaGRENO @YamrajFromHell Saved nation, saved Hindu and Hindutva. Real Nationalist.\n\u0938\u091a\u094d\u091a\u0947 \u0926\u0947\u0936\u092d\u0915\u094d\u0924\u0928\u0947 \u0930\u093e\u0937\u094d\u091f\u094d\u0930, \u0939\u093f\u0902\u0926\u0942 \u0924\u0925\u093e \u0939\u093f\u0902\u0926\u0941\u0924\u094d\u0935\u0915\u0947\u0932\u0940\u092f\u0947 \u0916\u0941\u0926\u0915\u093e \u091c\u0940\u0935\u0928 \u0938\u092e\u0930\u094d\u092a\u093f\u0924 \u0915\u093f\u092f\u093e!"
        },
        {
            "tweet_id": "1394945651226468353",
            "tweet": "@AmitsharmaGRENO @YamrajFromHell Gaay ka mutt piya kiya ? \ud83d\ude02\ud83d\ude02 , Kam padd jay to bata dena... I will contribute \ud83e\udd23",
            "replies": [
                {
                    "tweet_id": "1394954744402268162",
                    "tweet": "@King45679 @AmitsharmaGRENO @YamrajFromHell \u20b9 2 has been credited to your account. Thank you for using our toolkit. \n\nWe will look forward for more business with you. \nRegards, \nINC official Toolkit \n\nSignatory- \nRahul Gandhi \nSonia Gandhi\nPriyanka Gandhi"
                }
            ]
        },
        {
            "tweet_id": "1394955454636302337",
            "tweet": "@AmitsharmaGRENO @YamrajFromHell Bag bsdk godse murdabaad"
        },
        {
            "tweet_id": "1394956360610160643",
            "tweet": "@AmitsharmaGRENO @YamrajFromHell Yeh angrejon ka chamcha tha na"
        },
        {
            "tweet_id": "1394956776035004418",
            "tweet": "@AmitsharmaGRENO @YamrajFromHell Fuck godse"
        },
        {
            "tweet_id": "1394958948952940549",
            "tweet": "@AmitsharmaGRENO @YamrajFromHell Ek nehhate aadmi ko goli mardi ye hinhu nahi ho sakta"
        },
        {
            "tweet_id": "1394970634011172867",
            "tweet": "@AmitsharmaGRENO @YamrajFromHell You mean to say you are proud of India's first Hindutva terrorist. Shame"
        },
        {
            "tweet_id": "1394988719531347972",
            "tweet": "@AmitsharmaGRENO @YamrajFromHell #\u0906\u0924\u0902\u0915\u0935\u093e\u0926\u0940_\u0928\u093e\u0925\u0941\u0930\u093e\u092e_\u0917\u094b\u0921\u0938\u0947_\u092e\u0941\u0930\u094d\u0926\u093e\u092c\u093e\u0926 \n#\u0906\u0924\u0902\u0915\u0935\u093e\u0926\u0940_\u0928\u093e\u0925\u0941\u0930\u093e\u092e_\u0917\u094b\u0921\u0938\u0947_\u092e\u0941\u0930\u094d\u0926\u093e\u092c\u093e\u0926 \n#\u0906\u0924\u0902\u0915\u0935\u093e\u0926\u0940_\u0928\u093e\u0925\u0941\u0930\u093e\u092e_\u0917\u094b\u0921\u0938\u0947_\u092e\u0941\u0930\u094d\u0926\u093e\u092c\u093e\u0926 #\u0906\u0924\u0902\u0915\u0935\u093e\u0926\u0940_\u0928\u093e\u0925\u0941\u0930\u093e\u092e_\u0917\u094b\u0921\u0938\u0947_\u092e\u0941\u0930\u094d\u0926\u093e\u092c\u093e\u0926 #\u0906\u0924\u0902\u0915\u0935\u093e\u0926\u0940_\u0928\u093e\u0925\u0941\u0930\u093e\u092e_\u0917\u094b\u0921\u0938\u0947_\u092e\u0941\u0930\u094d\u0926\u093e\u092c\u093e\u0926 #\u0906\u0924\u0902\u0915\u0935\u093e\u0926\u0940_\u0928\u093e\u0925\u0941\u0930\u093e\u092e_\u0917\u094b\u0921\u0938\u0947_\u092e\u0941\u0930\u094d\u0926\u093e\u092c\u093e\u0926 #\u0906\u0924\u0902\u0915\u0935\u093e\u0926\u0940_\u0928\u093e\u0925\u0941\u0930\u093e\u092e_\u0917\u094b\u0921\u0938\u0947_\u092e\u0941\u0930\u094d\u0926\u093e\u092c\u093e\u0926 #\u0906\u0924\u0902\u0915\u0935\u093e\u0926\u0940_\u0928\u093e\u0925\u0941\u0930\u093e\u092e_\u0917\u094b\u0921\u0938\u0947_\u092e\u0941\u0930\u094d\u0926\u093e\u092c\u093e\u0926"
        },
        {
            "tweet_id": "1395006753478045701",
            "tweet": "@AmitsharmaGRENO @YamrajFromHell Nathuram Godse was a Legend and true Indian."
        },
        {
            "tweet_id": "1395010225837527052",
            "tweet": "@AmitsharmaGRENO @YamrajFromHell Ek tarf tum Gandhi Jayanti manate ho sath hi atanky Nathu ka gun gan karte ho.. Majra kia he... ?"
        },
        {
            "tweet_id": "1394962837945131010",
            "tweet": "@AmitsharmaGRENO @YamrajFromHell For the idiots who are trending #\u0928\u093e\u0925\u0942\u0930\u093e\u092e_\u0917\u094b\u0921\u0938\u0947_\u0905\u092e\u0930_\u0930\u0939\u0947\u0902 \n\n#Terrorist_Godse https://t.co/qkS2kIX1Kt"
        },
        {
            "tweet_id": "1394979786615926784",
            "tweet": "@AmitsharmaGRENO @YamrajFromHell #Godse_Sanghiyo_Ka_Baap"
        },
        {
            "tweet_id": "1395001782825197573",
            "tweet": "@AmitsharmaGRENO @YamrajFromHell #\u0928\u093e\u0925\u0942\u0930\u093e\u092e_\u0917\u094b\u0921\u0938\u0947_\u0905\u092e\u0930_\u0930\u0939\u0947\u0902\n#\u0928\u093e\u0925\u0942\u0930\u093e\u092e_\u0917\u094b\u0921\u0938\u0947_\u0905\u092e\u0930_\u0930\u0939\u0947\u0902\n#\u0928\u093e\u0925\u0942\u0930\u093e\u092e_\u0917\u094b\u0921\u0938\u0947_\u0905\u092e\u0930_\u0930\u0939\u0947\u0902\n#\u0928\u093e\u0925\u0942\u0930\u093e\u092e_\u0917\u094b\u0921\u0938\u0947_\u0905\u092e\u0930_\u0930\u0939\u0947\u0902\n#\u0928\u093e\u0925\u0942\u0930\u093e\u092e_\u0917\u094b\u0921\u0938\u0947_\u0905\u092e\u0930_\u0930\u0939\u0947\u0902\n#\u0928\u093e\u0925\u0942\u0930\u093e\u092e_\u0917\u094b\u0921\u0938\u0947_\u0905\u092e\u0930_\u0930\u0939\u0947\u0902\n#\u0928\u093e\u0925\u0942\u0930\u093e\u092e_\u0917\u094b\u0921\u0938\u0947_\u0905\u092e\u0930_\u0930\u0939\u0947\u0902\n#\u0928\u093e\u0925\u0942\u0930\u093e\u092e_\u0917\u094b\u0921\u0938\u0947_\u0905\u092e\u0930_\u0930\u0939\u0947\u0902\n#\u0928\u093e\u0925\u0942\u0930\u093e\u092e_\u0917\u094b\u0921\u0938\u0947_\u0905\u092e\u0930_\u0930\u0939\u0947\u0902\n#\u0928\u093e\u0925\u0942\u0930\u093e\u092e_\u0917\u094b\u0921\u0938\u0947_\u0905\u092e\u0930_\u0930\u0939\u0947\u0902\n#\u0928\u093e\u0925\u0942\u0930\u093e\u092e_\u0917\u094b\u0921\u0938\u0947_\u0905\u092e\u0930_\u0930\u0939\u0947\u0902"
        },
        {
            "tweet_id": "1394972366535598081",
            "tweet": "@AmitsharmaGRENO @YamrajFromHell \u092c\u0940\u091c\u0947\u092a\u0940 \u0906\u0908\u091f\u0940 \u0938\u0947\u0932 \u0914\u0930 \u0926\u0947\u0936 \u0915\u0947 \u0917\u0926\u094d\u0926\u093e\u0930 \u0906\u091c \u091f\u094d\u0930\u0947\u0902\u0921 \u0915\u0930\u0935\u093e \u0930\u0939\u0947 \u0939\u0948\u0902 \"\u0928\u093e\u0925\u0942\u0930\u093e\u092e \u0917\u094b\u0921\u0938\u0947 \u0905\u092e\u0930 \u0930\u0939\u0947\" \n\u0932\u0947\u0915\u093f\u0928 \u091c\u094b \u0938\u091a\u094d\u091a\u0947 \u0926\u0947\u0936\u092d\u0915\u094d\u0924 \u0939\u0948\u0902 \u0914\u0930 \u091c\u093f\u0928\u094d\u0939\u0947\u0902 \u0926\u0947\u0936 \u0915\u0940 \u090f\u0915\u0924\u093e \u0914\u0930 \u0905\u0916\u0902\u0921\u0924\u093e \u0938\u0947 \u092a\u094d\u092f\u093e\u0930 \u0939\u0948, \u0935\u0939 \u0938\u092c \u092e\u093f\u0932\u0915\u0930 \u091f\u094d\u0930\u0947\u0902\u0921 \u0915\u0930\u0947\u0902\n#\u0917\u094b\u0921\u0938\u0947_\u0939\u0924\u094d\u092f\u093e\u0930\u093e"
        }
    ]
}