{
    "tweet_id": "1393764797859078144",
    "tweet": "Sheer injustice is happening with innocent Sant Shri Asharamji Bapu.\n\nHe is fabricated in a bogus case .\n\nThe said girl was major at that time. \n\nWe demand Justice for Bapuji\n\n#\u0905\u0928\u094d\u092f\u093e\u092f_\u0915\u0940_\u0938\u093e\u0930\u0940_\u0939\u0926\u0947\u0902_\u092a\u093e\u0930 https://t.co/cn3FkFNy9c",
    "comments": [
        {
            "tweet_id": "1393847550457745423",
            "tweet": "@BrijPal43219651 Judiciary doesn't work by listening to paid voices...."
        },
        {
            "tweet_id": "1393873025758633985",
            "tweet": "@BrijPal43219651 Sahi baat gufa m mja lene wali tadap rahi hongi"
        },
        {
            "tweet_id": "1393892763192549379",
            "tweet": "@BrijPal43219651 \u0905\u092c \u0924\u094b \u0939\u092e\u0947\u0902 \u0928\u094d\u092f\u093e\u092f\u093e\u0932\u092f \u0938\u0947 \u092d\u0940 \u092d\u0930\u094b\u0938\u093e \u0909\u0920\u0928\u0947 \u0932\u0917 \u0917\u092f\u093e"
        },
        {
            "tweet_id": "1393811811879686144",
            "tweet": "@BrijPal43219651 Fasi do sale ko"
        },
        {
            "tweet_id": "1393824299006369794",
            "tweet": "@BrijPal43219651 Was he not convicted for rape?"
        },
        {
            "tweet_id": "1393828959180050435",
            "tweet": "@BrijPal43219651 Ohh So if she was not a minor then the crime was not committed, right? C'mon man have some trust at least in the Judicial body rather than the accused!  Let me remind you that he has many other\"BOGUS CASES\" as u say still on trial..."
        },
        {
            "tweet_id": "1393830889323319300",
            "tweet": "@BrijPal43219651 Khud latak ja bapu ki jagah it I hi chhul h to or bacha le"
        },
        {
            "tweet_id": "1393846190878257153",
            "tweet": "@BrijPal43219651 Rapists hai woh."
        },
        {
            "tweet_id": "1393851963096244226",
            "tweet": "@BrijPal43219651 \u092c\u0939\u094b\u0924 \u0936\u0930\u094d\u092e \u0915\u0940 \u092c\u093e\u0924 \u0939\u0948 \u0907\u0938 \u092c\u0932\u093e\u0924\u094d\u0915\u093e\u0930\u0940 \u0915\u0940 \u0930\u093f\u0939\u093e\u0908 \u0915\u094b \u092e\u093e\u0902\u0917 \u0915\u0930\u0928\u0947 \u0935\u093e\u0932\u094b"
        },
        {
            "tweet_id": "1393942554643554309",
            "tweet": "@BrijPal43219651 Hello he is a rapist still showing sympathy to him"
        },
        {
            "tweet_id": "1393769459160997890",
            "tweet": "@BrijPal43219651 \u0915\u0930\u094b\u0921\u093c\u094b\u0902 \u0932\u094b\u0917\u094b\u0902 \u0915\u0940 \u092e\u093e\u0902\u0917 Justice for Bapuji \u0914\u0931  Sant Shri Asharamji Bapu \u0915\u0947 \u0916\u093f\u0932\u093e\u092b \u0915\u094b\u0908 \u0938\u092c\u0942\u0924 \u0938\u093e\u092c\u093f\u0924 \u0928\u0939\u0940\u0902 \u0939\u094b\u0928\u0947 \u0915\u0947 \u092c\u093e\u0926 \u092d\u0940 \u0924\u093e\u0930\u0940\u0916 \u092a\u0930 \u0924\u093e\u0930\u0940\u0916 \u0915\u0947\u0938 #\u0905\u0928\u094d\u092f\u093e\u092f_\u0915\u0940_\u0938\u093e\u0930\u0940_\u0939\u0926\u0947\u0902_\u092a\u093e\u0930 \u092a\u0939\u0941\u0901\u091a \u0917\u092f\u093e \u0939\u0948\u0964\nhttps://t.co/nA0G3tB2BD"
        },
        {
            "tweet_id": "1393942368911568904",
            "tweet": "@BrijPal43219651 We must concentrate en masse .. for the same cause .. for the definitive release of Puyja Bapuji \ud83c\udf39 and make an echo in the international media for the violations of fundamental human rights and go to the international court (France) with a lawyer specialized in fundamental law."
        }
    ]
}