{
    "tweet_id": "1392333796901408771",
    "tweet": "Madarchomd Palestine...If the swara bhaskar is supporting you.. then you really deserve what Israel doing with you.\n#IndiaStandsWithIsrael",
    "comments": [
        {
            "tweet_id": "1392334007161868294",
            "tweet": "@GareeboOP #IndiaStandsWithIsrael"
        },
        {
            "tweet_id": "1392336707308060672",
            "tweet": "@GareeboOP \ud83e\udd23\ud83e\udd23"
        },
        {
            "tweet_id": "1392347106208206849",
            "tweet": "@GareeboOP Best\ud83d\ude02\ud83d\ude02",
            "replies": [
                {
                    "tweet_id": "1392350511270010882",
                    "tweet": "@HinduBee \ud83d\ude02\ud83d\ude02"
                }
            ]
        },
        {
            "tweet_id": "1392365564320882693",
            "tweet": "@GareeboOP #IndiaStandsWithPalestine"
        },
        {
            "tweet_id": "1392492201184141312",
            "tweet": "@GareeboOP Absolutely \ud83d\ude02\ud83d\ude02\ud83d\ude0e\ud83e\udd18\ud83c\udffb",
            "replies": [
                {
                    "tweet_id": "1392492595171893252",
                    "tweet": "@God_OfHumour \ud83d\ude02"
                }
            ]
        },
        {
            "tweet_id": "1392395746884816899",
            "tweet": "@GareeboOP Yes we will destroy it https://t.co/1q3W8w4Pht"
        },
        {
            "tweet_id": "1392465722433933316",
            "tweet": "@GareeboOP @memenist_ hello @ReallySwara \naa gayaa swaad ?"
        },
        {
            "tweet_id": "1392342699835985921",
            "tweet": "@GareeboOP OP \ud83d\ude02\ud83d\ude02\ud83d\ude02\ud83d\udd25\ud83d\udd25\ud83d\udd25\ud83d\udd25\ud83d\udd25",
            "replies": [
                {
                    "tweet_id": "1392350575908462592",
                    "tweet": "@em__nightmare_ \ud83d\ude02\ud83d\ude02\ud83d\udc4f"
                }
            ]
        }
    ]
}