{
    "tweet_id": "1390947358813261824",
    "tweet": "Wow what a life \ud83e\udd18.... No social distancing no mask... Report says Wuhan city r virus free now...how the fuck this happened and when no media cover no case reports clearly all r hiding something very serious.#wuhanlab secrets we want to know the truth..\ud83d\ude24 https://t.co/XTpdDjanhq",
    "comments": [
        {
            "tweet_id": "1392459792682258436",
            "tweet": "@toomuchlucky I agree !!"
        },
        {
            "tweet_id": "1392980736400109568",
            "tweet": "@toomuchlucky Agree!"
        }
    ]
}